// GENERATED FILE - do not edit by hand.
//
// Produced by assets/convert_logo.py from logo.png
// (260x170, RGB565, transparency flattened onto black).
// Re-run that script after changing the artwork.
//
// Compiled only when the firmware is built with -DIDLE_LOGO=ON.

#include "lvgl/lvgl.h"

static const uint8_t idle_logo_map[] = {
    0x00, 0x00, 0x00, 0x00, 0x00, 0x00, 0x00, 0x00, 0x00, 0x00, 0x00, 0x00, 0x00, 0x00, 0x00, 0x00,
    0x00, 0x00, 0x00, 0x00, 0x00, 0x00, 0x00, 0x00, 0x00, 0x00, 0x00, 0x00, 0x00, 0x00, 0x00, 0x00,
    0x00, 0x00, 0x00, 0x00, 0x00, 0x00, 0x00, 0x00, 0x00, 0x00, 0x00, 0x00, 0x00, 0x00, 0x00, 0x00,
    0x00, 0x00, 0x00, 0x00, 0x00, 0x00, 0x00, 0x00, 0x00, 0x00, 0x00, 0x00, 0x00, 0x00, 0x00, 0x00,
    0x00, 0x00, 0x00, 0x00, 0x00, 0x00, 0x00, 0x00, 0x00, 0x00, 0x00, 0x00, 0x00, 0x00, 0x00, 0x00,
    0x00, 0x00, 0x00, 0x00, 0x00, 0x00, 0x00, 0x00, 0x00, 0x00, 0x00, 0x00, 0x00, 0x00, 0x00, 0x00,
    0x00, 0x00, 0x00, 0x00, 0x00, 0x00, 0x00, 0x00, 0x00, 0x00, 0x00, 0x00, 0x00, 0x00, 0x00, 0x00,
    0x00, 0x00, 0x00, 0x00, 0x00, 0x00, 0x00, 0x00, 0x00, 0x00, 0x00, 0x00, 0x00, 0x00, 0x00, 0x00,
    0x00, 0x00, 0x00, 0x00, 0x00, 0x00, 0x00, 0x00, 0x00, 0x00, 0x00, 0x00, 0x00, 0x00, 0x00, 0x00,
    0x00, 0x00, 0x00, 0x00, 0x00, 0x00, 0x00, 0x00, 0x00, 0x00, 0x00, 0x00, 0x00, 0x00, 0x00, 0x00,
    0x00, 0x00, 0x00, 0x00, 0x00, 0x00, 0x00, 0x00, 0x00, 0x00, 0x00, 0x00, 0x00, 0x00, 0x00, 0x00,
    0x00, 0x00, 0x00, 0x00, 0x00, 0x00, 0x00, 0x00, 0x00, 0x00, 0x00, 0x00, 0x00, 0x00, 0x00, 0x00,
    0x00, 0x00, 0x00, 0x00, 0x00, 0x00, 0x00, 0x00, 0x00, 0x00, 0x00, 0x00, 0x00, 0x00, 0x00, 0x00,
    0x00, 0x00, 0x00, 0x00, 0x00, 0x00, 0x00, 0x00, 0x00, 0x00, 0x00, 0x00, 0x00, 0x00, 0x00, 0x00,
    0x00, 0x00, 0x00, 0x00, 0x00, 0x00, 0x00, 0x00, 0x00, 0x00, 0x00, 0x00, 0x00, 0x00, 0x00, 0x00,
    0x00, 0x00, 0x00, 0x00, 0x00, 0x00, 0x00, 0x00, 0x00, 0x00, 0x00, 0x00, 0x00, 0x00, 0x00, 0x00,
    0x00, 0x00, 0x00, 0x00, 0x00, 0x00, 0x00, 0x00, 0x00, 0x00, 0x00, 0x00, 0x00, 0x00, 0x00, 0x00,
    0x00, 0x00, 0x00, 0x00, 0x00, 0x00, 0x00, 0x00, 0x00, 0x00, 0x00, 0x00, 0x00, 0x00, 0x00, 0x00,
    0x00, 0x00, 0x00, 0x00, 0x00, 0x00, 0x00, 0x00, 0x00, 0x00, 0x00, 0x00, 0x00, 0x00, 0x00, 0x00,
    0x00, 0x00, 0x00, 0x00, 0x00, 0x00, 0x00, 0x00, 0x00, 0x00, 0x00, 0x00, 0x00, 0x00, 0x00, 0x00,
    0x00, 0x00, 0x00, 0x00, 0x00, 0x00, 0x00, 0x00, 0x00, 0x00, 0x00, 0x00, 0x00, 0x00, 0x00, 0x00,
    0x00, 0x00, 0x00, 0x00, 0x00, 0x00, 0x00, 0x00, 0x00, 0x00, 0x00, 0x00, 0x00, 0x00, 0x00, 0x00,
    0x00, 0x00, 0x00, 0x00, 0x00, 0x00, 0x00, 0x00, 0x00, 0x00, 0x00, 0x00, 0x00, 0x00, 0x00, 0x00,
    0x00, 0x00, 0x00, 0x00, 0x00, 0x00, 0x00, 0x00, 0x00, 0x00, 0x00, 0x00, 0x00, 0x00, 0x00, 0x00,
    0x00, 0x00, 0x00, 0x00, 0x00, 0x00, 0x00, 0x00, 0x00, 0x00, 0x00, 0x00, 0x00, 0x00, 0x00, 0x00,
    0x00, 0x00, 0x00, 0x00, 0x00, 0x00, 0x00, 0x00, 0x00, 0x00, 0x00, 0x00, 0x00, 0x00, 0x00, 0x00,
    0x00, 0x00, 0x00, 0x00, 0x00, 0x00, 0x00, 0x00, 0x00, 0x00, 0x00, 0x00, 0x00, 0x00, 0x00, 0x00,
    0x00, 0x00, 0x00, 0x00, 0x00, 0x00, 0x00, 0x00, 0x00, 0x00, 0x00, 0x00, 0x00, 0x00, 0x00, 0x00,
    0x00, 0x00, 0x00, 0x00, 0x00, 0x00, 0x00, 0x00, 0x00, 0x00, 0x00, 0x00, 0x00, 0x00, 0x00, 0x00,
    0x00, 0x00, 0x00, 0x00, 0x00, 0x00, 0x00, 0x00, 0x00, 0x00, 0x00, 0x00, 0x00, 0x00, 0x00, 0x00,
    0x00, 0x00, 0x00, 0x00, 0x00, 0x00, 0x00, 0x00, 0x00, 0x00, 0x00, 0x00, 0x00, 0x00, 0x00, 0x00,
    0x00, 0x00, 0x00, 0x00, 0x00, 0x00, 0x00, 0x00, 0x00, 0x00, 0x00, 0x00, 0x00, 0x00, 0x00, 0x00,
    0x00, 0x00, 0x00, 0x00, 0x00, 0x00, 0x00, 0x00, 0x00, 0x00, 0x00, 0x00, 0x00, 0x00, 0x00, 0x00,
    0x00, 0x00, 0x00, 0x00, 0x00, 0x00, 0x00, 0x00, 0x00, 0x00, 0x00, 0x00, 0x00, 0x00, 0x00, 0x00,
    0x00, 0x00, 0x00, 0x00, 0x00, 0x00, 0x00, 0x00, 0x00, 0x00, 0x00, 0x00, 0x00, 0x00, 0x00, 0x00,
    0x00, 0x00, 0x00, 0x00, 0x00, 0x00, 0x00, 0x00, 0x00, 0x00, 0x00, 0x00, 0x00, 0x00, 0x00, 0x00,
    0x00, 0x00, 0x00, 0x00, 0x00, 0x00, 0x00, 0x00, 0x00, 0x00, 0x00, 0x00, 0x00, 0x00, 0x00, 0x00,
    0x00, 0x00, 0x00, 0x00, 0x00, 0x00, 0x00, 0x00, 0x00, 0x00, 0x00, 0x00, 0x00, 0x00, 0x00, 0x00,
    0x00, 0x00, 0x00, 0x00, 0x00, 0x00, 0x00, 0x00, 0x00, 0x00, 0x00, 0x00, 0x00, 0x00, 0x00, 0x00,
    0x00, 0x00, 0x00, 0x00, 0x00, 0x00, 0x00, 0x00, 0x00, 0x00, 0x00, 0x00, 0x00, 0x00, 0x00, 0x00,
    0x00, 0x00, 0x00, 0x00, 0x00, 0x00, 0x00, 0x00, 0x00, 0x00, 0x00, 0x00, 0x00, 0x00, 0x00, 0x00,
    0x00, 0x00, 0x00, 0x00, 0x00, 0x00, 0x00, 0x00, 0x00, 0x00, 0x00, 0x00, 0x00, 0x00, 0x00, 0x00,
    0x00, 0x00, 0x00, 0x00, 0x00, 0x00, 0x00, 0x00, 0x00, 0x00, 0x00, 0x00, 0x00, 0x00, 0x00, 0x00,
    0x00, 0x00, 0x00, 0x00, 0x00, 0x00, 0x00, 0x00, 0x00, 0x00, 0x00, 0x00, 0x00, 0x00, 0x00, 0x00,
    0x00, 0x00, 0x00, 0x00, 0x00, 0x00, 0x00, 0x00, 0x00, 0x00, 0x00, 0x00, 0x00, 0x00, 0x00, 0x00,
    0x00, 0x00, 0x00, 0x00, 0x00, 0x00, 0x00, 0x00, 0x00, 0x00, 0x00, 0x00, 0x00, 0x00, 0x00, 0x00,
    0x00, 0x00, 0x00, 0x00, 0x00, 0x00, 0x00, 0x00, 0x00, 0x00, 0x00, 0x00, 0x00, 0x00, 0x00, 0x00,
    0x00, 0x00, 0x00, 0x00, 0x00, 0x00, 0x00, 0x00, 0x00, 0x00, 0x00, 0x00, 0x00, 0x00, 0x00, 0x00,
    0x00, 0x00, 0x00, 0x00, 0x00, 0x00, 0x00, 0x00, 0x00, 0x00, 0x00, 0x00, 0x00, 0x00, 0x00, 0x00,
    0x00, 0x00, 0x00, 0x00, 0x00, 0x00, 0x00, 0x00, 0x00, 0x00, 0x00, 0x00, 0x00, 0x00, 0x00, 0x00,
    0x00, 0x00, 0x00, 0x00, 0x00, 0x00, 0x00, 0x00, 0x00, 0x00, 0x00, 0x00, 0x00, 0x00, 0x00, 0x00,
    0x00, 0x00, 0x00, 0x00, 0x00, 0x00, 0x00, 0x00, 0x00, 0x00, 0x00, 0x00, 0x00, 0x00, 0x00, 0x00,
    0x00, 0x00, 0x00, 0x00, 0x00, 0x00, 0x00, 0x00, 0x00, 0x00, 0x00, 0x00, 0x00, 0x00, 0x00, 0x00,
    0x00, 0x00, 0x00, 0x00, 0x00, 0x00, 0x00, 0x00, 0x00, 0x00, 0x00, 0x00, 0x00, 0x00, 0x00, 0x00,
    0x00, 0x00, 0x00, 0x00, 0x00, 0x00, 0x00, 0x00, 0x00, 0x00, 0x00, 0x00, 0x00, 0x00, 0x00, 0x00,
    0x00, 0x00, 0x00, 0x00, 0x00, 0x00, 0x00, 0x00, 0x00, 0x00, 0x00, 0x00, 0x00, 0x00, 0x00, 0x00,
    0x00, 0x00, 0x00, 0x00, 0x00, 0x00, 0x00, 0x00, 0x00, 0x00, 0x00, 0x00, 0x00, 0x00, 0x00, 0x00,
    0x00, 0x00, 0x00, 0x00, 0x00, 0x00, 0x00, 0x00, 0x00, 0x00, 0x00, 0x00, 0x00, 0x00, 0x00, 0x00,
    0x00, 0x00, 0x00, 0x00, 0x00, 0x00, 0x00, 0x00, 0x00, 0x00, 0x00, 0x00, 0x00, 0x00, 0x00, 0x00,
    0x00, 0x00, 0x00, 0x00, 0x00, 0x00, 0x00, 0x00, 0x00, 0x00, 0x00, 0x00, 0x00, 0x00, 0x00, 0x00,
    0x00, 0x00, 0x00, 0x00, 0x00, 0x00, 0x00, 0x00, 0x00, 0x00, 0x00, 0x00, 0x00, 0x00, 0x00, 0x00,
    0x00, 0x00, 0x00, 0x00, 0x00, 0x00, 0x00, 0x00, 0x00, 0x00, 0x00, 0x00, 0x00, 0x00, 0x00, 0x00,
    0x00, 0x00, 0x00, 0x00, 0x00, 0x00, 0x00, 0x00, 0x00, 0x00, 0x00, 0x00, 0x00, 0x00, 0x00, 0x00,
    0x00, 0x00, 0x00, 0x00, 0x00, 0x00, 0x00, 0x00, 0x00, 0x00, 0x00, 0x00, 0x00, 0x00, 0x00, 0x00,
    0x00, 0x00, 0x00, 0x00, 0x00, 0x00, 0x00, 0x00, 0x00, 0x00, 0x00, 0x00, 0x00, 0x00, 0x00, 0x00,
    0x00, 0x00, 0x00, 0x00, 0x00, 0x00, 0x00, 0x00, 0x00, 0x00, 0x00, 0x00, 0x00, 0x00, 0x00, 0x00,
    0x00, 0x00, 0x00, 0x00, 0x00, 0x00, 0x00, 0x00, 0x00, 0x00, 0x00, 0x00, 0x00, 0x00, 0x00, 0x00,
    0x00, 0x00, 0x00, 0x00, 0x00, 0x00, 0x00, 0x00, 0x00, 0x00, 0x00, 0x00, 0x00, 0x00, 0x00, 0x00,
    0x00, 0x00, 0x00, 0x00, 0x00, 0x00, 0x00, 0x00, 0x00, 0x00, 0x00, 0x00, 0x00, 0x00, 0x00, 0x00,
    0x00, 0x00, 0x00, 0x00, 0x00, 0x00, 0x00, 0x00, 0x00, 0x00, 0x00, 0x00, 0x00, 0x00, 0x00, 0x00,
    0x00, 0x00, 0x00, 0x00, 0x00, 0x00, 0x00, 0x00, 0x00, 0x00, 0x00, 0x00, 0x00, 0x00, 0x00, 0x00,
    0x00, 0x00, 0x00, 0x00, 0x00, 0x00, 0x00, 0x00, 0x00, 0x00, 0x00, 0x00, 0x00, 0x00, 0x00, 0x00,
    0x00, 0x00, 0x00, 0x00, 0x00, 0x00, 0x00, 0x00, 0x00, 0x00, 0x00, 0x00, 0x00, 0x00, 0x00, 0x00,
    0x00, 0x00, 0x00, 0x00, 0x00, 0x00, 0x00, 0x00, 0x00, 0x00, 0x00, 0x00, 0x00, 0x00, 0x00, 0x00,
    0x00, 0x00, 0x00, 0x00, 0x00, 0x00, 0x00, 0x00, 0x00, 0x00, 0x00, 0x00, 0x00, 0x00, 0x00, 0x00,
    0x00, 0x00, 0x00, 0x00, 0x00, 0x00, 0x00, 0x00, 0x00, 0x00, 0x00, 0x00, 0x00, 0x00, 0x00, 0x00,
    0x00, 0x00, 0x00, 0x00, 0x00, 0x00, 0x00, 0x00, 0x00, 0x00, 0x00, 0x00, 0x00, 0x00, 0x00, 0x00,
    0x00, 0x00, 0x00, 0x00, 0x00, 0x00, 0x00, 0x00, 0x00, 0x00, 0x00, 0x00, 0x00, 0x00, 0x00, 0x00,
    0x00, 0x00, 0x00, 0x00, 0x00, 0x00, 0x00, 0x00, 0x00, 0x00, 0x00, 0x00, 0x00, 0x00, 0x00, 0x00,
    0x00, 0x00, 0x00, 0x00, 0x00, 0x00, 0x00, 0x00, 0x00, 0x00, 0x00, 0x00, 0x00, 0x00, 0x00, 0x00,
    0x00, 0x00, 0x00, 0x00, 0x00, 0x00, 0x00, 0x00, 0x00, 0x00, 0x00, 0x00, 0x00, 0x00, 0x00, 0x00,
    0x00, 0x00, 0x00, 0x00, 0x00, 0x00, 0x00, 0x00, 0x00, 0x00, 0x00, 0x00, 0x00, 0x00, 0x00, 0x00,
    0x00, 0x00, 0x00, 0x00, 0x00, 0x00, 0x00, 0x00, 0x00, 0x00, 0x00, 0x00, 0x00, 0x00, 0x00, 0x00,
    0x00, 0x00, 0x00, 0x00, 0x00, 0x00, 0x00, 0x00, 0x00, 0x00, 0x00, 0x00, 0x00, 0x00, 0x00, 0x00,
    0x00, 0x00, 0x00, 0x00, 0x00, 0x00, 0x00, 0x00, 0x00, 0x00, 0x00, 0x00, 0x00, 0x00, 0x00, 0x00,
    0x00, 0x00, 0x00, 0x00, 0x00, 0x00, 0x00, 0x00, 0x00, 0x00, 0x00, 0x00, 0x00, 0x00, 0x00, 0x00,
    0x00, 0x00, 0x00, 0x00, 0x00, 0x00, 0x00, 0x00, 0x00, 0x00, 0x00, 0x00, 0x00, 0x00, 0x00, 0x00,
    0x00, 0x00, 0x00, 0x00, 0x00, 0x00, 0x00, 0x00, 0x00, 0x00, 0x00, 0x00, 0x00, 0x00, 0x00, 0x00,
    0x00, 0x00, 0x00, 0x00, 0x00, 0x00, 0x00, 0x00, 0x00, 0x00, 0x00, 0x00, 0x00, 0x00, 0x00, 0x00,
    0x00, 0x00, 0x00, 0x00, 0x00, 0x00, 0x00, 0x00, 0x00, 0x00, 0x00, 0x00, 0x00, 0x00, 0x00, 0x00,
    0x00, 0x00, 0x00, 0x00, 0x00, 0x00, 0x00, 0x00, 0x00, 0x00, 0x00, 0x00, 0x00, 0x00, 0x00, 0x00,
    0x00, 0x00, 0x00, 0x00, 0x00, 0x00, 0x00, 0x00, 0x00, 0x00, 0x00, 0x00, 0x00, 0x00, 0x00, 0x00,
    0x00, 0x00, 0x00, 0x00, 0x00, 0x00, 0x00, 0x00, 0x00, 0x00, 0x00, 0x00, 0x00, 0x00, 0x00, 0x00,
    0x00, 0x00, 0x00, 0x00, 0x00, 0x00, 0x00, 0x00, 0x00, 0x00, 0x00, 0x00, 0x00, 0x00, 0x00, 0x00,
    0x00, 0x00, 0x00, 0x00, 0x00, 0x00, 0x00, 0x00, 0x00, 0x00, 0x00, 0x00, 0x00, 0x00, 0x00, 0x00,
    0x00, 0x00, 0x00, 0x00, 0x00, 0x00, 0x00, 0x00, 0x00, 0x00, 0x00, 0x00, 0x00, 0x00, 0x00, 0x00,
    0x00, 0x00, 0x00, 0x00, 0x00, 0x00, 0x00, 0x00, 0x00, 0x00, 0x00, 0x00, 0x00, 0x00, 0x00, 0x00,
    0x00, 0x00, 0x00, 0x00, 0x00, 0x00, 0x00, 0x00, 0x00, 0x00, 0x00, 0x00, 0x00, 0x00, 0x00, 0x00,
    0x00, 0x00, 0x00, 0x00, 0x00, 0x00, 0x00, 0x00, 0x00, 0x00, 0x00, 0x00, 0x00, 0x00, 0x00, 0x00,
    0x00, 0x00, 0x00, 0x00, 0x00, 0x00, 0x00, 0x00, 0x00, 0x00, 0x00, 0x00, 0x00, 0x00, 0x00, 0x00,
    0x00, 0x00, 0x00, 0x00, 0x00, 0x00, 0x00, 0x00, 0x00, 0x00, 0x00, 0x00, 0x00, 0x00, 0x00, 0x00,
    0x00, 0x00, 0x00, 0x00, 0x00, 0x00, 0x00, 0x00, 0x00, 0x00, 0x00, 0x00, 0x00, 0x00, 0x00, 0x00,
    0x00, 0x00, 0x00, 0x00, 0x00, 0x00, 0x00, 0x00, 0x00, 0x00, 0x00, 0x00, 0x00, 0x00, 0x00, 0x00,
    0x00, 0x00, 0x00, 0x00, 0x00, 0x00, 0x00, 0x00, 0x00, 0x00, 0x00, 0x00, 0x00, 0x00, 0x00, 0x00,
    0x00, 0x00, 0x00, 0x00, 0x00, 0x00, 0x00, 0x00, 0x00, 0x00, 0x00, 0x00, 0x00, 0x00, 0x00, 0x00,
    0x00, 0x00, 0x00, 0x00, 0x00, 0x00, 0x00, 0x00, 0x00, 0x00, 0x00, 0x00, 0x00, 0x00, 0x00, 0x00,
    0x00, 0x00, 0x00, 0x00, 0x00, 0x00, 0x00, 0x00, 0x00, 0x00, 0x00, 0x00, 0x00, 0x00, 0x00, 0x00,
    0x00, 0x00, 0x00, 0x00, 0x00, 0x00, 0x00, 0x00, 0x00, 0x00, 0x00, 0x00, 0x00, 0x00, 0x00, 0x00,
    0x00, 0x00, 0x00, 0x00, 0x00, 0x00, 0x00, 0x00, 0x00, 0x00, 0x00, 0x00, 0x00, 0x00, 0x00, 0x00,
    0x00, 0x00, 0x00, 0x00, 0x00, 0x00, 0x00, 0x00, 0x00, 0x00, 0x00, 0x00, 0x00, 0x00, 0x00, 0x00,
    0x00, 0x00, 0x00, 0x00, 0x00, 0x00, 0x00, 0x00, 0x00, 0x00, 0x00, 0x00, 0x00, 0x00, 0x00, 0x00,
    0x00, 0x00, 0x00, 0x00, 0x00, 0x00, 0x00, 0x00, 0x00, 0x00, 0x00, 0x00, 0x00, 0x00, 0x00, 0x00,
    0x00, 0x00, 0x00, 0x00, 0x00, 0x00, 0x00, 0x00, 0x00, 0x00, 0x00, 0x00, 0x00, 0x00, 0x00, 0x00,
    0x00, 0x00, 0x00, 0x00, 0x00, 0x00, 0x00, 0x00, 0x00, 0x00, 0x00, 0x00, 0x00, 0x00, 0x00, 0x00,
    0x00, 0x00, 0x00, 0x00, 0x00, 0x00, 0x00, 0x00, 0x00, 0x00, 0x00, 0x00, 0x00, 0x00, 0x00, 0x00,
    0x00, 0x00, 0x00, 0x00, 0x00, 0x00, 0x00, 0x00, 0x00, 0x00, 0x00, 0x00, 0x00, 0x00, 0x00, 0x00,
    0x00, 0x00, 0x00, 0x00, 0x00, 0x00, 0x00, 0x00, 0x00, 0x00, 0x00, 0x00, 0x00, 0x00, 0x00, 0x00,
    0x00, 0x00, 0x00, 0x00, 0x00, 0x00, 0x00, 0x00, 0x00, 0x00, 0x00, 0x00, 0x00, 0x00, 0x00, 0x00,
    0x00, 0x00, 0x00, 0x00, 0x00, 0x00, 0x00, 0x00, 0x00, 0x00, 0x00, 0x00, 0x00, 0x00, 0x00, 0x00,
    0x00, 0x00, 0x00, 0x00, 0x00, 0x00, 0x00, 0x00, 0x00, 0x00, 0x00, 0x00, 0x00, 0x00, 0x00, 0x00,
    0x00, 0x00, 0x00, 0x00, 0x00, 0x00, 0x00, 0x00, 0x00, 0x00, 0x00, 0x00, 0x00, 0x00, 0x00, 0x00,
    0x00, 0x00, 0x00, 0x00, 0x00, 0x00, 0x00, 0x00, 0x00, 0x00, 0x00, 0x00, 0x00, 0x00, 0x00, 0x00,
    0x00, 0x00, 0x00, 0x00, 0x00, 0x00, 0x00, 0x00, 0x00, 0x00, 0x00, 0x00, 0x00, 0x00, 0x00, 0x00,
    0x00, 0x00, 0x00, 0x00, 0x00, 0x00, 0x00, 0x00, 0x00, 0x00, 0x00, 0x00, 0x00, 0x00, 0x00, 0x00,
    0x00, 0x00, 0x00, 0x00, 0x00, 0x00, 0x00, 0x00, 0x00, 0x00, 0x00, 0x00, 0x00, 0x00, 0x00, 0x00,
    0x00, 0x00, 0x00, 0x00, 0x00, 0x00, 0x00, 0x00, 0x00, 0x00, 0x00, 0x00, 0x00, 0x00, 0x00, 0x00,
    0x00, 0x00, 0x00, 0x00, 0x00, 0x00, 0x00, 0x00, 0x00, 0x00, 0x00, 0x00, 0x00, 0x00, 0x00, 0x00,
    0x00, 0x00, 0x00, 0x00, 0x00, 0x00, 0x00, 0x00, 0x00, 0x00, 0x00, 0x00, 0x00, 0x00, 0x00, 0x00,
    0x00, 0x00, 0x00, 0x00, 0x00, 0x00, 0x00, 0x00, 0x00, 0x00, 0x00, 0x00, 0x00, 0x00, 0x00, 0x00,
    0x00, 0x00, 0x00, 0x00, 0x00, 0x00, 0x00, 0x00, 0x00, 0x00, 0x00, 0x00, 0x00, 0x00, 0x00, 0x00,
    0x00, 0x00, 0x00, 0x00, 0x00, 0x00, 0x00, 0x00, 0x00, 0x00, 0x00, 0x00, 0x00, 0x00, 0x00, 0x00,
    0x00, 0x00, 0x00, 0x00, 0x00, 0x00, 0x00, 0x00, 0x00, 0x00, 0x00, 0x00, 0x00, 0x00, 0x00, 0x00,
    0x00, 0x00, 0x00, 0x00, 0x00, 0x00, 0x00, 0x00, 0x00, 0x00, 0x00, 0x00, 0x00, 0x00, 0x00, 0x00,
    0x00, 0x00, 0x00, 0x00, 0x00, 0x00, 0x00, 0x00, 0x00, 0x00, 0x00, 0x00, 0x00, 0x00, 0x00, 0x00,
    0x00, 0x00, 0x00, 0x00, 0x00, 0x00, 0x00, 0x00, 0x00, 0x00, 0x00, 0x00, 0x00, 0x00, 0x00, 0x00,
    0x00, 0x00, 0x00, 0x00, 0x00, 0x00, 0x00, 0x00, 0x00, 0x00, 0x00, 0x00, 0x00, 0x00, 0x00, 0x00,
    0x00, 0x00, 0x00, 0x00, 0x00, 0x00, 0x00, 0x00, 0x00, 0x00, 0x00, 0x00, 0x00, 0x00, 0x00, 0x00,
    0x00, 0x00, 0x00, 0x00, 0x00, 0x00, 0x00, 0x00, 0x00, 0x00, 0x00, 0x00, 0x00, 0x00, 0x00, 0x00,
    0x00, 0x00, 0x00, 0x00, 0x00, 0x00, 0x00, 0x00, 0x00, 0x00, 0x00, 0x00, 0x00, 0x00, 0x00, 0x00,
    0x00, 0x00, 0x00, 0x00, 0x00, 0x00, 0x00, 0x00, 0x00, 0x00, 0x00, 0x00, 0x00, 0x00, 0x00, 0x00,
    0x00, 0x00, 0x00, 0x00, 0x00, 0x00, 0x00, 0x00, 0x00, 0x00, 0x00, 0x00, 0x00, 0x00, 0x00, 0x00,
    0x00, 0x00, 0x00, 0x00, 0x00, 0x00, 0x00, 0x00, 0x00, 0x00, 0x00, 0x00, 0x00, 0x00, 0x00, 0x00,
    0x00, 0x00, 0x00, 0x00, 0x00, 0x00, 0x00, 0x00, 0x00, 0x00, 0x00, 0x00, 0x00, 0x00, 0x00, 0x00,
    0x00, 0x00, 0x00, 0x00, 0x00, 0x00, 0x00, 0x00, 0x00, 0x00, 0x00, 0x00, 0x00, 0x00, 0x00, 0x00,
    0x00, 0x00, 0x00, 0x00, 0x00, 0x00, 0x00, 0x00, 0x00, 0x00, 0x00, 0x00, 0x00, 0x00, 0x00, 0x00,
    0x00, 0x00, 0x00, 0x00, 0x00, 0x00, 0x00, 0x00, 0x00, 0x00, 0x00, 0x00, 0x00, 0x00, 0x00, 0x00,
    0x00, 0x00, 0x00, 0x00, 0x00, 0x00, 0x00, 0x00, 0x00, 0x00, 0x00, 0x00, 0x00, 0x00, 0x00, 0x00,
    0x00, 0x00, 0x00, 0x00, 0x00, 0x00, 0x00, 0x00, 0x00, 0x00, 0x00, 0x00, 0x00, 0x00, 0x00, 0x00,
    0x00, 0x00, 0x00, 0x00, 0x00, 0x00, 0x00, 0x00, 0x00, 0x00, 0x00, 0x00, 0x00, 0x00, 0x00, 0x00,
    0x00, 0x00, 0x00, 0x00, 0x00, 0x00, 0x00, 0x00, 0x00, 0x00, 0x00, 0x00, 0x00, 0x00, 0x00, 0x00,
    0x00, 0x00, 0x00, 0x00, 0x00, 0x00, 0x00, 0x00, 0x00, 0x00, 0x00, 0x00, 0x00, 0x00, 0x00, 0x00,
    0x00, 0x00, 0x00, 0x00, 0x00, 0x00, 0x00, 0x00, 0x00, 0x00, 0x00, 0x00, 0x00, 0x00, 0x00, 0x00,
    0x00, 0x00, 0x00, 0x00, 0x00, 0x00, 0x00, 0x00, 0x00, 0x00, 0x00, 0x00, 0x00, 0x00, 0x00, 0x00,
    0x00, 0x00, 0x00, 0x00, 0x00, 0x00, 0x00, 0x00, 0x00, 0x00, 0x00, 0x00, 0x00, 0x00, 0x00, 0x00,
    0x00, 0x00, 0x00, 0x00, 0x00, 0x00, 0x00, 0x00, 0x00, 0x00, 0x00, 0x00, 0x00, 0x00, 0x00, 0x00,
    0x00, 0x00, 0x00, 0x00, 0x00, 0x00, 0x00, 0x00, 0x00, 0x00, 0x00, 0x00, 0x00, 0x00, 0x00, 0x00,
    0x00, 0x00, 0x00, 0x00, 0x00, 0x00, 0x00, 0x00, 0x00, 0x00, 0x00, 0x00, 0x00, 0x00, 0x00, 0x00,
    0x00, 0x00, 0x00, 0x00, 0x00, 0x00, 0x00, 0x00, 0x00, 0x00, 0x00, 0x00, 0x00, 0x00, 0x00, 0x00,
    0x00, 0x00, 0x00, 0x00, 0x00, 0x00, 0x00, 0x00, 0x00, 0x00, 0x00, 0x00, 0x00, 0x00, 0x00, 0x00,
    0x00, 0x00, 0x00, 0x00, 0x00, 0x00, 0x00, 0x00, 0x00, 0x00, 0x00, 0x00, 0x00, 0x00, 0x00, 0x00,
    0x00, 0x00, 0x00, 0x00, 0x00, 0x00, 0x00, 0x00, 0x00, 0x00, 0x00, 0x00, 0x00, 0x00, 0x00, 0x00,
    0x00, 0x00, 0x00, 0x00, 0x00, 0x00, 0x00, 0x00, 0x00, 0x00, 0x00, 0x00, 0x00, 0x00, 0x00, 0x00,
    0x00, 0x00, 0x00, 0x00, 0x00, 0x00, 0x00, 0x00, 0x00, 0x00, 0x00, 0x00, 0x00, 0x00, 0x00, 0x00,
    0x00, 0x00, 0x00, 0x00, 0x00, 0x00, 0x00, 0x00, 0x00, 0x00, 0x00, 0x00, 0x00, 0x00, 0x00, 0x00,
    0x00, 0x00, 0x00, 0x00, 0x00, 0x00, 0x00, 0x00, 0x00, 0x00, 0x00, 0x00, 0x00, 0x00, 0x00, 0x00,
    0x00, 0x00, 0x00, 0x00, 0x00, 0x00, 0x00, 0x00, 0x00, 0x00, 0x00, 0x00, 0x00, 0x00, 0x00, 0x00,
    0x00, 0x00, 0x00, 0x00, 0x00, 0x00, 0x00, 0x00, 0x00, 0x00, 0x00, 0x00, 0x00, 0x00, 0x00, 0x00,
    0x00, 0x00, 0x00, 0x00, 0x00, 0x00, 0x00, 0x00, 0x00, 0x00, 0x00, 0x00, 0x00, 0x00, 0x00, 0x00,
    0x00, 0x00, 0x00, 0x00, 0x00, 0x00, 0x00, 0x00, 0x00, 0x00, 0x00, 0x00, 0x00, 0x00, 0x00, 0x00,
    0x00, 0x00, 0x00, 0x00, 0x00, 0x00, 0x00, 0x00, 0x00, 0x00, 0x00, 0x00, 0x00, 0x00, 0x00, 0x00,
    0x00, 0x00, 0x00, 0x00, 0x00, 0x00, 0x00, 0x00, 0x00, 0x00, 0x00, 0x00, 0x00, 0x00, 0x00, 0x00,
    0x00, 0x00, 0x00, 0x00, 0x00, 0x00, 0x00, 0x00, 0x00, 0x00, 0x00, 0x00, 0x00, 0x00, 0x00, 0x00,
    0x00, 0x00, 0x00, 0x00, 0x00, 0x00, 0x00, 0x00, 0x00, 0x00, 0x00, 0x00, 0x00, 0x00, 0x00, 0x00,
    0x00, 0x00, 0x00, 0x00, 0x00, 0x00, 0x00, 0x00, 0x00, 0x00, 0x00, 0x00, 0x00, 0x00, 0x00, 0x00,
    0x00, 0x00, 0x00, 0x00, 0x00, 0x00, 0x00, 0x00, 0x00, 0x00, 0x00, 0x00, 0x00, 0x00, 0x00, 0x00,
    0x00, 0x00, 0x00, 0x00, 0x00, 0x00, 0x00, 0x00, 0x00, 0x00, 0x00, 0x00, 0x00, 0x00, 0x00, 0x00,
    0x00, 0x00, 0x00, 0x00, 0x00, 0x00, 0x00, 0x00, 0x00, 0x00, 0x00, 0x00, 0x00, 0x00, 0x00, 0x00,
    0x00, 0x00, 0x00, 0x00, 0x00, 0x00, 0x00, 0x00, 0x00, 0x00, 0x00, 0x00, 0x00, 0x00, 0x00, 0x00,
    0x00, 0x00, 0x00, 0x00, 0x00, 0x00, 0x00, 0x00, 0x00, 0x00, 0x00, 0x00, 0x00, 0x00, 0x00, 0x00,
    0x00, 0x00, 0x00, 0x00, 0x00, 0x00, 0x00, 0x00, 0x00, 0x00, 0x00, 0x00, 0x00, 0x00, 0x00, 0x00,
    0x00, 0x00, 0x00, 0x00, 0x00, 0x00, 0x00, 0x00, 0x00, 0x00, 0x00, 0x00, 0x00, 0x00, 0x00, 0x00,
    0x00, 0x00, 0x00, 0x00, 0x00, 0x00, 0x00, 0x00, 0x00, 0x00, 0x00, 0x00, 0x00, 0x00, 0x00, 0x00,
    0x00, 0x00, 0x00, 0x00, 0x00, 0x00, 0x00, 0x00, 0x00, 0x00, 0x00, 0x00, 0x00, 0x00, 0x00, 0x00,
    0x00, 0x00, 0x00, 0x00, 0x00, 0x00, 0x00, 0x00, 0x00, 0x00, 0x00, 0x00, 0x00, 0x00, 0x00, 0x00,
    0x00, 0x00, 0x00, 0x00, 0x00, 0x00, 0x00, 0x00, 0x00, 0x00, 0x00, 0x00, 0x00, 0x00, 0x00, 0x00,
    0x00, 0x00, 0x00, 0x00, 0x00, 0x00, 0x00, 0x00, 0x00, 0x00, 0x00, 0x00, 0x00, 0x00, 0x00, 0x00,
    0x00, 0x00, 0x00, 0x00, 0x00, 0x00, 0x00, 0x00, 0x00, 0x00, 0x00, 0x00, 0x00, 0x00, 0x00, 0x00,
    0x00, 0x00, 0x00, 0x00, 0x00, 0x00, 0x00, 0x00, 0x00, 0x00, 0x00, 0x00, 0x00, 0x00, 0x00, 0x00,
    0x00, 0x00, 0x00, 0x00, 0x00, 0x00, 0x00, 0x00, 0x00, 0x00, 0x00, 0x00, 0x00, 0x00, 0x00, 0x00,
    0x00, 0x00, 0x00, 0x00, 0x00, 0x00, 0x00, 0x00, 0x00, 0x00, 0x00, 0x00, 0x00, 0x00, 0x00, 0x00,
    0x00, 0x00, 0x00, 0x00, 0x00, 0x00, 0x00, 0x00, 0x00, 0x00, 0x00, 0x00, 0x00, 0x00, 0x00, 0x00,
    0x00, 0x00, 0x00, 0x00, 0x00, 0x00, 0x00, 0x00, 0x00, 0x00, 0x00, 0x00, 0x00, 0x00, 0x00, 0x00,
    0x00, 0x00, 0x00, 0x00, 0x00, 0x00, 0x00, 0x00, 0x00, 0x00, 0x00, 0x00, 0x00, 0x00, 0x00, 0x00,
    0x00, 0x00, 0x00, 0x00, 0x00, 0x00, 0x00, 0x00, 0x00, 0x00, 0x00, 0x00, 0x00, 0x00, 0x00, 0x00,
    0x00, 0x00, 0x00, 0x00, 0x00, 0x00, 0x00, 0x00, 0x00, 0x00, 0x00, 0x00, 0x00, 0x00, 0x00, 0x00,
    0x00, 0x00, 0x00, 0x00, 0x00, 0x00, 0x00, 0x00, 0x00, 0x00, 0x00, 0x00, 0x00, 0x00, 0x00, 0x00,
    0x00, 0x00, 0x00, 0x00, 0x00, 0x00, 0x00, 0x00, 0x00, 0x00, 0x00, 0x00, 0x00, 0x00, 0x00, 0x00,
    0x00, 0x00, 0x00, 0x00, 0x00, 0x00, 0x00, 0x00, 0x00, 0x00, 0x00, 0x00, 0x00, 0x00, 0x00, 0x00,
    0x00, 0x00, 0x00, 0x00, 0x00, 0x00, 0x00, 0x00, 0x00, 0x00, 0x00, 0x00, 0x00, 0x00, 0x00, 0x00,
    0x00, 0x00, 0x00, 0x00, 0x00, 0x00, 0x00, 0x00, 0x00, 0x00, 0x00, 0x00, 0x00, 0x00, 0x00, 0x00,
    0x00, 0x00, 0x00, 0x00, 0x00, 0x00, 0x00, 0x00, 0x00, 0x00, 0x00, 0x00, 0x00, 0x00, 0x00, 0x00,
    0x00, 0x00, 0x00, 0x00, 0x00, 0x00, 0x00, 0x00, 0x00, 0x00, 0x00, 0x00, 0x00, 0x00, 0x00, 0x00,
    0x00, 0x00, 0x00, 0x00, 0x00, 0x00, 0x00, 0x00, 0x00, 0x00, 0x00, 0x00, 0x00, 0x00, 0x00, 0x00,
    0x00, 0x00, 0x00, 0x00, 0x00, 0x00, 0x00, 0x00, 0x00, 0x00, 0x00, 0x00, 0x00, 0x00, 0x00, 0x00,
    0x00, 0x00, 0x00, 0x00, 0x00, 0x00, 0x00, 0x00, 0x00, 0x00, 0x00, 0x00, 0x00, 0x00, 0x00, 0x00,
    0x00, 0x00, 0x00, 0x00, 0x00, 0x00, 0x00, 0x00, 0x00, 0x00, 0x00, 0x00, 0x00, 0x00, 0x00, 0x00,
    0x00, 0x00, 0x00, 0x00, 0x00, 0x00, 0x00, 0x00, 0x00, 0x00, 0x00, 0x00, 0x00, 0x00, 0x00, 0x00,
    0x00, 0x00, 0x00, 0x00, 0x00, 0x00, 0x00, 0x00, 0x00, 0x00, 0x00, 0x00, 0x00, 0x00, 0x00, 0x00,
    0x00, 0x00, 0x00, 0x00, 0x00, 0x00, 0x00, 0x00, 0x00, 0x00, 0x00, 0x00, 0x00, 0x00, 0x00, 0x00,
    0x00, 0x00, 0x00, 0x00, 0x00, 0x00, 0x00, 0x00, 0x00, 0x00, 0x00, 0x00, 0x00, 0x00, 0x00, 0x00,
    0x00, 0x00, 0x00, 0x00, 0x00, 0x00, 0x00, 0x00, 0x00, 0x00, 0x00, 0x00, 0x00, 0x00, 0x00, 0x00,
    0x00, 0x00, 0x00, 0x00, 0x00, 0x00, 0x00, 0x00, 0x00, 0x00, 0x00, 0x00, 0x00, 0x00, 0x00, 0x00,
    0x00, 0x00, 0x00, 0x00, 0x00, 0x00, 0x00, 0x00, 0x00, 0x00, 0x00, 0x00, 0x00, 0x00, 0x00, 0x00,
    0x00, 0x00, 0x00, 0x00, 0x00, 0x00, 0x00, 0x00, 0x00, 0x00, 0x00, 0x00, 0x00, 0x00, 0x00, 0x00,
    0x00, 0x00, 0x00, 0x00, 0x00, 0x00, 0x00, 0x00, 0x00, 0x00, 0x00, 0x00, 0x00, 0x00, 0x00, 0x00,
    0x00, 0x00, 0x00, 0x00, 0x00, 0x00, 0x00, 0x00, 0x00, 0x00, 0x00, 0x00, 0x00, 0x00, 0x00, 0x00,
    0x00, 0x00, 0x00, 0x00, 0x00, 0x00, 0x00, 0x00, 0x00, 0x00, 0x00, 0x00, 0x00, 0x00, 0x00, 0x00,
    0x00, 0x00, 0x00, 0x00, 0x00, 0x00, 0x00, 0x00, 0x00, 0x00, 0x00, 0x00, 0x00, 0x00, 0x00, 0x00,
    0x00, 0x00, 0x00, 0x00, 0x00, 0x00, 0x00, 0x00, 0x00, 0x00, 0x00, 0x00, 0x00, 0x00, 0x00, 0x00,
    0x00, 0x00, 0x00, 0x00, 0x00, 0x00, 0x00, 0x00, 0x00, 0x00, 0x00, 0x00, 0x00, 0x00, 0x00, 0x00,
    0x00, 0x00, 0x00, 0x00, 0x00, 0x00, 0x00, 0x00, 0x00, 0x00, 0x00, 0x00, 0x00, 0x00, 0x00, 0x00,
    0x00, 0x00, 0x00, 0x00, 0x00, 0x00, 0x00, 0x00, 0x00, 0x00, 0x00, 0x00, 0x00, 0x00, 0x00, 0x00,
    0x00, 0x00, 0x00, 0x00, 0x00, 0x00, 0x00, 0x00, 0x00, 0x00, 0x00, 0x00, 0x00, 0x00, 0x00, 0x00,
    0x00, 0x00, 0x00, 0x00, 0x00, 0x00, 0x00, 0x00, 0x00, 0x00, 0x00, 0x00, 0x00, 0x00, 0x00, 0x00,
    0x00, 0x00, 0x00, 0x00, 0x00, 0x00, 0x00, 0x00, 0x00, 0x00, 0x00, 0x00, 0x00, 0x00, 0x00, 0x00,
    0x00, 0x00, 0x00, 0x00, 0x00, 0x00, 0x00, 0x00, 0x00, 0x00, 0x00, 0x00, 0x00, 0x00, 0x00, 0x00,
    0x00, 0x00, 0x00, 0x00, 0x00, 0x00, 0x00, 0x00, 0x00, 0x00, 0x00, 0x00, 0x00, 0x00, 0x00, 0x00,
    0x00, 0x00, 0x00, 0x00, 0x00, 0x00, 0x00, 0x00, 0x00, 0x00, 0x00, 0x00, 0x00, 0x00, 0x00, 0x00,
    0x00, 0x00, 0x00, 0x00, 0x00, 0x00, 0x00, 0x00, 0x00, 0x00, 0x00, 0x00, 0x00, 0x00, 0x00, 0x00,
    0x00, 0x00, 0x00, 0x00, 0x00, 0x00, 0x00, 0x00, 0x00, 0x00, 0x00, 0x00, 0x00, 0x00, 0x00, 0x00,
    0x00, 0x00, 0x00, 0x00, 0x00, 0x00, 0x00, 0x00, 0x00, 0x00, 0x00, 0x00, 0x00, 0x00, 0x00, 0x00,
    0x00, 0x00, 0x00, 0x00, 0x00, 0x00, 0x00, 0x00, 0x00, 0x00, 0x00, 0x00, 0x00, 0x00, 0x00, 0x00,
    0x00, 0x00, 0x00, 0x00, 0x00, 0x00, 0x00, 0x00, 0x00, 0x00, 0x00, 0x00, 0x00, 0x00, 0x00, 0x00,
    0x00, 0x00, 0x00, 0x00, 0x00, 0x00, 0x00, 0x00, 0x00, 0x00, 0x00, 0x00, 0x00, 0x00, 0x00, 0x00,
    0x00, 0x00, 0x00, 0x00, 0x00, 0x00, 0x00, 0x00, 0x00, 0x00, 0x00, 0x00, 0x00, 0x00, 0x00, 0x00,
    0x00, 0x00, 0x00, 0x00, 0x00, 0x00, 0x00, 0x00, 0x00, 0x00, 0x00, 0x00, 0x00, 0x00, 0x00, 0x00,
    0x00, 0x00, 0x00, 0x00, 0x00, 0x00, 0x00, 0x00, 0x00, 0x00, 0x00, 0x00, 0x00, 0x00, 0x00, 0x00,
    0x00, 0x00, 0x00, 0x00, 0x00, 0x00, 0x00, 0x00, 0x00, 0x00, 0x00, 0x00, 0x00, 0x00, 0x00, 0x00,
    0x00, 0x00, 0x00, 0x00, 0x00, 0x00, 0x00, 0x00, 0x00, 0x00, 0x00, 0x00, 0x00, 0x00, 0x00, 0x00,
    0x00, 0x00, 0x00, 0x00, 0x00, 0x00, 0x00, 0x00, 0x00, 0x00, 0x00, 0x00, 0x00, 0x00, 0x00, 0x00,
    0x00, 0x00, 0x00, 0x00, 0x00, 0x00, 0x00, 0x00, 0x00, 0x00, 0x00, 0x00, 0x00, 0x00, 0x00, 0x00,
    0x00, 0x00, 0x00, 0x00, 0x00, 0x00, 0x00, 0x00, 0x00, 0x00, 0x00, 0x00, 0x00, 0x00, 0x00, 0x00,
    0x00, 0x00, 0x00, 0x00, 0x00, 0x00, 0x00, 0x00, 0x00, 0x00, 0x00, 0x00, 0x00, 0x00, 0x00, 0x00,
    0x00, 0x00, 0x00, 0x00, 0x00, 0x00, 0x00, 0x00, 0x00, 0x00, 0x00, 0x00, 0x00, 0x00, 0x00, 0x00,
    0x00, 0x00, 0x00, 0x00, 0x00, 0x00, 0x00, 0x00, 0x00, 0x00, 0x00, 0x00, 0x00, 0x00, 0x00, 0x00,
    0x00, 0x00, 0x00, 0x00, 0x00, 0x00, 0x00, 0x00, 0x00, 0x00, 0x00, 0x00, 0x00, 0x00, 0x00, 0x00,
    0x00, 0x00, 0x00, 0x00, 0x00, 0x00, 0x00, 0x00, 0x00, 0x00, 0x00, 0x00, 0x00, 0x00, 0x00, 0x00,
    0x00, 0x00, 0x00, 0x00, 0x00, 0x00, 0x00, 0x00, 0x00, 0x00, 0x00, 0x00, 0x00, 0x00, 0x00, 0x00,
    0x00, 0x00, 0x00, 0x00, 0x00, 0x00, 0x00, 0x00, 0x00, 0x00, 0x00, 0x00, 0x00, 0x00, 0x00, 0x00,
    0x00, 0x00, 0x00, 0x00, 0x00, 0x00, 0x00, 0x00, 0x00, 0x00, 0x00, 0x00, 0x00, 0x00, 0x00, 0x00,
    0x00, 0x00, 0x00, 0x00, 0x00, 0x00, 0x00, 0x00, 0x00, 0x00, 0x00, 0x00, 0x00, 0x00, 0x00, 0x00,
    0x00, 0x00, 0x00, 0x00, 0x00, 0x00, 0x00, 0x00, 0x00, 0x00, 0x00, 0x00, 0x00, 0x00, 0x00, 0x00,
    0x00, 0x00, 0x00, 0x00, 0x00, 0x00, 0x00, 0x00, 0x00, 0x00, 0x00, 0x00, 0x00, 0x00, 0x00, 0x00,
    0x00, 0x00, 0x00, 0x00, 0x00, 0x00, 0x00, 0x00, 0x00, 0x00, 0x00, 0x00, 0x00, 0x00, 0x00, 0x00,
    0x00, 0x00, 0x00, 0x00, 0x00, 0x00, 0x00, 0x00, 0x00, 0x00, 0x00, 0x00, 0x00, 0x00, 0x00, 0x00,
    0x00, 0x00, 0x00, 0x00, 0x00, 0x00, 0x00, 0x00, 0x00, 0x00, 0x00, 0x00, 0x00, 0x00, 0x00, 0x00,
    0x00, 0x00, 0x00, 0x00, 0x00, 0x00, 0x00, 0x00, 0x00, 0x00, 0x00, 0x00, 0x00, 0x00, 0x00, 0x00,
    0x00, 0x00, 0x00, 0x00, 0x00, 0x00, 0x00, 0x00, 0x00, 0x00, 0x00, 0x00, 0x00, 0x00, 0x00, 0x00,
    0x00, 0x00, 0x00, 0x00, 0x00, 0x00, 0x00, 0x00, 0x00, 0x00, 0x00, 0x00, 0x00, 0x00, 0x00, 0x00,
    0x00, 0x00, 0x00, 0x00, 0x00, 0x00, 0x00, 0x00, 0x00, 0x00, 0x00, 0x00, 0x00, 0x00, 0x00, 0x00,
    0x00, 0x00, 0x00, 0x00, 0x00, 0x00, 0x00, 0x00, 0x00, 0x00, 0x00, 0x00, 0x00, 0x00, 0x00, 0x00,
    0x00, 0x00, 0x00, 0x00, 0x00, 0x00, 0x00, 0x00, 0x00, 0x00, 0x00, 0x00, 0x00, 0x00, 0x00, 0x00,
    0x00, 0x00, 0x00, 0x00, 0x00, 0x00, 0x00, 0x00, 0x00, 0x00, 0x00, 0x00, 0x00, 0x00, 0x00, 0x00,
    0x00, 0x00, 0x00, 0x00, 0x00, 0x00, 0x00, 0x00, 0x00, 0x00, 0x00, 0x00, 0x00, 0x00, 0x00, 0x00,
    0x00, 0x00, 0x00, 0x00, 0x00, 0x00, 0x00, 0x00, 0x00, 0x00, 0x00, 0x00, 0x00, 0x00, 0x00, 0x00,
    0x00, 0x00, 0x00, 0x00, 0x00, 0x00, 0x00, 0x00, 0x00, 0x00, 0x00, 0x00, 0x00, 0x00, 0x00, 0x00,
    0x00, 0x00, 0x00, 0x00, 0x00, 0x00, 0x00, 0x00, 0x00, 0x00, 0x00, 0x00, 0x00, 0x00, 0x00, 0x00,
    0x00, 0x00, 0x00, 0x00, 0x00, 0x00, 0x00, 0x00, 0x00, 0x00, 0x00, 0x00, 0x00, 0x00, 0x00, 0x00,
    0x00, 0x00, 0x00, 0x00, 0x00, 0x00, 0x00, 0x00, 0x00, 0x00, 0x00, 0x00, 0x00, 0x00, 0x00, 0x00,
    0x00, 0x00, 0x00, 0x00, 0x00, 0x00, 0x00, 0x00, 0x00, 0x00, 0x00, 0x00, 0x00, 0x00, 0x00, 0x00,
    0x00, 0x00, 0x00, 0x00, 0x00, 0x00, 0x00, 0x00, 0x00, 0x00, 0x00, 0x00, 0x00, 0x00, 0x00, 0x00,
    0x00, 0x00, 0x00, 0x00, 0x00, 0x00, 0x00, 0x00, 0x00, 0x00, 0x00, 0x00, 0x00, 0x00, 0x00, 0x00,
    0x00, 0x00, 0x00, 0x00, 0x00, 0x00, 0x00, 0x00, 0x00, 0x00, 0x00, 0x00, 0x00, 0x00, 0x00, 0x00,
    0x00, 0x00, 0x00, 0x00, 0x00, 0x00, 0x00, 0x00, 0x00, 0x00, 0x00, 0x00, 0x00, 0x00, 0x00, 0x00,
    0x00, 0x00, 0x00, 0x00, 0x00, 0x00, 0x00, 0x00, 0x00, 0x00, 0x00, 0x00, 0x00, 0x00, 0x00, 0x00,
    0x00, 0x00, 0x00, 0x00, 0x00, 0x00, 0x00, 0x00, 0x00, 0x00, 0x00, 0x00, 0x00, 0x00, 0x00, 0x00,
    0x00, 0x00, 0x00, 0x00, 0x00, 0x00, 0x00, 0x00, 0x00, 0x00, 0x00, 0x00, 0x00, 0x00, 0x00, 0x00,
    0x00, 0x00, 0x00, 0x00, 0x00, 0x00, 0x00, 0x00, 0x00, 0x00, 0x00, 0x00, 0x00, 0x00, 0x00, 0x00,
    0x00, 0x00, 0x00, 0x00, 0x00, 0x00, 0x00, 0x00, 0x00, 0x00, 0x00, 0x00, 0x00, 0x00, 0x00, 0x00,
    0x00, 0x00, 0x00, 0x00, 0x00, 0x00, 0x00, 0x00, 0x00, 0x00, 0x00, 0x00, 0x00, 0x00, 0x00, 0x00,
    0x00, 0x00, 0x00, 0x00, 0x00, 0x00, 0x00, 0x00, 0x00, 0x00, 0x00, 0x00, 0x00, 0x00, 0x00, 0x00,
    0x00, 0x00, 0x00, 0x00, 0x00, 0x00, 0x00, 0x00, 0x00, 0x00, 0x00, 0x00, 0x00, 0x00, 0x00, 0x00,
    0x00, 0x00, 0x00, 0x00, 0x00, 0x00, 0x00, 0x00, 0x00, 0x00, 0x00, 0x00, 0x00, 0x00, 0x00, 0x00,
    0x00, 0x00, 0x00, 0x00, 0x00, 0x00, 0x00, 0x00, 0x00, 0x00, 0x00, 0x00, 0x00, 0x00, 0x00, 0x00,
    0x00, 0x00, 0x00, 0x00, 0x00, 0x00, 0x00, 0x00, 0x00, 0x00, 0x00, 0x00, 0x00, 0x00, 0x00, 0x00,
    0x00, 0x00, 0x00, 0x00, 0x00, 0x00, 0x00, 0x00, 0x00, 0x00, 0x00, 0x00, 0x00, 0x00, 0x00, 0x00,
    0x00, 0x00, 0x00, 0x00, 0x00, 0x00, 0x00, 0x00, 0x00, 0x00, 0x00, 0x00, 0x00, 0x00, 0x00, 0x00,
    0x00, 0x00, 0x00, 0x00, 0x00, 0x00, 0x00, 0x00, 0x00, 0x00, 0x00, 0x00, 0x00, 0x00, 0x00, 0x00,
    0x00, 0x00, 0x00, 0x00, 0x00, 0x00, 0x00, 0x00, 0x00, 0x00, 0x00, 0x00, 0x00, 0x00, 0x00, 0x00,
    0x00, 0x00, 0x00, 0x00, 0x00, 0x00, 0x00, 0x00, 0x00, 0x00, 0x00, 0x00, 0x00, 0x00, 0x00, 0x00,
    0x00, 0x00, 0x00, 0x00, 0x00, 0x00, 0x00, 0x00, 0x00, 0x00, 0x00, 0x00, 0x00, 0x00, 0x00, 0x00,
    0x00, 0x00, 0x00, 0x00, 0x00, 0x00, 0x00, 0x00, 0x00, 0x00, 0x00, 0x00, 0x00, 0x00, 0x00, 0x00,
    0x00, 0x00, 0x00, 0x00, 0x00, 0x00, 0x00, 0x00, 0x00, 0x00, 0x00, 0x00, 0x00, 0x00, 0x00, 0x00,
    0x00, 0x00, 0x00, 0x00, 0x00, 0x00, 0x00, 0x00, 0x00, 0x00, 0x00, 0x00, 0x00, 0x00, 0x00, 0x00,
    0x00, 0x00, 0x00, 0x00, 0x00, 0x00, 0x00, 0x00, 0x00, 0x00, 0x00, 0x00, 0x00, 0x00, 0x00, 0x00,
    0x00, 0x00, 0x00, 0x00, 0x00, 0x00, 0x00, 0x00, 0x00, 0x00, 0x00, 0x00, 0x00, 0x00, 0x00, 0x00,
    0x00, 0x00, 0x00, 0x00, 0x00, 0x00, 0x00, 0x00, 0x00, 0x00, 0x00, 0x00, 0x00, 0x00, 0x00, 0x00,
    0x00, 0x00, 0x00, 0x00, 0x00, 0x00, 0x00, 0x00, 0x00, 0x00, 0x00, 0x00, 0x00, 0x00, 0x00, 0x00,
    0x00, 0x00, 0x00, 0x00, 0x00, 0x00, 0x00, 0x00, 0x00, 0x00, 0x00, 0x00, 0x00, 0x00, 0x00, 0x00,
    0x00, 0x00, 0x00, 0x00, 0x00, 0x00, 0x00, 0x00, 0x00, 0x00, 0x00, 0x00, 0x00, 0x00, 0x00, 0x00,
    0x00, 0x00, 0x00, 0x00, 0x00, 0x00, 0x00, 0x00, 0x00, 0x00, 0x00, 0x00, 0x00, 0x00, 0x00, 0x00,
    0x00, 0x00, 0x00, 0x00, 0x00, 0x00, 0x00, 0x00, 0x00, 0x00, 0x00, 0x00, 0x00, 0x00, 0x00, 0x00,
    0x00, 0x00, 0x00, 0x00, 0x00, 0x00, 0x00, 0x00, 0x00, 0x00, 0x00, 0x00, 0x00, 0x00, 0x00, 0x00,
    0x00, 0x00, 0x00, 0x00, 0x00, 0x00, 0x00, 0x00, 0x00, 0x00, 0x00, 0x00, 0x00, 0x00, 0x00, 0x00,
    0x00, 0x00, 0x00, 0x00, 0x00, 0x00, 0x00, 0x00, 0x00, 0x00, 0x00, 0x00, 0x00, 0x00, 0x00, 0x00,
    0x00, 0x00, 0x00, 0x00, 0x00, 0x00, 0x00, 0x00, 0x00, 0x00, 0x00, 0x00, 0x00, 0x00, 0x00, 0x00,
    0x00, 0x00, 0x00, 0x00, 0x00, 0x00, 0x00, 0x00, 0x00, 0x00, 0x00, 0x00, 0x00, 0x00, 0x00, 0x00,
    0x00, 0x00, 0x00, 0x00, 0x00, 0x00, 0x00, 0x00, 0x00, 0x00, 0x00, 0x00, 0x00, 0x00, 0x00, 0x00,
    0x00, 0x00, 0x00, 0x00, 0x00, 0x00, 0x00, 0x00, 0x00, 0x00, 0x00, 0x00, 0x00, 0x00, 0x00, 0x00,
    0x00, 0x00, 0x00, 0x00, 0x00, 0x00, 0x00, 0x00, 0x00, 0x00, 0x00, 0x00, 0x00, 0x00, 0x00, 0x00,
    0x00, 0x00, 0x00, 0x00, 0x00, 0x00, 0x00, 0x00, 0x00, 0x00, 0x00, 0x00, 0x00, 0x00, 0x00, 0x00,
    0x00, 0x00, 0x00, 0x00, 0x00, 0x00, 0x00, 0x00, 0x00, 0x00, 0x00, 0x00, 0x00, 0x00, 0x00, 0x00,
    0x00, 0x00, 0x00, 0x00, 0x00, 0x00, 0x00, 0x00, 0x00, 0x00, 0x00, 0x00, 0x00, 0x00, 0x00, 0x00,
    0x00, 0x00, 0x00, 0x00, 0x00, 0x00, 0x00, 0x00, 0x00, 0x00, 0x00, 0x00, 0x00, 0x00, 0x00, 0x00,
    0x00, 0x00, 0x00, 0x00, 0x00, 0x00, 0x00, 0x00, 0x00, 0x00, 0x00, 0x00, 0x00, 0x00, 0x00, 0x00,
    0x00, 0x00, 0x00, 0x00, 0x00, 0x00, 0x00, 0x00, 0x00, 0x00, 0x00, 0x00, 0x00, 0x00, 0x00, 0x00,
    0x00, 0x00, 0x00, 0x00, 0x00, 0x00, 0x00, 0x00, 0x00, 0x00, 0x00, 0x00, 0x00, 0x00, 0x00, 0x00,
    0x00, 0x00, 0x00, 0x00, 0x00, 0x00, 0x00, 0x00, 0x00, 0x00, 0x00, 0x00, 0x00, 0x00, 0x00, 0x00,
    0x00, 0x00, 0x00, 0x00, 0x00, 0x00, 0x00, 0x00, 0x00, 0x00, 0x00, 0x00, 0x00, 0x00, 0x00, 0x00,
    0x00, 0x00, 0x00, 0x00, 0x00, 0x00, 0x00, 0x00, 0x00, 0x00, 0x00, 0x00, 0x00, 0x00, 0x00, 0x00,
    0x00, 0x00, 0x00, 0x00, 0x00, 0x00, 0x00, 0x00, 0x00, 0x00, 0x00, 0x00, 0x00, 0x00, 0x00, 0x00,
    0x00, 0x00, 0x00, 0x00, 0x00, 0x00, 0x00, 0x00, 0x00, 0x00, 0x00, 0x00, 0x00, 0x00, 0x00, 0x00,
    0x00, 0x00, 0x00, 0x00, 0x00, 0x00, 0x00, 0x00, 0x00, 0x00, 0x00, 0x00, 0x00, 0x00, 0x00, 0x00,
    0x00, 0x00, 0x00, 0x00, 0x00, 0x00, 0x00, 0x00, 0x00, 0x00, 0x00, 0x00, 0x00, 0x00, 0x00, 0x00,
    0x00, 0x00, 0x00, 0x00, 0x00, 0x00, 0x00, 0x00, 0x00, 0x00, 0x00, 0x00, 0x00, 0x00, 0x00, 0x00,
    0x00, 0x00, 0x00, 0x00, 0x00, 0x00, 0x00, 0x00, 0x00, 0x00, 0x00, 0x00, 0x00, 0x00, 0x00, 0x00,
    0x00, 0x00, 0x00, 0x00, 0x00, 0x00, 0x00, 0x00, 0x00, 0x00, 0x00, 0x00, 0x00, 0x00, 0x00, 0x00,
    0x00, 0x00, 0x00, 0x00, 0x00, 0x00, 0x00, 0x00, 0x00, 0x00, 0x00, 0x00, 0x00, 0x00, 0x00, 0x00,
    0x00, 0x00, 0x00, 0x00, 0x00, 0x00, 0x00, 0x00, 0x00, 0x00, 0x00, 0x00, 0x00, 0x00, 0x00, 0x00,
    0x00, 0x00, 0x00, 0x00, 0x00, 0x00, 0x00, 0x00, 0x00, 0x00, 0x00, 0x00, 0x00, 0x00, 0x00, 0x00,
    0x00, 0x00, 0x00, 0x00, 0x00, 0x00, 0x00, 0x00, 0x00, 0x00, 0x00, 0x00, 0x00, 0x00, 0x00, 0x00,
    0x00, 0x00, 0x00, 0x00, 0x00, 0x00, 0x00, 0x00, 0x00, 0x00, 0x00, 0x00, 0x00, 0x00, 0x00, 0x00,
    0x00, 0x00, 0x00, 0x00, 0x00, 0x00, 0x00, 0x00, 0x00, 0x00, 0x00, 0x00, 0x00, 0x00, 0x00, 0x00,
    0x00, 0x00, 0x00, 0x00, 0x00, 0x00, 0x00, 0x00, 0x00, 0x00, 0x00, 0x00, 0x00, 0x00, 0x00, 0x00,
    0x00, 0x00, 0x00, 0x00, 0x00, 0x00, 0x00, 0x00, 0x00, 0x00, 0x00, 0x00, 0x00, 0x00, 0x00, 0x00,
    0x00, 0x00, 0x00, 0x00, 0x00, 0x00, 0x00, 0x00, 0x00, 0x00, 0x00, 0x00, 0x00, 0x00, 0x00, 0x00,
    0x00, 0x00, 0x00, 0x00, 0x00, 0x00, 0x00, 0x00, 0x00, 0x00, 0x00, 0x00, 0x00, 0x00, 0x00, 0x00,
    0x00, 0x00, 0x00, 0x00, 0x00, 0x00, 0x00, 0x00, 0x00, 0x00, 0x00, 0x00, 0x00, 0x00, 0x00, 0x00,
    0x00, 0x00, 0x00, 0x00, 0x00, 0x00, 0x00, 0x00, 0x00, 0x00, 0x00, 0x00, 0x00, 0x00, 0x00, 0x00,
    0x00, 0x00, 0x00, 0x00, 0x00, 0x00, 0x00, 0x00, 0x00, 0x00, 0x00, 0x00, 0x00, 0x00, 0x00, 0x00,
    0x00, 0x00, 0x00, 0x00, 0x00, 0x00, 0x41, 0x00, 0x61, 0x08, 0x62, 0x08, 0xA3, 0x08, 0xC3, 0x10,
    0xE4, 0x10, 0xE4, 0x10, 0xE4, 0x10, 0xC3, 0x10, 0xC3, 0x10, 0xA3, 0x10, 0xA2, 0x10, 0x62, 0x08,
    0x41, 0x08, 0x20, 0x00, 0x00, 0x00, 0x00, 0x00, 0x00, 0x00, 0x00, 0x00, 0x00, 0x00, 0x00, 0x00,
    0x00, 0x00, 0x00, 0x00, 0x00, 0x00, 0x00, 0x00, 0x00, 0x00, 0x00, 0x00, 0x00, 0x00, 0x00, 0x00,
    0x00, 0x00, 0x00, 0x00, 0x00, 0x00, 0x00, 0x00, 0x00, 0x00, 0x00, 0x00, 0x00, 0x00, 0x00, 0x00,
    0x00, 0x00, 0x00, 0x00, 0x00, 0x00, 0x00, 0x00, 0x00, 0x00, 0x00, 0x00, 0x00, 0x00, 0x00, 0x00,
    0x00, 0x00, 0x00, 0x00, 0x00, 0x00, 0x00, 0x00, 0x00, 0x00, 0x00, 0x00, 0x00, 0x00, 0x00, 0x00,
    0x00, 0x00, 0x00, 0x00, 0x00, 0x00, 0x00, 0x00, 0x00, 0x00, 0x00, 0x00, 0x00, 0x00, 0x00, 0x00,
    0x00, 0x00, 0x00, 0x00, 0x00, 0x00, 0x00, 0x00, 0x00, 0x00, 0x00, 0x00, 0x00, 0x00, 0x00, 0x00,
    0x00, 0x00, 0x00, 0x00, 0x00, 0x00, 0x00, 0x00, 0x00, 0x00, 0x00, 0x00, 0x00, 0x00, 0x00, 0x00,
    0x00, 0x00, 0x00, 0x00, 0x00, 0x00, 0x00, 0x00, 0x00, 0x00, 0x00, 0x00, 0x00, 0x00, 0x00, 0x00,
    0x00, 0x00, 0x00, 0x00, 0x00, 0x00, 0x00, 0x00, 0x00, 0x00, 0x00, 0x00, 0x00, 0x00, 0x00, 0x00,
    0x00, 0x00, 0x00, 0x00, 0x00, 0x00, 0x00, 0x00, 0x00, 0x00, 0x00, 0x00, 0x00, 0x00, 0x00, 0x00,
    0x00, 0x00, 0x00, 0x00, 0x00, 0x00, 0x00, 0x00, 0x00, 0x00, 0x00, 0x00, 0x00, 0x00, 0x00, 0x00,
    0x00, 0x00, 0x00, 0x00, 0x00, 0x00, 0x00, 0x00, 0x00, 0x00, 0x00, 0x00, 0x00, 0x00, 0x00, 0x00,
    0x00, 0x00, 0x00, 0x00, 0x00, 0x00, 0x00, 0x00, 0x00, 0x00, 0x00, 0x00, 0x00, 0x00, 0x00, 0x00,
    0x00, 0x00, 0x00, 0x00, 0x00, 0x00, 0x00, 0x00, 0x00, 0x00, 0x00, 0x00, 0x00, 0x00, 0x00, 0x00,
    0x00, 0x00, 0x00, 0x00, 0x00, 0x00, 0x00, 0x00, 0x00, 0x00, 0x00, 0x00, 0x00, 0x00, 0x00, 0x00,
    0x00, 0x00, 0x00, 0x00, 0x00, 0x00, 0x00, 0x00, 0x00, 0x00, 0x00, 0x00, 0x00, 0x00, 0x00, 0x00,
    0x00, 0x00, 0x00, 0x00, 0x00, 0x00, 0x00, 0x00, 0x00, 0x00, 0x00, 0x00, 0x00, 0x00, 0x00, 0x00,
    0x00, 0x00, 0x00, 0x00, 0x00, 0x00, 0x00, 0x00, 0x00, 0x00, 0x00, 0x00, 0x00, 0x00, 0x00, 0x00,
    0x00, 0x00, 0x00, 0x00, 0x00, 0x00, 0x00, 0x00, 0x00, 0x00, 0x00, 0x00, 0x00, 0x00, 0x00, 0x00,
    0x00, 0x00, 0x00, 0x00, 0x00, 0x00, 0x00, 0x00, 0x00, 0x00, 0x00, 0x00, 0x00, 0x00, 0x00, 0x00,
    0x00, 0x00, 0x00, 0x00, 0x00, 0x00, 0x00, 0x00, 0x00, 0x00, 0x00, 0x00, 0x00, 0x00, 0x00, 0x00,
    0x00, 0x00, 0x00, 0x00, 0x00, 0x00, 0x00, 0x00, 0x00, 0x00, 0x00, 0x00, 0x00, 0x00, 0x00, 0x00,
    0x00, 0x00, 0x00, 0x00, 0x00, 0x00, 0x00, 0x00, 0x00, 0x00, 0x00, 0x00, 0x00, 0x00, 0x00, 0x00,
    0x00, 0x00, 0x00, 0x00, 0x00, 0x00, 0x00, 0x00, 0x00, 0x00, 0x00, 0x00, 0x00, 0x00, 0x00, 0x00,
    0x00, 0x00, 0x00, 0x00, 0x00, 0x00, 0x00, 0x00, 0x00, 0x00, 0x00, 0x00, 0x00, 0x00, 0x00, 0x00,
    0x00, 0x00, 0x00, 0x00, 0x00, 0x00, 0x00, 0x00, 0x00, 0x00, 0x00, 0x00, 0x00, 0x00, 0x00, 0x00,
    0x00, 0x00, 0x00, 0x00, 0x00, 0x00, 0x00, 0x00, 0x00, 0x00, 0x00, 0x00, 0x00, 0x00, 0x00, 0x00,
    0x00, 0x00, 0x00, 0x00, 0x00, 0x00, 0x00, 0x00, 0x00, 0x00, 0x00, 0x00, 0x00, 0x00, 0x00, 0x00,
    0x00, 0x00, 0x00, 0x00, 0x00, 0x00, 0x00, 0x00, 0x00, 0x00, 0x00, 0x00, 0x00, 0x00, 0x00, 0x00,
    0x00, 0x00, 0x00, 0x00, 0x00, 0x00, 0x00, 0x00, 0xE4, 0x08, 0x68, 0x19, 0xA9, 0x11, 0xCA, 0x19,
    0xEB, 0x11, 0xEC, 0x11, 0x0D, 0x12, 0x2D, 0x12, 0x4E, 0x12, 0x4E, 0x12, 0x2E, 0x12, 0x2E, 0x12,
    0x2D, 0x12, 0x2D, 0x12, 0x0C, 0x12, 0x0C, 0x1A, 0xEB, 0x19, 0xCA, 0x19, 0xC9, 0x21, 0x87, 0x21,
    0x41, 0x08, 0x00, 0x00, 0x00, 0x00, 0x00, 0x00, 0x00, 0x00, 0x00, 0x00, 0x00, 0x00, 0x00, 0x00,
    0x00, 0x00, 0x00, 0x00, 0x00, 0x00, 0x00, 0x00, 0x00, 0x00, 0x00, 0x00, 0x00, 0x00, 0x00, 0x00,
    0x00, 0x00, 0x00, 0x00, 0x00, 0x00, 0x00, 0x00, 0x00, 0x00, 0x00, 0x00, 0x00, 0x00, 0x00, 0x00,
    0x00, 0x00, 0x00, 0x00, 0x00, 0x00, 0x00, 0x00, 0x00, 0x00, 0x00, 0x00, 0x00, 0x00, 0x00, 0x00,
    0x00, 0x00, 0x00, 0x00, 0x00, 0x00, 0x00, 0x00, 0x00, 0x00, 0x00, 0x00, 0x00, 0x00, 0x00, 0x00,
    0x00, 0x00, 0x00, 0x00, 0x00, 0x00, 0x00, 0x00, 0x00, 0x00, 0x00, 0x00, 0x00, 0x00, 0x00, 0x00,
    0x00, 0x00, 0x00, 0x00, 0x00, 0x00, 0x00, 0x00, 0x00, 0x00, 0x00, 0x00, 0x00, 0x00, 0x00, 0x00,
    0x00, 0x00, 0x00, 0x00, 0x00, 0x00, 0x00, 0x00, 0x00, 0x00, 0x00, 0x00, 0x00, 0x00, 0x00, 0x00,
    0x00, 0x00, 0x00, 0x00, 0x00, 0x00, 0x00, 0x00, 0x00, 0x00, 0x00, 0x00, 0x00, 0x00, 0x00, 0x00,
    0x00, 0x00, 0x00, 0x00, 0x00, 0x00, 0x00, 0x00, 0x00, 0x00, 0x00, 0x00, 0x00, 0x00, 0x00, 0x00,
    0x00, 0x00, 0x00, 0x00, 0x00, 0x00, 0x00, 0x00, 0x00, 0x00, 0x00, 0x00, 0x00, 0x00, 0x00, 0x00,
    0x00, 0x00, 0x00, 0x00, 0x00, 0x00, 0x00, 0x00, 0x00, 0x00, 0x00, 0x00, 0x00, 0x00, 0x00, 0x00,
    0x00, 0x00, 0x00, 0x00, 0x00, 0x00, 0x00, 0x00, 0x00, 0x00, 0x00, 0x00, 0x00, 0x00, 0x00, 0x00,
    0x00, 0x00, 0x00, 0x00, 0x00, 0x00, 0x00, 0x00, 0x00, 0x00, 0x00, 0x00, 0x00, 0x00, 0x00, 0x00,
    0x00, 0x00, 0x00, 0x00, 0x00, 0x00, 0x00, 0x00, 0x00, 0x00, 0x00, 0x00, 0x00, 0x00, 0x00, 0x00,
    0x00, 0x00, 0x00, 0x00, 0x00, 0x00, 0x00, 0x00, 0x00, 0x00, 0x00, 0x00, 0x00, 0x00, 0x00, 0x00,
    0x00, 0x00, 0x00, 0x00, 0x00, 0x00, 0x00, 0x00, 0x00, 0x00, 0x00, 0x00, 0x00, 0x00, 0x00, 0x00,
    0x00, 0x00, 0x00, 0x00, 0x00, 0x00, 0x00, 0x00, 0x00, 0x00, 0x00, 0x00, 0x00, 0x00, 0x00, 0x00,
    0x00, 0x00, 0x00, 0x00, 0x00, 0x00, 0x00, 0x00, 0x00, 0x00, 0x00, 0x00, 0x00, 0x00, 0x00, 0x00,
    0x00, 0x00, 0x00, 0x00, 0x00, 0x00, 0x00, 0x00, 0x00, 0x00, 0x00, 0x00, 0x00, 0x00, 0x00, 0x00,
    0x00, 0x00, 0x00, 0x00, 0x00, 0x00, 0x00, 0x00, 0x00, 0x00, 0x00, 0x00, 0x00, 0x00, 0x00, 0x00,
    0x00, 0x00, 0x00, 0x00, 0x00, 0x00, 0x00, 0x00, 0x00, 0x00, 0x00, 0x00, 0x00, 0x00, 0x00, 0x00,
    0x00, 0x00, 0x00, 0x00, 0x00, 0x00, 0x00, 0x00, 0x00, 0x00, 0x00, 0x00, 0x00, 0x00, 0x00, 0x00,
    0x00, 0x00, 0x00, 0x00, 0x00, 0x00, 0x00, 0x00, 0x00, 0x00, 0x00, 0x00, 0x00, 0x00, 0x00, 0x00,
    0x00, 0x00, 0x00, 0x00, 0x00, 0x00, 0x00, 0x00, 0x00, 0x00, 0x00, 0x00, 0x00, 0x00, 0x00, 0x00,
    0x00, 0x00, 0x00, 0x00, 0x00, 0x00, 0x00, 0x00, 0x00, 0x00, 0x00, 0x00, 0x00, 0x00, 0x00, 0x00,
    0x00, 0x00, 0x00, 0x00, 0x00, 0x00, 0x00, 0x00, 0x00, 0x00, 0x00, 0x00, 0x00, 0x00, 0x00, 0x00,
    0x00, 0x00, 0x00, 0x00, 0x00, 0x00, 0x00, 0x00, 0x00, 0x00, 0x00, 0x00, 0x00, 0x00, 0x00, 0x00,
    0x00, 0x00, 0x00, 0x00, 0x00, 0x00, 0x00, 0x00, 0x00, 0x00, 0x00, 0x00, 0x00, 0x00, 0x00, 0x00,
    0x00, 0x00, 0x00, 0x00, 0x00, 0x00, 0x00, 0x00, 0x00, 0x00, 0x00, 0x00, 0x00, 0x00, 0x82, 0x08,
    0xCB, 0x09, 0xED, 0x01, 0xED, 0x01, 0xED, 0x01, 0xED, 0x01, 0xED, 0x01, 0x0E, 0x02, 0x0E, 0x02,
    0x0E, 0x02, 0x0E, 0x02, 0x0E, 0x02, 0x0E, 0x02, 0x0E, 0x02, 0x0E, 0x02, 0xEE, 0x01, 0xED, 0x01,
    0xED, 0x01, 0xED, 0x01, 0xED, 0x01, 0xEC, 0x11, 0xC4, 0x10, 0x00, 0x00, 0x00, 0x00, 0x00, 0x00,
    0x00, 0x00, 0x00, 0x00, 0x00, 0x00, 0x00, 0x00, 0x00, 0x00, 0x00, 0x00, 0x00, 0x00, 0x00, 0x00,
    0x00, 0x00, 0x00, 0x00, 0x00, 0x00, 0x00, 0x00, 0x00, 0x00, 0x00, 0x00, 0x00, 0x00, 0x00, 0x00,
    0x00, 0x00, 0x00, 0x00, 0x00, 0x00, 0x00, 0x00, 0x00, 0x00, 0x00, 0x00, 0x00, 0x00, 0x00, 0x00,
    0x00, 0x00, 0x00, 0x00, 0x00, 0x00, 0x00, 0x00, 0x00, 0x00, 0x00, 0x00, 0x00, 0x00, 0x00, 0x00,
    0x00, 0x00, 0x00, 0x00, 0x00, 0x00, 0x00, 0x00, 0x00, 0x00, 0x00, 0x00, 0x00, 0x00, 0x00, 0x00,
    0x00, 0x00, 0x00, 0x00, 0x00, 0x00, 0x00, 0x00, 0x00, 0x00, 0x00, 0x00, 0x00, 0x00, 0x00, 0x00,
    0x00, 0x00, 0x00, 0x00, 0x00, 0x00, 0x00, 0x00, 0x00, 0x00, 0x00, 0x00, 0x00, 0x00, 0x00, 0x00,
    0x00, 0x00, 0x00, 0x00, 0x00, 0x00, 0x00, 0x00, 0x00, 0x00, 0x00, 0x00, 0x00, 0x00, 0x00, 0x00,
    0x00, 0x00, 0x00, 0x00, 0x00, 0x00, 0x00, 0x00, 0x00, 0x00, 0x00, 0x00, 0x00, 0x00, 0x00, 0x00,
    0x00, 0x00, 0x00, 0x00, 0x00, 0x00, 0x00, 0x00, 0x00, 0x00, 0x00, 0x00, 0x00, 0x00, 0x00, 0x00,
    0x00, 0x00, 0x00, 0x00, 0x00, 0x00, 0x00, 0x00, 0x00, 0x00, 0x00, 0x00, 0x00, 0x00, 0x00, 0x00,
    0x00, 0x00, 0x00, 0x00, 0x00, 0x00, 0x00, 0x00, 0x00, 0x00, 0x00, 0x00, 0x00, 0x00, 0x00, 0x00,
    0x00, 0x00, 0x00, 0x00, 0x00, 0x00, 0x00, 0x00, 0x00, 0x00, 0x00, 0x00, 0x00, 0x00, 0x00, 0x00,
    0x00, 0x00, 0x00, 0x00, 0x00, 0x00, 0x00, 0x00, 0x00, 0x00, 0x00, 0x00, 0x00, 0x00, 0x00, 0x00,
    0x00, 0x00, 0x00, 0x00, 0x00, 0x00, 0x00, 0x00, 0x00, 0x00, 0x00, 0x00, 0x00, 0x00, 0x00, 0x00,
    0x00, 0x00, 0x00, 0x00, 0x00, 0x00, 0x00, 0x00, 0x00, 0x00, 0x00, 0x00, 0x00, 0x00, 0x00, 0x00,
    0x00, 0x00, 0x00, 0x00, 0x00, 0x00, 0x00, 0x00, 0x00, 0x00, 0x00, 0x00, 0x00, 0x00, 0x00, 0x00,
    0x00, 0x00, 0x00, 0x00, 0x00, 0x00, 0x00, 0x00, 0x00, 0x00, 0x00, 0x00, 0x00, 0x00, 0x00, 0x00,
    0x00, 0x00, 0x00, 0x00, 0x00, 0x00, 0x00, 0x00, 0x00, 0x00, 0x00, 0x00, 0x00, 0x00, 0x00, 0x00,
    0x00, 0x00, 0x00, 0x00, 0x00, 0x00, 0x00, 0x00, 0x00, 0x00, 0x00, 0x00, 0x00, 0x00, 0x00, 0x00,
    0x00, 0x00, 0x00, 0x00, 0x00, 0x00, 0x00, 0x00, 0x00, 0x00, 0x00, 0x00, 0x00, 0x00, 0x00, 0x00,
    0x00, 0x00, 0x00, 0x00, 0x00, 0x00, 0x00, 0x00, 0x00, 0x00, 0x00, 0x00, 0x00, 0x00, 0x00, 0x00,
    0x00, 0x00, 0x00, 0x00, 0x00, 0x00, 0x00, 0x00, 0x00, 0x00, 0x00, 0x00, 0x00, 0x00, 0x00, 0x00,
    0x00, 0x00, 0x00, 0x00, 0x00, 0x00, 0x00, 0x00, 0x00, 0x00, 0x00, 0x00, 0x00, 0x00, 0x00, 0x00,
    0x00, 0x00, 0x00, 0x00, 0x00, 0x00, 0x00, 0x00, 0x00, 0x00, 0x00, 0x00, 0x00, 0x00, 0x00, 0x00,
    0x00, 0x00, 0x00, 0x00, 0x00, 0x00, 0x00, 0x00, 0x00, 0x00, 0x00, 0x00, 0x00, 0x00, 0x00, 0x00,
    0x00, 0x00, 0x00, 0x00, 0x00, 0x00, 0x00, 0x00, 0x00, 0x00, 0x00, 0x00, 0x00, 0x00, 0x00, 0x00,
    0x00, 0x00, 0x00, 0x00, 0x00, 0x00, 0x00, 0x00, 0x00, 0x00, 0x00, 0x00, 0x00, 0x00, 0x00, 0x00,
    0x00, 0x00, 0x00, 0x00, 0x00, 0x00, 0x00, 0x00, 0x00, 0x00, 0x00, 0x00, 0x00, 0x00, 0x00, 0x00,
    0x00, 0x00, 0x00, 0x00, 0x00, 0x00, 0x05, 0x11, 0xED, 0x09, 0xED, 0x01, 0xED, 0x01, 0xED, 0x01,
    0x0E, 0x02, 0x0E, 0x02, 0x0E, 0x02, 0x0E, 0x02, 0x0E, 0x02, 0x0E, 0x02, 0x0E, 0x02, 0x0E, 0x02,
    0x0E, 0x02, 0x0E, 0x02, 0x0E, 0x02, 0x0E, 0x02, 0xED, 0x01, 0xED, 0x01, 0xED, 0x01, 0x0D, 0x0A,
    0x26, 0x11, 0x00, 0x00, 0x00, 0x00, 0x00, 0x00, 0x00, 0x00, 0x00, 0x00, 0x00, 0x00, 0x00, 0x00,
    0x00, 0x00, 0x00, 0x00, 0x00, 0x00, 0x00, 0x00, 0x00, 0x00, 0x00, 0x00, 0x00, 0x00, 0x00, 0x00,
    0x00, 0x00, 0x00, 0x00, 0x00, 0x00, 0x00, 0x00, 0x00, 0x00, 0x00, 0x00, 0x00, 0x00, 0x00, 0x00,
    0x00, 0x00, 0x00, 0x00, 0x00, 0x00, 0x00, 0x00, 0x00, 0x00, 0x00, 0x00, 0x00, 0x00, 0x00, 0x00,
    0x00, 0x00, 0x00, 0x00, 0x00, 0x00, 0x00, 0x00, 0x00, 0x00, 0x00, 0x00, 0x00, 0x00, 0x00, 0x00,
    0x00, 0x00, 0x00, 0x00, 0x00, 0x00, 0x00, 0x00, 0x00, 0x00, 0x00, 0x00, 0x00, 0x00, 0x00, 0x00,
    0x00, 0x00, 0x00, 0x00, 0x00, 0x00, 0x00, 0x00, 0x00, 0x00, 0x00, 0x00, 0x00, 0x00, 0x00, 0x00,
    0x00, 0x00, 0x00, 0x00, 0x00, 0x00, 0x00, 0x00, 0x00, 0x00, 0x00, 0x00, 0x00, 0x00, 0x00, 0x00,
    0x00, 0x00, 0x00, 0x00, 0x00, 0x00, 0x00, 0x00, 0x00, 0x00, 0x00, 0x00, 0x00, 0x00, 0x00, 0x00,
    0x00, 0x00, 0x00, 0x00, 0x00, 0x00, 0x00, 0x00, 0x00, 0x00, 0x00, 0x00, 0x00, 0x00, 0x00, 0x00,
    0x00, 0x00, 0x00, 0x00, 0x00, 0x00, 0x00, 0x00, 0x00, 0x00, 0x00, 0x00, 0x00, 0x00, 0x00, 0x00,
    0x00, 0x00, 0x00, 0x00, 0x00, 0x00, 0x00, 0x00, 0x00, 0x00, 0x00, 0x00, 0x00, 0x00, 0x00, 0x00,
    0x00, 0x00, 0x00, 0x00, 0x00, 0x00, 0x00, 0x00, 0x00, 0x00, 0x00, 0x00, 0x00, 0x00, 0x00, 0x00,
    0x00, 0x00, 0x00, 0x00, 0x00, 0x00, 0x00, 0x00, 0x00, 0x00, 0x00, 0x00, 0x00, 0x00, 0x00, 0x00,
    0x00, 0x00, 0x00, 0x00, 0x00, 0x00, 0x00, 0x00, 0x00, 0x00, 0x00, 0x00, 0x00, 0x00, 0x00, 0x00,
    0x00, 0x00, 0x00, 0x00, 0x00, 0x00, 0x00, 0x00, 0x00, 0x00, 0x00, 0x00, 0x00, 0x00, 0x00, 0x00,
    0x00, 0x00, 0x00, 0x00, 0x00, 0x00, 0x00, 0x00, 0x00, 0x00, 0x00, 0x00, 0x00, 0x00, 0x00, 0x00,
    0x00, 0x00, 0x00, 0x00, 0x00, 0x00, 0x00, 0x00, 0x00, 0x00, 0x00, 0x00, 0x00, 0x00, 0x00, 0x00,
    0x00, 0x00, 0x00, 0x00, 0x00, 0x00, 0x00, 0x00, 0x00, 0x00, 0x00, 0x00, 0x00, 0x00, 0x00, 0x00,
    0x00, 0x00, 0x00, 0x00, 0x00, 0x00, 0x00, 0x00, 0x00, 0x00, 0x00, 0x00, 0x00, 0x00, 0x00, 0x00,
    0x00, 0x00, 0x00, 0x00, 0x00, 0x00, 0x00, 0x00, 0x00, 0x00, 0x00, 0x00, 0x00, 0x00, 0x00, 0x00,
    0x00, 0x00, 0x00, 0x00, 0x00, 0x00, 0x00, 0x00, 0x00, 0x00, 0x00, 0x00, 0x00, 0x00, 0x00, 0x00,
    0x00, 0x00, 0x00, 0x00, 0x00, 0x00, 0x00, 0x00, 0x00, 0x00, 0x00, 0x00, 0x00, 0x00, 0x00, 0x00,
    0x00, 0x00, 0x00, 0x00, 0x00, 0x00, 0x00, 0x00, 0x00, 0x00, 0x00, 0x00, 0x00, 0x00, 0x00, 0x00,
    0x00, 0x00, 0x00, 0x00, 0x00, 0x00, 0x00, 0x00, 0x00, 0x00, 0x00, 0x00, 0x00, 0x00, 0x00, 0x00,
    0x00, 0x00, 0x00, 0x00, 0x00, 0x00, 0x00, 0x00, 0x00, 0x00, 0x00, 0x00, 0x00, 0x00, 0x00, 0x00,
    0x00, 0x00, 0x00, 0x00, 0x00, 0x00, 0x00, 0x00, 0x00, 0x00, 0x00, 0x00, 0x00, 0x00, 0x00, 0x00,
    0x00, 0x00, 0x00, 0x00, 0x00, 0x00, 0x00, 0x00, 0x00, 0x00, 0x00, 0x00, 0x00, 0x00, 0x00, 0x00,
    0x00, 0x00, 0x00, 0x00, 0x00, 0x00, 0x00, 0x00, 0x00, 0x00, 0x00, 0x00, 0x00, 0x00, 0x00, 0x00,
    0x00, 0x00, 0x00, 0x00, 0x00, 0x00, 0x00, 0x00, 0x00, 0x00, 0x00, 0x00, 0x00, 0x00, 0x88, 0x19,
    0x0E, 0x0A, 0x0E, 0x02, 0xEE, 0x01, 0xED, 0x01, 0xED, 0x01, 0xEE, 0x01, 0xEE, 0x01, 0x0E, 0x02,
    0x0E, 0x02, 0x0E, 0x02, 0x0E, 0x02, 0x0E, 0x02, 0x0E, 0x02, 0x0E, 0x02, 0xEE, 0x01, 0xED, 0x01,
    0xED, 0x01, 0x0E, 0x02, 0x0E, 0x02, 0x0E, 0x0A, 0x89, 0x19, 0x00, 0x00, 0x00, 0x00, 0x00, 0x00,
    0x00, 0x00, 0x00, 0x00, 0x00, 0x00, 0x00, 0x00, 0x00, 0x00, 0x00, 0x00, 0x00, 0x00, 0x00, 0x00,
    0x00, 0x00, 0x00, 0x00, 0x00, 0x00, 0x00, 0x00, 0x00, 0x00, 0x00, 0x00, 0x00, 0x00, 0x00, 0x00,
    0x00, 0x00, 0x00, 0x00, 0x00, 0x00, 0x00, 0x00, 0x00, 0x00, 0x00, 0x00, 0x00, 0x00, 0x00, 0x00,
    0x00, 0x00, 0x00, 0x00, 0x00, 0x00, 0x00, 0x00, 0x00, 0x00, 0x00, 0x00, 0x00, 0x00, 0x00, 0x00,
    0x00, 0x00, 0x00, 0x00, 0x00, 0x00, 0x00, 0x00, 0x00, 0x00, 0x00, 0x00, 0x00, 0x00, 0x00, 0x00,
    0x00, 0x00, 0x00, 0x00, 0x00, 0x00, 0x00, 0x00, 0x00, 0x00, 0x00, 0x00, 0x00, 0x00, 0x00, 0x00,
    0x00, 0x00, 0x00, 0x00, 0x00, 0x00, 0x00, 0x00, 0x00, 0x00, 0x00, 0x00, 0x00, 0x00, 0x00, 0x00,
    0x00, 0x00, 0x00, 0x00, 0x00, 0x00, 0x00, 0x00, 0x00, 0x00, 0x00, 0x00, 0x00, 0x00, 0x00, 0x00,
    0x00, 0x00, 0x00, 0x00, 0x00, 0x00, 0x00, 0x00, 0x00, 0x00, 0x00, 0x00, 0x00, 0x00, 0x00, 0x00,
    0x00, 0x00, 0x00, 0x00, 0x00, 0x00, 0x00, 0x00, 0x00, 0x00, 0x00, 0x00, 0x00, 0x00, 0x00, 0x00,
    0x00, 0x00, 0x00, 0x00, 0x00, 0x00, 0x00, 0x00, 0x00, 0x00, 0x00, 0x00, 0x00, 0x00, 0x00, 0x00,
    0x00, 0x00, 0x00, 0x00, 0x00, 0x00, 0x00, 0x00, 0x00, 0x00, 0x00, 0x00, 0x00, 0x00, 0x00, 0x00,
    0x00, 0x00, 0x00, 0x00, 0x00, 0x00, 0x00, 0x00, 0x00, 0x00, 0x00, 0x00, 0x00, 0x00, 0x00, 0x00,
    0x00, 0x00, 0x00, 0x00, 0x00, 0x00, 0x00, 0x00, 0x00, 0x00, 0x00, 0x00, 0x00, 0x00, 0x00, 0x00,
    0x00, 0x00, 0x00, 0x00, 0x00, 0x00, 0x00, 0x00, 0x00, 0x00, 0x00, 0x00, 0x00, 0x00, 0x00, 0x00,
    0x00, 0x00, 0x00, 0x00, 0x00, 0x00, 0x00, 0x00, 0x00, 0x00, 0x00, 0x00, 0x00, 0x00, 0x00, 0x00,
    0x00, 0x00, 0x00, 0x00, 0x00, 0x00, 0x00, 0x00, 0x00, 0x00, 0x00, 0x00, 0x00, 0x00, 0x00, 0x00,
    0x00, 0x00, 0x00, 0x00, 0x00, 0x00, 0x00, 0x00, 0x00, 0x00, 0x00, 0x00, 0x00, 0x00, 0x00, 0x00,
    0x00, 0x00, 0x00, 0x00, 0x00, 0x00, 0x00, 0x00, 0x00, 0x00, 0x00, 0x00, 0x00, 0x00, 0x00, 0x00,
    0x00, 0x00, 0x00, 0x00, 0x00, 0x00, 0x00, 0x00, 0x00, 0x00, 0x00, 0x00, 0x00, 0x00, 0x00, 0x00,
    0x00, 0x00, 0x00, 0x00, 0x00, 0x00, 0x00, 0x00, 0x00, 0x00, 0x00, 0x00, 0x00, 0x00, 0x00, 0x00,
    0x00, 0x00, 0x00, 0x00, 0x00, 0x00, 0x00, 0x00, 0x00, 0x00, 0x00, 0x00, 0x00, 0x00, 0x00, 0x00,
    0x00, 0x00, 0x00, 0x00, 0x00, 0x00, 0x00, 0x00, 0x00, 0x00, 0x00, 0x00, 0x00, 0x00, 0x00, 0x00,
    0x00, 0x00, 0x00, 0x00, 0x00, 0x00, 0x00, 0x00, 0x00, 0x00, 0x00, 0x00, 0x00, 0x00, 0x00, 0x00,
    0x00, 0x00, 0x00, 0x00, 0x00, 0x00, 0x00, 0x00, 0x00, 0x00, 0x00, 0x00, 0x00, 0x00, 0x00, 0x00,
    0x00, 0x00, 0x00, 0x00, 0x00, 0x00, 0x00, 0x00, 0x00, 0x00, 0x00, 0x00, 0x00, 0x00, 0x00, 0x00,
    0x00, 0x00, 0x00, 0x00, 0x00, 0x00, 0x00, 0x00, 0x00, 0x00, 0x00, 0x00, 0x00, 0x00, 0x00, 0x00,
    0x00, 0x00, 0x00, 0x00, 0x00, 0x00, 0x00, 0x00, 0x00, 0x00, 0x00, 0x00, 0x00, 0x00, 0x00, 0x00,
    0x00, 0x00, 0x00, 0x00, 0x00, 0x00, 0x00, 0x00, 0x00, 0x00, 0x00, 0x00, 0x00, 0x00, 0x00, 0x00,
    0x00, 0x00, 0x00, 0x00, 0x20, 0x00, 0xAA, 0x11, 0x0E, 0x02, 0x0E, 0x02, 0x0E, 0x02, 0x0E, 0x02,
    0x2F, 0x0A, 0x4F, 0x0A, 0x4F, 0x0A, 0x4E, 0x12, 0xAA, 0x11, 0x89, 0x09, 0x8A, 0x09, 0xAA, 0x11,
    0x4F, 0x12, 0x50, 0x0A, 0x4F, 0x0A, 0x2F, 0x0A, 0x0E, 0x02, 0x0E, 0x02, 0x0E, 0x02, 0x0E, 0x02,
    0xCB, 0x11, 0x20, 0x00, 0x00, 0x00, 0x00, 0x00, 0x00, 0x00, 0x00, 0x00, 0x00, 0x00, 0x00, 0x00,
    0x00, 0x00, 0x00, 0x00, 0x00, 0x00, 0x00, 0x00, 0x00, 0x00, 0x00, 0x00, 0x00, 0x00, 0x00, 0x00,
    0x00, 0x00, 0x00, 0x00, 0x00, 0x00, 0x00, 0x00, 0x00, 0x00, 0x00, 0x00, 0x00, 0x00, 0x00, 0x00,
    0x00, 0x00, 0x00, 0x00, 0x00, 0x00, 0x00, 0x00, 0x00, 0x00, 0x00, 0x00, 0x00, 0x00, 0x00, 0x00,
    0x00, 0x00, 0x00, 0x00, 0x00, 0x00, 0x00, 0x00, 0x00, 0x00, 0x00, 0x00, 0x00, 0x00, 0x00, 0x00,
    0x00, 0x00, 0x00, 0x00, 0x00, 0x00, 0x00, 0x00, 0x00, 0x00, 0x00, 0x00, 0x00, 0x00, 0x00, 0x00,
    0x00, 0x00, 0x00, 0x00, 0x00, 0x00, 0x00, 0x00, 0x00, 0x00, 0x00, 0x00, 0x00, 0x00, 0x00, 0x00,
    0x00, 0x00, 0x00, 0x00, 0x00, 0x00, 0x00, 0x00, 0x00, 0x00, 0x00, 0x00, 0x00, 0x00, 0x00, 0x00,
    0x00, 0x00, 0x00, 0x00, 0x00, 0x00, 0x00, 0x00, 0x00, 0x00, 0x00, 0x00, 0x00, 0x00, 0x00, 0x00,
    0x00, 0x00, 0x00, 0x00, 0x00, 0x00, 0x00, 0x00, 0x00, 0x00, 0x00, 0x00, 0x00, 0x00, 0x00, 0x00,
    0x00, 0x00, 0x00, 0x00, 0x00, 0x00, 0x00, 0x00, 0x00, 0x00, 0x00, 0x00, 0x00, 0x00, 0x00, 0x00,
    0x00, 0x00, 0x00, 0x00, 0x00, 0x00, 0x00, 0x00, 0x00, 0x00, 0x00, 0x00, 0x00, 0x00, 0x00, 0x00,
    0x00, 0x00, 0x00, 0x00, 0x00, 0x00, 0x00, 0x00, 0x00, 0x00, 0x00, 0x00, 0x00, 0x00, 0x00, 0x00,
    0x00, 0x00, 0x00, 0x00, 0x00, 0x00, 0x00, 0x00, 0x00, 0x00, 0x00, 0x00, 0x00, 0x00, 0x00, 0x00,
    0x00, 0x00, 0x00, 0x00, 0x00, 0x00, 0x00, 0x00, 0x00, 0x00, 0x00, 0x00, 0x00, 0x00, 0x00, 0x00,
    0x00, 0x00, 0x00, 0x00, 0x00, 0x00, 0x00, 0x00, 0x00, 0x00, 0x00, 0x00, 0x00, 0x00, 0x00, 0x00,
    0x00, 0x00, 0x00, 0x00, 0x00, 0x00, 0x00, 0x00, 0x00, 0x00, 0x00, 0x00, 0x00, 0x00, 0x00, 0x00,
    0x00, 0x00, 0x00, 0x00, 0x00, 0x00, 0x00, 0x00, 0x00, 0x00, 0x00, 0x00, 0x00, 0x00, 0x00, 0x00,
    0x00, 0x00, 0x00, 0x00, 0x00, 0x00, 0x00, 0x00, 0x00, 0x00, 0x00, 0x00, 0x00, 0x00, 0x00, 0x00,
    0x00, 0x00, 0x00, 0x00, 0x00, 0x00, 0x00, 0x00, 0x00, 0x00, 0x00, 0x00, 0x00, 0x00, 0x00, 0x00,
    0x00, 0x00, 0x00, 0x00, 0x00, 0x00, 0x00, 0x00, 0x00, 0x00, 0x00, 0x00, 0x00, 0x00, 0x00, 0x00,
    0x00, 0x00, 0x00, 0x00, 0x00, 0x00, 0x00, 0x00, 0x00, 0x00, 0x00, 0x00, 0x00, 0x00, 0x00, 0x00,
    0x00, 0x00, 0x00, 0x00, 0x00, 0x00, 0x00, 0x00, 0x00, 0x00, 0x00, 0x00, 0x00, 0x00, 0x00, 0x00,
    0x00, 0x00, 0x00, 0x00, 0x00, 0x00, 0x00, 0x00, 0x00, 0x00, 0x00, 0x00, 0x00, 0x00, 0x00, 0x00,
    0x00, 0x00, 0x00, 0x00, 0x00, 0x00, 0x00, 0x00, 0x00, 0x00, 0x00, 0x00, 0x00, 0x00, 0x00, 0x00,
    0x00, 0x00, 0x00, 0x00, 0x00, 0x00, 0x00, 0x00, 0x00, 0x00, 0x00, 0x00, 0x00, 0x00, 0x00, 0x00,
    0x00, 0x00, 0x00, 0x00, 0x00, 0x00, 0x00, 0x00, 0x00, 0x00, 0x00, 0x00, 0x00, 0x00, 0x00, 0x00,
    0x00, 0x00, 0x00, 0x00, 0x00, 0x00, 0x00, 0x00, 0x83, 0x08, 0xA3, 0x08, 0x00, 0x00, 0x00, 0x00,
    0x00, 0x00, 0x00, 0x00, 0x00, 0x00, 0x00, 0x00, 0x00, 0x00, 0x00, 0x00, 0x00, 0x00, 0x00, 0x00,
    0x00, 0x00, 0x00, 0x00, 0x00, 0x00, 0x00, 0x00, 0x00, 0x00, 0x00, 0x00, 0x41, 0x08, 0xEC, 0x11,
    0x0E, 0x02, 0x0E, 0x02, 0x0E, 0x02, 0x70, 0x0A, 0x35, 0x13, 0x35, 0x13, 0x35, 0x13, 0xD0, 0x22,
    0x82, 0x10, 0x20, 0x00, 0x20, 0x00, 0x61, 0x08, 0x8F, 0x22, 0x35, 0x13, 0x35, 0x13, 0x55, 0x13,
    0x90, 0x0A, 0x0E, 0x02, 0x0E, 0x02, 0x0E, 0x02, 0xEC, 0x11, 0x61, 0x08, 0x00, 0x00, 0x00, 0x00,
    0x00, 0x00, 0x00, 0x00, 0x00, 0x00, 0x00, 0x00, 0x00, 0x00, 0x00, 0x00, 0x00, 0x00, 0x00, 0x00,
    0x00, 0x00, 0x00, 0x00, 0x00, 0x00, 0x00, 0x00, 0x00, 0x00, 0x00, 0x00, 0xC3, 0x08, 0xC3, 0x10,
    0x20, 0x00, 0x00, 0x00, 0x00, 0x00, 0x00, 0x00, 0x00, 0x00, 0x00, 0x00, 0x00, 0x00, 0x00, 0x00,
    0x00, 0x00, 0x00, 0x00, 0x00, 0x00, 0x00, 0x00, 0x00, 0x00, 0x00, 0x00, 0x00, 0x00, 0x00, 0x00,
    0x00, 0x00, 0x00, 0x00, 0x00, 0x00, 0x00, 0x00, 0x00, 0x00, 0x00, 0x00, 0x00, 0x00, 0x00, 0x00,
    0x00, 0x00, 0x00, 0x00, 0x00, 0x00, 0x00, 0x00, 0x00, 0x00, 0x00, 0x00, 0x00, 0x00, 0x00, 0x00,
    0x00, 0x00, 0x00, 0x00, 0x00, 0x00, 0x00, 0x00, 0x00, 0x00, 0x00, 0x00, 0x00, 0x00, 0x00, 0x00,
    0x00, 0x00, 0x00, 0x00, 0x00, 0x00, 0x00, 0x00, 0x00, 0x00, 0x00, 0x00, 0x00, 0x00, 0x00, 0x00,
    0x00, 0x00, 0x00, 0x00, 0x00, 0x00, 0x00, 0x00, 0x00, 0x00, 0x00, 0x00, 0x00, 0x00, 0x00, 0x00,
    0x00, 0x00, 0x00, 0x00, 0x00, 0x00, 0x00, 0x00, 0x00, 0x00, 0x00, 0x00, 0x00, 0x00, 0x00, 0x00,
    0x00, 0x00, 0x00, 0x00, 0x00, 0x00, 0x00, 0x00, 0x00, 0x00, 0x00, 0x00, 0x00, 0x00, 0x00, 0x00,
    0x00, 0x00, 0x00, 0x00, 0x00, 0x00, 0x00, 0x00, 0x00, 0x00, 0x00, 0x00, 0x00, 0x00, 0x00, 0x00,
    0x00, 0x00, 0x00, 0x00, 0x00, 0x00, 0x00, 0x00, 0x00, 0x00, 0x00, 0x00, 0x00, 0x00, 0x00, 0x00,
    0x00, 0x00, 0x00, 0x00, 0x00, 0x00, 0x00, 0x00, 0x00, 0x00, 0x00, 0x00, 0x00, 0x00, 0x00, 0x00,
    0x00, 0x00, 0x00, 0x00, 0x00, 0x00, 0x00, 0x00, 0x00, 0x00, 0x00, 0x00, 0x00, 0x00, 0x00, 0x00,
    0x00, 0x00, 0x00, 0x00, 0x00, 0x00, 0x00, 0x00, 0x00, 0x00, 0x00, 0x00, 0x00, 0x00, 0x00, 0x00,
    0x00, 0x00, 0x00, 0x00, 0x00, 0x00, 0x00, 0x00, 0x00, 0x00, 0x00, 0x00, 0x00, 0x00, 0x00, 0x00,
    0x00, 0x00, 0x00, 0x00, 0x00, 0x00, 0x00, 0x00, 0x00, 0x00, 0x00, 0x00, 0x00, 0x00, 0x00, 0x00,
    0x00, 0x00, 0x00, 0x00, 0x00, 0x00, 0x00, 0x00, 0x00, 0x00, 0x00, 0x00, 0x00, 0x00, 0x00, 0x00,
    0x00, 0x00, 0x00, 0x00, 0x00, 0x00, 0x00, 0x00, 0x00, 0x00, 0x00, 0x00, 0x00, 0x00, 0x00, 0x00,
    0x00, 0x00, 0x00, 0x00, 0x00, 0x00, 0x00, 0x00, 0x00, 0x00, 0x00, 0x00, 0x00, 0x00, 0x00, 0x00,
    0x00, 0x00, 0x00, 0x00, 0x00, 0x00, 0x00, 0x00, 0x00, 0x00, 0x00, 0x00, 0x00, 0x00, 0x00, 0x00,
    0x00, 0x00, 0x00, 0x00, 0x00, 0x00, 0x00, 0x00, 0x00, 0x00, 0x00, 0x00, 0x00, 0x00, 0x00, 0x00,
    0x00, 0x00, 0x00, 0x00, 0x00, 0x00, 0x00, 0x00, 0x00, 0x00, 0x00, 0x00, 0x00, 0x00, 0x00, 0x00,
    0x00, 0x00, 0x00, 0x00, 0x00, 0x00, 0x00, 0x00, 0x00, 0x00, 0x00, 0x00, 0x00, 0x00, 0x00, 0x00,
    0x00, 0x00, 0x00, 0x00, 0x00, 0x00, 0x00, 0x00, 0x00, 0x00, 0x00, 0x00, 0x00, 0x00, 0x00, 0x00,
    0x00, 0x00, 0x00, 0x00, 0x00, 0x00, 0x00, 0x00, 0x00, 0x00, 0x00, 0x00, 0x83, 0x08, 0x68, 0x11,
    0x0D, 0x12, 0x0D, 0x0A, 0x05, 0x11, 0x00, 0x00, 0x00, 0x00, 0x00, 0x00, 0x00, 0x00, 0x00, 0x00,
    0x00, 0x00, 0x00, 0x00, 0x00, 0x00, 0x00, 0x00, 0x00, 0x00, 0x00, 0x00, 0x00, 0x00, 0x00, 0x00,
    0x00, 0x00, 0x00, 0x00, 0x82, 0x08, 0xEC, 0x11, 0x0E, 0x02, 0x0E, 0x02, 0x0E, 0x02, 0xB2, 0x0A,
    0x76, 0x13, 0x55, 0x13, 0x55, 0x13, 0xF1, 0x22, 0x82, 0x10, 0x00, 0x00, 0x00, 0x00, 0x20, 0x00,
    0x6E, 0x1A, 0x55, 0x13, 0x55, 0x13, 0x76, 0x13, 0xD2, 0x0A, 0x0E, 0x02, 0x0E, 0x02, 0xEE, 0x01,
    0xEC, 0x11, 0xC3, 0x10, 0x00, 0x00, 0x00, 0x00, 0x00, 0x00, 0x00, 0x00, 0x00, 0x00, 0x00, 0x00,
    0x00, 0x00, 0x00, 0x00, 0x00, 0x00, 0x00, 0x00, 0x00, 0x00, 0x00, 0x00, 0x00, 0x00, 0x00, 0x00,
    0x00, 0x00, 0x26, 0x11, 0x0D, 0x0A, 0x2D, 0x12, 0xA9, 0x19, 0xC4, 0x10, 0x20, 0x00, 0x00, 0x00,
    0x00, 0x00, 0x00, 0x00, 0x00, 0x00, 0x00, 0x00, 0x00, 0x00, 0x00, 0x00, 0x00, 0x00, 0x00, 0x00,
    0x00, 0x00, 0x00, 0x00, 0x00, 0x00, 0x00, 0x00, 0x00, 0x00, 0x00, 0x00, 0x00, 0x00, 0x00, 0x00,
    0x00, 0x00, 0x00, 0x00, 0x00, 0x00, 0x00, 0x00, 0x00, 0x00, 0x00, 0x00, 0x00, 0x00, 0x00, 0x00,
    0x00, 0x00, 0x00, 0x00, 0x00, 0x00, 0x00, 0x00, 0x00, 0x00, 0x00, 0x00, 0x00, 0x00, 0x00, 0x00,
    0x00, 0x00, 0x00, 0x00, 0x00, 0x00, 0x00, 0x00, 0x00, 0x00, 0x00, 0x00, 0x00, 0x00, 0x00, 0x00,
    0x00, 0x00, 0x00, 0x00, 0x00, 0x00, 0x00, 0x00, 0x00, 0x00, 0x00, 0x00, 0x00, 0x00, 0x00, 0x00,
    0x00, 0x00, 0x00, 0x00, 0x00, 0x00, 0x00, 0x00, 0x00, 0x00, 0x00, 0x00, 0x00, 0x00, 0x00, 0x00,
    0x00, 0x00, 0x00, 0x00, 0x00, 0x00, 0x00, 0x00, 0x00, 0x00, 0x00, 0x00, 0x00, 0x00, 0x00, 0x00,
    0x00, 0x00, 0x00, 0x00, 0x00, 0x00, 0x00, 0x00, 0x00, 0x00, 0x00, 0x00, 0x00, 0x00, 0x00, 0x00,
    0x00, 0x00, 0x00, 0x00, 0x00, 0x00, 0x00, 0x00, 0x00, 0x00, 0x00, 0x00, 0x00, 0x00, 0x00, 0x00,
    0x00, 0x00, 0x00, 0x00, 0x00, 0x00, 0x00, 0x00, 0x00, 0x00, 0x00, 0x00, 0x00, 0x00, 0x00, 0x00,
    0x00, 0x00, 0x00, 0x00, 0x00, 0x00, 0x00, 0x00, 0x00, 0x00, 0x00, 0x00, 0x00, 0x00, 0x00, 0x00,
    0x00, 0x00, 0x00, 0x00, 0x00, 0x00, 0x00, 0x00, 0x00, 0x00, 0x00, 0x00, 0x00, 0x00, 0x00, 0x00,
    0x00, 0x00, 0x00, 0x00, 0x00, 0x00, 0x00, 0x00, 0x00, 0x00, 0x00, 0x00, 0x00, 0x00, 0x00, 0x00,
    0x00, 0x00, 0x00, 0x00, 0x00, 0x00, 0x00, 0x00, 0x00, 0x00, 0x00, 0x00, 0x00, 0x00, 0x00, 0x00,
    0x00, 0x00, 0x00, 0x00, 0x00, 0x00, 0x00, 0x00, 0x00, 0x00, 0x00, 0x00, 0x00, 0x00, 0x00, 0x00,
    0x00, 0x00, 0x00, 0x00, 0x00, 0x00, 0x00, 0x00, 0x00, 0x00, 0x00, 0x00, 0x00, 0x00, 0x00, 0x00,
    0x00, 0x00, 0x00, 0x00, 0x00, 0x00, 0x00, 0x00, 0x00, 0x00, 0x00, 0x00, 0x00, 0x00, 0x00, 0x00,
    0x00, 0x00, 0x00, 0x00, 0x00, 0x00, 0x00, 0x00, 0x00, 0x00, 0x00, 0x00, 0x00, 0x00, 0x00, 0x00,
    0x00, 0x00, 0x00, 0x00, 0x00, 0x00, 0x00, 0x00, 0x00, 0x00, 0x00, 0x00, 0x00, 0x00, 0x00, 0x00,
    0x00, 0x00, 0x00, 0x00, 0x00, 0x00, 0x00, 0x00, 0x00, 0x00, 0x00, 0x00, 0x00, 0x00, 0x00, 0x00,
    0x00, 0x00, 0x00, 0x00, 0x00, 0x00, 0x00, 0x00, 0x00, 0x00, 0x00, 0x00, 0x00, 0x00, 0x00, 0x00,
    0x00, 0x00, 0x00, 0x00, 0x00, 0x00, 0x00, 0x00, 0x00, 0x00, 0x00, 0x00, 0x00, 0x00, 0x00, 0x00,
    0x00, 0x00, 0x00, 0x00, 0x00, 0x00, 0x00, 0x00, 0x00, 0x00, 0x00, 0x00, 0x00, 0x00, 0x00, 0x00,
    0xA3, 0x08, 0x68, 0x11, 0xCC, 0x09, 0xED, 0x01, 0xED, 0x01, 0xEE, 0x01, 0xED, 0x09, 0x05, 0x11,
    0x00, 0x00, 0x00, 0x00, 0x00, 0x00, 0x00, 0x00, 0x00, 0x00, 0x00, 0x00, 0x00, 0x00, 0x00, 0x00,
    0x00, 0x00, 0x00, 0x00, 0x00, 0x00, 0x00, 0x00, 0x00, 0x00, 0x00, 0x00, 0xC4, 0x08, 0xED, 0x09,
    0xED, 0x01, 0x0E, 0x02, 0x0E, 0x02, 0xF3, 0x12, 0x76, 0x1B, 0x76, 0x13, 0x56, 0x13, 0x11, 0x23,
    0xA2, 0x10, 0x00, 0x00, 0x00, 0x00, 0x20, 0x00, 0x6E, 0x1A, 0x56, 0x13, 0x76, 0x13, 0x76, 0x1B,
    0xF3, 0x12, 0x0E, 0x02, 0x0E, 0x02, 0xEE, 0x01, 0xED, 0x09, 0xC4, 0x08, 0x00, 0x00, 0x00, 0x00,
    0x00, 0x00, 0x00, 0x00, 0x00, 0x00, 0x00, 0x00, 0x00, 0x00, 0x00, 0x00, 0x00, 0x00, 0x00, 0x00,
    0x00, 0x00, 0x00, 0x00, 0x00, 0x00, 0x00, 0x00, 0xE4, 0x10, 0xEC, 0x11, 0xED, 0x01, 0xEE, 0x01,
    0xEE, 0x01, 0xEC, 0x09, 0x89, 0x11, 0xC4, 0x08, 0x20, 0x00, 0x00, 0x00, 0x00, 0x00, 0x00, 0x00,
    0x00, 0x00, 0x00, 0x00, 0x00, 0x00, 0x00, 0x00, 0x00, 0x00, 0x00, 0x00, 0x00, 0x00, 0x00, 0x00,
    0x00, 0x00, 0x00, 0x00, 0x00, 0x00, 0x00, 0x00, 0x00, 0x00, 0x00, 0x00, 0x00, 0x00, 0x00, 0x00,
    0x00, 0x00, 0x00, 0x00, 0x00, 0x00, 0x00, 0x00, 0x00, 0x00, 0x00, 0x00, 0x00, 0x00, 0x00, 0x00,
    0x00, 0x00, 0x00, 0x00, 0x00, 0x00, 0x00, 0x00, 0x00, 0x00, 0x00, 0x00, 0x00, 0x00, 0x00, 0x00,
    0x00, 0x00, 0x00, 0x00, 0x00, 0x00, 0x00, 0x00, 0x00, 0x00, 0x00, 0x00, 0x00, 0x00, 0x00, 0x00,
    0x00, 0x00, 0x00, 0x00, 0x00, 0x00, 0x00, 0x00, 0x00, 0x00, 0x00, 0x00, 0x00, 0x00, 0x00, 0x00,
    0x00, 0x00, 0x00, 0x00, 0x00, 0x00, 0x00, 0x00, 0x00, 0x00, 0x00, 0x00, 0x00, 0x00, 0x00, 0x00,
    0x00, 0x00, 0x00, 0x00, 0x00, 0x00, 0x00, 0x00, 0x00, 0x00, 0x00, 0x00, 0x00, 0x00, 0x00, 0x00,
    0x00, 0x00, 0x00, 0x00, 0x00, 0x00, 0x00, 0x00, 0x00, 0x00, 0x00, 0x00, 0x00, 0x00, 0x00, 0x00,
    0x00, 0x00, 0x00, 0x00, 0x00, 0x00, 0x00, 0x00, 0x00, 0x00, 0x00, 0x00, 0x00, 0x00, 0x00, 0x00,
    0x00, 0x00, 0x00, 0x00, 0x00, 0x00, 0x00, 0x00, 0x00, 0x00, 0x00, 0x00, 0x00, 0x00, 0x00, 0x00,
    0x00, 0x00, 0x00, 0x00, 0x00, 0x00, 0x00, 0x00, 0x00, 0x00, 0x00, 0x00, 0x00, 0x00, 0x00, 0x00,
    0x00, 0x00, 0x00, 0x00, 0x00, 0x00, 0x00, 0x00, 0x00, 0x00, 0x00, 0x00, 0x00, 0x00, 0x00, 0x00,
    0x00, 0x00, 0x00, 0x00, 0x00, 0x00, 0x00, 0x00, 0x00, 0x00, 0x00, 0x00, 0x00, 0x00, 0x00, 0x00,
    0x00, 0x00, 0x00, 0x00, 0x00, 0x00, 0x00, 0x00, 0x00, 0x00, 0x00, 0x00, 0x00, 0x00, 0x00, 0x00,
    0x00, 0x00, 0x00, 0x00, 0x00, 0x00, 0x00, 0x00, 0x00, 0x00, 0x00, 0x00, 0x00, 0x00, 0x00, 0x00,
    0x00, 0x00, 0x00, 0x00, 0x00, 0x00, 0x00, 0x00, 0x00, 0x00, 0x00, 0x00, 0x00, 0x00, 0x00, 0x00,
    0x00, 0x00, 0x00, 0x00, 0x00, 0x00, 0x00, 0x00, 0x00, 0x00, 0x00, 0x00, 0x00, 0x00, 0x00, 0x00,
    0x00, 0x00, 0x00, 0x00, 0x00, 0x00, 0x00, 0x00, 0x00, 0x00, 0x00, 0x00, 0x00, 0x00, 0x00, 0x00,
    0x00, 0x00, 0x00, 0x00, 0x00, 0x00, 0x00, 0x00, 0x00, 0x00, 0x00, 0x00, 0x00, 0x00, 0x00, 0x00,
    0x00, 0x00, 0x00, 0x00, 0x00, 0x00, 0x00, 0x00, 0x00, 0x00, 0x00, 0x00, 0x00, 0x00, 0x00, 0x00,
    0x00, 0x00, 0x00, 0x00, 0x00, 0x00, 0x00, 0x00, 0x00, 0x00, 0x00, 0x00, 0x00, 0x00, 0x00, 0x00,
    0x00, 0x00, 0x00, 0x00, 0x00, 0x00, 0x00, 0x00, 0x00, 0x00, 0x00, 0x00, 0x00, 0x00, 0x00, 0x00,
    0x00, 0x00, 0x00, 0x00, 0x82, 0x08, 0x68, 0x11, 0xED, 0x09, 0x0E, 0x02, 0xEE, 0x01, 0xED, 0x01,
    0xED, 0x01, 0xEE, 0x01, 0x0E, 0x02, 0x0C, 0x12, 0xC3, 0x10, 0x00, 0x00, 0x00, 0x00, 0x00, 0x00,
    0x00, 0x00, 0x00, 0x00, 0x00, 0x00, 0x00, 0x00, 0x00, 0x00, 0x00, 0x00, 0x00, 0x00, 0x00, 0x00,
    0x00, 0x00, 0x00, 0x00, 0xE5, 0x08, 0x0D, 0x0A, 0xEE, 0x01, 0x0E, 0x02, 0x0E, 0x02, 0x14, 0x13,
    0x76, 0x1B, 0x76, 0x13, 0x76, 0x13, 0x11, 0x2B, 0xA2, 0x10, 0x00, 0x00, 0x00, 0x00, 0x20, 0x00,
    0x6E, 0x1A, 0x55, 0x13, 0x76, 0x13, 0x76, 0x13, 0x14, 0x13, 0x2F, 0x02, 0x0E, 0x02, 0x0E, 0x02,
    0x0E, 0x0A, 0x26, 0x11, 0x00, 0x00, 0x00, 0x00, 0x00, 0x00, 0x00, 0x00, 0x00, 0x00, 0x00, 0x00,
    0x00, 0x00, 0x00, 0x00, 0x00, 0x00, 0x00, 0x00, 0x00, 0x00, 0x00, 0x00, 0x00, 0x00, 0x82, 0x08,
    0x0C, 0x12, 0x0E, 0x02, 0x0E, 0x02, 0xEE, 0x01, 0xED, 0x01, 0xED, 0x01, 0xEE, 0x01, 0x0D, 0x0A,
    0xA9, 0x11, 0xA3, 0x08, 0x00, 0x00, 0x00, 0x00, 0x00, 0x00, 0x00, 0x00, 0x00, 0x00, 0x00, 0x00,
    0x00, 0x00, 0x00, 0x00, 0x00, 0x00, 0x00, 0x00, 0x00, 0x00, 0x00, 0x00, 0x00, 0x00, 0x00, 0x00,
    0x00, 0x00, 0x00, 0x00, 0x00, 0x00, 0x00, 0x00, 0x00, 0x00, 0x00, 0x00, 0x00, 0x00, 0x00, 0x00,
    0x00, 0x00, 0x00, 0x00, 0x00, 0x00, 0x00, 0x00, 0x00, 0x00, 0x00, 0x00, 0x00, 0x00, 0x00, 0x00,
    0x00, 0x00, 0x00, 0x00, 0x00, 0x00, 0x00, 0x00, 0x00, 0x00, 0x00, 0x00, 0x00, 0x00, 0x00, 0x00,
    0x00, 0x00, 0x00, 0x00, 0x00, 0x00, 0x00, 0x00, 0x00, 0x00, 0x00, 0x00, 0x00, 0x00, 0x00, 0x00,
    0x00, 0x00, 0x00, 0x00, 0x00, 0x00, 0x00, 0x00, 0x00, 0x00, 0x00, 0x00, 0x00, 0x00, 0x00, 0x00,
    0x00, 0x00, 0x00, 0x00, 0x00, 0x00, 0x00, 0x00, 0x00, 0x00, 0x00, 0x00, 0x00, 0x00, 0x00, 0x00,
    0x00, 0x00, 0x00, 0x00, 0x00, 0x00, 0x00, 0x00, 0x00, 0x00, 0x00, 0x00, 0x00, 0x00, 0x00, 0x00,
    0x00, 0x00, 0x00, 0x00, 0x00, 0x00, 0x00, 0x00, 0x00, 0x00, 0x00, 0x00, 0x00, 0x00, 0x00, 0x00,
    0x00, 0x00, 0x00, 0x00, 0x00, 0x00, 0x00, 0x00, 0x00, 0x00, 0x00, 0x00, 0x00, 0x00, 0x00, 0x00,
    0x00, 0x00, 0x00, 0x00, 0x00, 0x00, 0x00, 0x00, 0x00, 0x00, 0x00, 0x00, 0x00, 0x00, 0x00, 0x00,
    0x00, 0x00, 0x00, 0x00, 0x00, 0x00, 0x00, 0x00, 0x00, 0x00, 0x00, 0x00, 0x00, 0x00, 0x00, 0x00,
    0x00, 0x00, 0x00, 0x00, 0x00, 0x00, 0x00, 0x00, 0x00, 0x00, 0x00, 0x00, 0x00, 0x00, 0x00, 0x00,
    0x00, 0x00, 0x00, 0x00, 0x00, 0x00, 0x00, 0x00, 0x00, 0x00, 0x00, 0x00, 0x00, 0x00, 0x00, 0x00,
    0x00, 0x00, 0x00, 0x00, 0x00, 0x00, 0x00, 0x00, 0x00, 0x00, 0x00, 0x00, 0x00, 0x00, 0x00, 0x00,
    0x00, 0x00, 0x00, 0x00, 0x00, 0x00, 0x00, 0x00, 0x00, 0x00, 0x00, 0x00, 0x00, 0x00, 0x00, 0x00,
    0x00, 0x00, 0x00, 0x00, 0x00, 0x00, 0x00, 0x00, 0x00, 0x00, 0x00, 0x00, 0x00, 0x00, 0x00, 0x00,
    0x00, 0x00, 0x00, 0x00, 0x00, 0x00, 0x00, 0x00, 0x00, 0x00, 0x00, 0x00, 0x00, 0x00, 0x00, 0x00,
    0x00, 0x00, 0x00, 0x00, 0x00, 0x00, 0x00, 0x00, 0x00, 0x00, 0x00, 0x00, 0x00, 0x00, 0x00, 0x00,
    0x00, 0x00, 0x00, 0x00, 0x00, 0x00, 0x00, 0x00, 0x00, 0x00, 0x00, 0x00, 0x00, 0x00, 0x00, 0x00,
    0x00, 0x00, 0x00, 0x00, 0x00, 0x00, 0x00, 0x00, 0x00, 0x00, 0x00, 0x00, 0x00, 0x00, 0x00, 0x00,
    0x00, 0x00, 0x00, 0x00, 0x00, 0x00, 0x00, 0x00, 0x00, 0x00, 0x00, 0x00, 0x00, 0x00, 0x00, 0x00,
    0x00, 0x00, 0x00, 0x00, 0x00, 0x00, 0x00, 0x00, 0x41, 0x08, 0x26, 0x11, 0xCC, 0x09, 0x0E, 0x0A,
    0x0E, 0x02, 0x0E, 0x02, 0x0E, 0x02, 0x0E, 0x02, 0x0E, 0x02, 0x0E, 0x02, 0x0E, 0x02, 0xEE, 0x01,
    0xCB, 0x11, 0x82, 0x08, 0x00, 0x00, 0x00, 0x00, 0x00, 0x00, 0x00, 0x00, 0x00, 0x00, 0x00, 0x00,
    0x00, 0x00, 0x00, 0x00, 0x00, 0x00, 0x20, 0x00, 0x82, 0x08, 0xE4, 0x10, 0xCA, 0x19, 0x0E, 0x02,
    0x0E, 0x02, 0xEE, 0x01, 0x2F, 0x0A, 0x34, 0x13, 0x76, 0x13, 0x76, 0x13, 0x76, 0x13, 0x31, 0x2B,
    0xA3, 0x10, 0x00, 0x00, 0x00, 0x00, 0x20, 0x00, 0x4E, 0x1A, 0x55, 0x13, 0x55, 0x13, 0x76, 0x13,
    0x55, 0x13, 0x2F, 0x0A, 0x0E, 0x02, 0x0E, 0x02, 0x0E, 0x02, 0xEB, 0x19, 0xE4, 0x10, 0x61, 0x08,
    0x20, 0x00, 0x00, 0x00, 0x00, 0x00, 0x00, 0x00, 0x00, 0x00, 0x00, 0x00, 0x00, 0x00, 0x00, 0x00,
    0x00, 0x00, 0x00, 0x00, 0x62, 0x08, 0xAA, 0x11, 0x0E, 0x02, 0x0E, 0x02, 0x0E, 0x02, 0x0E, 0x02,
    0x0E, 0x02, 0x0E, 0x02, 0x0E, 0x02, 0x0E, 0x02, 0x0E, 0x0A, 0x0D, 0x12, 0x68, 0x11, 0x62, 0x08,
    0x00, 0x00, 0x00, 0x00, 0x00, 0x00, 0x00, 0x00, 0x00, 0x00, 0x00, 0x00, 0x00, 0x00, 0x00, 0x00,
    0x00, 0x00, 0x00, 0x00, 0x00, 0x00, 0x00, 0x00, 0x00, 0x00, 0x00, 0x00, 0x00, 0x00, 0x00, 0x00,
    0x00, 0x00, 0x00, 0x00, 0x00, 0x00, 0x00, 0x00, 0x00, 0x00, 0x00, 0x00, 0x00, 0x00, 0x00, 0x00,
    0x00, 0x00, 0x00, 0x00, 0x00, 0x00, 0x00, 0x00, 0x00, 0x00, 0x00, 0x00, 0x00, 0x00, 0x00, 0x00,
    0x00, 0x00, 0x00, 0x00, 0x00, 0x00, 0x00, 0x00, 0x00, 0x00, 0x00, 0x00, 0x00, 0x00, 0x00, 0x00,
    0x00, 0x00, 0x00, 0x00, 0x00, 0x00, 0x00, 0x00, 0x00, 0x00, 0x00, 0x00, 0x00, 0x00, 0x00, 0x00,
    0x00, 0x00, 0x00, 0x00, 0x00, 0x00, 0x00, 0x00, 0x00, 0x00, 0x00, 0x00, 0x00, 0x00, 0x00, 0x00,
    0x00, 0x00, 0x00, 0x00, 0x00, 0x00, 0x00, 0x00, 0x00, 0x00, 0x00, 0x00, 0x00, 0x00, 0x00, 0x00,
    0x00, 0x00, 0x00, 0x00, 0x00, 0x00, 0x00, 0x00, 0x00, 0x00, 0x00, 0x00, 0x00, 0x00, 0x00, 0x00,
    0x00, 0x00, 0x00, 0x00, 0x00, 0x00, 0x00, 0x00, 0x00, 0x00, 0x00, 0x00, 0x00, 0x00, 0x00, 0x00,
    0x00, 0x00, 0x00, 0x00, 0x00, 0x00, 0x00, 0x00, 0x00, 0x00, 0x00, 0x00, 0x00, 0x00, 0x00, 0x00,
    0x00, 0x00, 0x00, 0x00, 0x00, 0x00, 0x00, 0x00, 0x00, 0x00, 0x00, 0x00, 0x00, 0x00, 0x00, 0x00,
    0x00, 0x00, 0x00, 0x00, 0x00, 0x00, 0x00, 0x00, 0x00, 0x00, 0x00, 0x00, 0x00, 0x00, 0x00, 0x00,
    0x00, 0x00, 0x00, 0x00, 0x00, 0x00, 0x00, 0x00, 0x00, 0x00, 0x00, 0x00, 0x00, 0x00, 0x00, 0x00,
    0x00, 0x00, 0x00, 0x00, 0x00, 0x00, 0x00, 0x00, 0x00, 0x00, 0x00, 0x00, 0x00, 0x00, 0x00, 0x00,
    0x00, 0x00, 0x00, 0x00, 0x00, 0x00, 0x00, 0x00, 0x00, 0x00, 0x00, 0x00, 0x00, 0x00, 0x00, 0x00,
    0x00, 0x00, 0x00, 0x00, 0x00, 0x00, 0x00, 0x00, 0x00, 0x00, 0x00, 0x00, 0x00, 0x00, 0x00, 0x00,
    0x00, 0x00, 0x00, 0x00, 0x00, 0x00, 0x00, 0x00, 0x00, 0x00, 0x00, 0x00, 0x00, 0x00, 0x00, 0x00,
    0x00, 0x00, 0x00, 0x00, 0x00, 0x00, 0x00, 0x00, 0x00, 0x00, 0x00, 0x00, 0x00, 0x00, 0x00, 0x00,
    0x00, 0x00, 0x00, 0x00, 0x00, 0x00, 0x00, 0x00, 0x00, 0x00, 0x00, 0x00, 0x00, 0x00, 0x00, 0x00,
    0x00, 0x00, 0x00, 0x00, 0x00, 0x00, 0x00, 0x00, 0x00, 0x00, 0x00, 0x00, 0x00, 0x00, 0x00, 0x00,
    0x00, 0x00, 0x00, 0x00, 0x00, 0x00, 0x00, 0x00, 0x00, 0x00, 0x00, 0x00, 0x00, 0x00, 0x00, 0x00,
    0x00, 0x00, 0x00, 0x00, 0x00, 0x00, 0x00, 0x00, 0x00, 0x00, 0x00, 0x00, 0x20, 0x00, 0xE5, 0x10,
    0xAA, 0x11, 0xED, 0x09, 0xED, 0x01, 0xED, 0x01, 0x0E, 0x02, 0x0E, 0x02, 0x0E, 0x02, 0x0E, 0x02,
    0x0E, 0x02, 0xED, 0x01, 0xED, 0x01, 0xED, 0x01, 0xED, 0x01, 0xAA, 0x11, 0x41, 0x08, 0x00, 0x00,
    0x00, 0x00, 0x00, 0x00, 0x00, 0x00, 0x00, 0x00, 0x62, 0x08, 0xC4, 0x10, 0x47, 0x11, 0xAA, 0x11,
    0x0C, 0x12, 0x0D, 0x12, 0x0E, 0x0A, 0x0E, 0x02, 0x0E, 0x02, 0x0E, 0x02, 0x4F, 0x0A, 0x55, 0x13,
    0x56, 0x13, 0x76, 0x13, 0x76, 0x13, 0x32, 0x33, 0xE3, 0x18, 0x20, 0x00, 0x00, 0x00, 0x41, 0x08,
    0x6E, 0x1A, 0x55, 0x13, 0x55, 0x13, 0x76, 0x13, 0x55, 0x13, 0x70, 0x0A, 0x0E, 0x02, 0x0E, 0x02,
    0x0E, 0x02, 0xED, 0x09, 0xED, 0x09, 0xEC, 0x11, 0xAA, 0x11, 0x47, 0x11, 0xE4, 0x10, 0x62, 0x08,
    0x00, 0x00, 0x00, 0x00, 0x00, 0x00, 0x00, 0x00, 0x00, 0x00, 0x41, 0x00, 0xA9, 0x11, 0x0D, 0x0A,
    0xED, 0x01, 0xED, 0x01, 0x0E, 0x02, 0x0E, 0x0A, 0x2E, 0x0A, 0x0E, 0x02, 0x0E, 0x02, 0x0E, 0x02,
    0x0E, 0x02, 0x0E, 0x02, 0x0E, 0x0A, 0xCB, 0x11, 0xE5, 0x10, 0x20, 0x00, 0x00, 0x00, 0x00, 0x00,
    0x00, 0x00, 0x00, 0x00, 0x00, 0x00, 0x00, 0x00, 0x00, 0x00, 0x00, 0x00, 0x00, 0x00, 0x00, 0x00,
    0x00, 0x00, 0x00, 0x00, 0x00, 0x00, 0x00, 0x00, 0x00, 0x00, 0x00, 0x00, 0x00, 0x00, 0x00, 0x00,
    0x00, 0x00, 0x00, 0x00, 0x00, 0x00, 0x00, 0x00, 0x00, 0x00, 0x00, 0x00, 0x00, 0x00, 0x00, 0x00,
    0x00, 0x00, 0x00, 0x00, 0x00, 0x00, 0x00, 0x00, 0x00, 0x00, 0x00, 0x00, 0x00, 0x00, 0x00, 0x00,
    0x00, 0x00, 0x00, 0x00, 0x00, 0x00, 0x00, 0x00, 0x00, 0x00, 0x00, 0x00, 0x00, 0x00, 0x00, 0x00,
    0x00, 0x00, 0x00, 0x00, 0x00, 0x00, 0x00, 0x00, 0x00, 0x00, 0x00, 0x00, 0x00, 0x00, 0x00, 0x00,
    0x00, 0x00, 0x00, 0x00, 0x00, 0x00, 0x00, 0x00, 0x00, 0x00, 0x00, 0x00, 0x00, 0x00, 0x00, 0x00,
    0x00, 0x00, 0x00, 0x00, 0x00, 0x00, 0x00, 0x00, 0x00, 0x00, 0x00, 0x00, 0x00, 0x00, 0x00, 0x00,
    0x00, 0x00, 0x00, 0x00, 0x00, 0x00, 0x00, 0x00, 0x00, 0x00, 0x00, 0x00, 0x00, 0x00, 0x00, 0x00,
    0x00, 0x00, 0x00, 0x00, 0x00, 0x00, 0x00, 0x00, 0x00, 0x00, 0x00, 0x00, 0x00, 0x00, 0x00, 0x00,
    0x00, 0x00, 0x00, 0x00, 0x00, 0x00, 0x00, 0x00, 0x00, 0x00, 0x00, 0x00, 0x00, 0x00, 0x00, 0x00,
    0x00, 0x00, 0x00, 0x00, 0x00, 0x00, 0x00, 0x00, 0x00, 0x00, 0x00, 0x00, 0x00, 0x00, 0x00, 0x00,
    0x00, 0x00, 0x00, 0x00, 0x00, 0x00, 0x00, 0x00, 0x00, 0x00, 0x00, 0x00, 0x00, 0x00, 0x00, 0x00,
    0x00, 0x00, 0x00, 0x00, 0x00, 0x00, 0x00, 0x00, 0x00, 0x00, 0x00, 0x00, 0x00, 0x00, 0x00, 0x00,
    0x00, 0x00, 0x00, 0x00, 0x00, 0x00, 0x00, 0x00, 0x00, 0x00, 0x00, 0x00, 0x00, 0x00, 0x00, 0x00,
    0x00, 0x00, 0x00, 0x00, 0x00, 0x00, 0x00, 0x00, 0x00, 0x00, 0x00, 0x00, 0x00, 0x00, 0x00, 0x00,
    0x00, 0x00, 0x00, 0x00, 0x00, 0x00, 0x00, 0x00, 0x00, 0x00, 0x00, 0x00, 0x00, 0x00, 0x00, 0x00,
    0x00, 0x00, 0x00, 0x00, 0x00, 0x00, 0x00, 0x00, 0x00, 0x00, 0x00, 0x00, 0x00, 0x00, 0x00, 0x00,
    0x00, 0x00, 0x00, 0x00, 0x00, 0x00, 0x00, 0x00, 0x00, 0x00, 0x00, 0x00, 0x00, 0x00, 0x00, 0x00,
    0x00, 0x00, 0x00, 0x00, 0x00, 0x00, 0x00, 0x00, 0x00, 0x00, 0x00, 0x00, 0x00, 0x00, 0x00, 0x00,
    0x00, 0x00, 0x00, 0x00, 0x00, 0x00, 0x00, 0x00, 0x00, 0x00, 0x00, 0x00, 0x00, 0x00, 0x00, 0x00,
    0x00, 0x00, 0x00, 0x00, 0x00, 0x00, 0x00, 0x00, 0x00, 0x00, 0x00, 0x00, 0x00, 0x00, 0x00, 0x00,
    0x00, 0x00, 0x83, 0x08, 0xA9, 0x11, 0x0D, 0x0A, 0xED, 0x01, 0xED, 0x01, 0xED, 0x01, 0xED, 0x01,
    0xED, 0x01, 0xED, 0x01, 0x2F, 0x0A, 0xB1, 0x0A, 0xD2, 0x12, 0x0E, 0x02, 0xED, 0x01, 0x0E, 0x02,
    0x0E, 0x02, 0x0E, 0x0A, 0xA9, 0x19, 0x41, 0x08, 0x00, 0x00, 0x82, 0x08, 0x46, 0x19, 0xCA, 0x19,
    0xEC, 0x11, 0x0D, 0x0A, 0x0D, 0x0A, 0xED, 0x01, 0xED, 0x01, 0xEE, 0x01, 0x0E, 0x02, 0x0E, 0x02,
    0x0E, 0x02, 0x0E, 0x02, 0x91, 0x0A, 0x55, 0x13, 0x55, 0x13, 0x55, 0x13, 0x56, 0x13, 0x31, 0x2B,
    0xE3, 0x18, 0x20, 0x00, 0x00, 0x00, 0x20, 0x00, 0x6E, 0x1A, 0x55, 0x13, 0x55, 0x13, 0x76, 0x13,
    0x76, 0x13, 0x91, 0x0A, 0x0E, 0x02, 0x0E, 0x02, 0xEE, 0x01, 0xEE, 0x01, 0xED, 0x01, 0xEE, 0x01,
    0x0E, 0x02, 0x2E, 0x0A, 0x0E, 0x0A, 0x0C, 0x12, 0xAA, 0x19, 0x26, 0x19, 0xA3, 0x10, 0x20, 0x00,
    0x20, 0x00, 0x88, 0x19, 0x0E, 0x0A, 0x0E, 0x02, 0x0E, 0x02, 0xED, 0x01, 0xED, 0x09, 0x68, 0x19,
    0x68, 0x11, 0xEC, 0x09, 0x0E, 0x0A, 0x0E, 0x02, 0x0E, 0x02, 0xED, 0x01, 0xED, 0x01, 0xED, 0x01,
    0xED, 0x09, 0x89, 0x11, 0xA3, 0x08, 0x00, 0x00, 0x00, 0x00, 0x00, 0x00, 0x00, 0x00, 0x00, 0x00,
    0x00, 0x00, 0x00, 0x00, 0x00, 0x00, 0x00, 0x00, 0x00, 0x00, 0x00, 0x00, 0x00, 0x00, 0x00, 0x00,
    0x00, 0x00, 0x00, 0x00, 0x00, 0x00, 0x00, 0x00, 0x00, 0x00, 0x00, 0x00, 0x00, 0x00, 0x00, 0x00,
    0x00, 0x00, 0x00, 0x00, 0x00, 0x00, 0x00, 0x00, 0x00, 0x00, 0x00, 0x00, 0x00, 0x00, 0x00, 0x00,
    0x00, 0x00, 0x00, 0x00, 0x00, 0x00, 0x00, 0x00, 0x00, 0x00, 0x00, 0x00, 0x00, 0x00, 0x00, 0x00,
    0x00, 0x00, 0x00, 0x00, 0x00, 0x00, 0x00, 0x00, 0x00, 0x00, 0x00, 0x00, 0x00, 0x00, 0x00, 0x00,
    0x00, 0x00, 0x00, 0x00, 0x00, 0x00, 0x00, 0x00, 0x00, 0x00, 0x00, 0x00, 0x00, 0x00, 0x00, 0x00,
    0x00, 0x00, 0x00, 0x00, 0x00, 0x00, 0x00, 0x00, 0x00, 0x00, 0x00, 0x00, 0x00, 0x00, 0x00, 0x00,
    0x00, 0x00, 0x00, 0x00, 0x00, 0x00, 0x00, 0x00, 0x00, 0x00, 0x00, 0x00, 0x00, 0x00, 0x00, 0x00,
    0x00, 0x00, 0x00, 0x00, 0x00, 0x00, 0x00, 0x00, 0x00, 0x00, 0x00, 0x00, 0x00, 0x00, 0x00, 0x00,
    0x00, 0x00, 0x00, 0x00, 0x00, 0x00, 0x00, 0x00, 0x00, 0x00, 0x00, 0x00, 0x00, 0x00, 0x00, 0x00,
    0x00, 0x00, 0x00, 0x00, 0x00, 0x00, 0x00, 0x00, 0x00, 0x00, 0x00, 0x00, 0x00, 0x00, 0x00, 0x00,
    0x00, 0x00, 0x00, 0x00, 0x00, 0x00, 0x00, 0x00, 0x00, 0x00, 0x00, 0x00, 0x00, 0x00, 0x00, 0x00,
    0x00, 0x00, 0x00, 0x00, 0x00, 0x00, 0x00, 0x00, 0x00, 0x00, 0x00, 0x00, 0x00, 0x00, 0x00, 0x00,
    0x00, 0x00, 0x00, 0x00, 0x00, 0x00, 0x00, 0x00, 0x00, 0x00, 0x00, 0x00, 0x00, 0x00, 0x00, 0x00,
    0x00, 0x00, 0x00, 0x00, 0x00, 0x00, 0x00, 0x00, 0x00, 0x00, 0x00, 0x00, 0x00, 0x00, 0x00, 0x00,
    0x00, 0x00, 0x00, 0x00, 0x00, 0x00, 0x00, 0x00, 0x00, 0x00, 0x00, 0x00, 0x00, 0x00, 0x00, 0x00,
    0x00, 0x00, 0x00, 0x00, 0x00, 0x00, 0x00, 0x00, 0x00, 0x00, 0x00, 0x00, 0x00, 0x00, 0x00, 0x00,
    0x00, 0x00, 0x00, 0x00, 0x00, 0x00, 0x00, 0x00, 0x00, 0x00, 0x00, 0x00, 0x00, 0x00, 0x00, 0x00,
    0x00, 0x00, 0x00, 0x00, 0x00, 0x00, 0x00, 0x00, 0x00, 0x00, 0x00, 0x00, 0x00, 0x00, 0x00, 0x00,
    0x00, 0x00, 0x00, 0x00, 0x00, 0x00, 0x00, 0x00, 0x00, 0x00, 0x00, 0x00, 0x00, 0x00, 0x00, 0x00,
    0x00, 0x00, 0x00, 0x00, 0x00, 0x00, 0x00, 0x00, 0x00, 0x00, 0x00, 0x00, 0x00, 0x00, 0x00, 0x00,
    0x00, 0x00, 0x00, 0x00, 0x00, 0x00, 0x20, 0x00, 0x26, 0x11, 0x0C, 0x12, 0x0E, 0x0A, 0x0E, 0x02,
    0x0E, 0x02, 0xEE, 0x01, 0xED, 0x01, 0xED, 0x01, 0x0E, 0x02, 0x90, 0x0A, 0x14, 0x13, 0x55, 0x13,
    0x55, 0x13, 0xD2, 0x12, 0x0E, 0x02, 0x0E, 0x02, 0x0E, 0x02, 0x0E, 0x02, 0x0D, 0x0A, 0xEA, 0x21,
    0xA9, 0x19, 0xEC, 0x11, 0x0E, 0x0A, 0x0E, 0x02, 0x0E, 0x02, 0xEE, 0x01, 0xEE, 0x01, 0xED, 0x01,
    0xEE, 0x01, 0xEE, 0x01, 0xED, 0x01, 0xEE, 0x01, 0x0E, 0x02, 0x2F, 0x02, 0xD2, 0x12, 0x76, 0x13,
    0x55, 0x13, 0x55, 0x13, 0x55, 0x13, 0x31, 0x2B, 0xE3, 0x18, 0x00, 0x00, 0x00, 0x00, 0x20, 0x00,
    0x8F, 0x22, 0x76, 0x13, 0x76, 0x13, 0x76, 0x13, 0x76, 0x1B, 0x90, 0x12, 0xEC, 0x09, 0xED, 0x09,
    0xED, 0x09, 0xED, 0x01, 0xEE, 0x01, 0x0E, 0x02, 0x0E, 0x02, 0x0E, 0x02, 0x0E, 0x02, 0x0E, 0x02,
    0x0E, 0x02, 0x0D, 0x0A, 0xEC, 0x11, 0xA9, 0x11, 0xC9, 0x19, 0x0D, 0x0A, 0x0E, 0x02, 0x0E, 0x02,
    0x0E, 0x02, 0x0E, 0x0A, 0x68, 0x19, 0x20, 0x00, 0x00, 0x00, 0xA3, 0x08, 0x89, 0x11, 0xED, 0x09,
    0xED, 0x01, 0xED, 0x01, 0xED, 0x01, 0xEE, 0x01, 0xEE, 0x01, 0x0E, 0x02, 0x0D, 0x12, 0x47, 0x11,
    0x41, 0x00, 0x00, 0x00, 0x00, 0x00, 0x00, 0x00, 0x00, 0x00, 0x00, 0x00, 0x00, 0x00, 0x00, 0x00,
    0x00, 0x00, 0x00, 0x00, 0x00, 0x00, 0x00, 0x00, 0x00, 0x00, 0x00, 0x00, 0x00, 0x00, 0x00, 0x00,
    0x00, 0x00, 0x00, 0x00, 0x00, 0x00, 0x00, 0x00, 0x00, 0x00, 0x00, 0x00, 0x00, 0x00, 0x00, 0x00,
    0x00, 0x00, 0x00, 0x00, 0x00, 0x00, 0x00, 0x00, 0x00, 0x00, 0x00, 0x00, 0x00, 0x00, 0x00, 0x00,
    0x00, 0x00, 0x00, 0x00, 0x00, 0x00, 0x00, 0x00, 0x00, 0x00, 0x00, 0x00, 0x00, 0x00, 0x00, 0x00,
    0x00, 0x00, 0x00, 0x00, 0x00, 0x00, 0x00, 0x00, 0x00, 0x00, 0x00, 0x00, 0x00, 0x00, 0x00, 0x00,
    0x00, 0x00, 0x00, 0x00, 0x00, 0x00, 0x00, 0x00, 0x00, 0x00, 0x00, 0x00, 0x00, 0x00, 0x00, 0x00,
    0x00, 0x00, 0x00, 0x00, 0x00, 0x00, 0x00, 0x00, 0x00, 0x00, 0x00, 0x00, 0x00, 0x00, 0x00, 0x00,
    0x00, 0x00, 0x00, 0x00, 0x00, 0x00, 0x00, 0x00, 0x00, 0x00, 0x00, 0x00, 0x00, 0x00, 0x00, 0x00,
    0x00, 0x00, 0x00, 0x00, 0x00, 0x00, 0x00, 0x00, 0x00, 0x00, 0x00, 0x00, 0x00, 0x00, 0x00, 0x00,
    0x00, 0x00, 0x00, 0x00, 0x00, 0x00, 0x00, 0x00, 0x00, 0x00, 0x00, 0x00, 0x00, 0x00, 0x00, 0x00,
    0x00, 0x00, 0x00, 0x00, 0x00, 0x00, 0x00, 0x00, 0x00, 0x00, 0x00, 0x00, 0x00, 0x00, 0x00, 0x00,
    0x00, 0x00, 0x00, 0x00, 0x00, 0x00, 0x00, 0x00, 0x00, 0x00, 0x00, 0x00, 0x00, 0x00, 0x00, 0x00,
    0x00, 0x00, 0x00, 0x00, 0x00, 0x00, 0x00, 0x00, 0x00, 0x00, 0x00, 0x00, 0x00, 0x00, 0x00, 0x00,
    0x00, 0x00, 0x00, 0x00, 0x00, 0x00, 0x00, 0x00, 0x00, 0x00, 0x00, 0x00, 0x00, 0x00, 0x00, 0x00,
    0x00, 0x00, 0x00, 0x00, 0x00, 0x00, 0x00, 0x00, 0x00, 0x00, 0x00, 0x00, 0x00, 0x00, 0x00, 0x00,
    0x00, 0x00, 0x00, 0x00, 0x00, 0x00, 0x00, 0x00, 0x00, 0x00, 0x00, 0x00, 0x00, 0x00, 0x00, 0x00,
    0x00, 0x00, 0x00, 0x00, 0x00, 0x00, 0x00, 0x00, 0x00, 0x00, 0x00, 0x00, 0x00, 0x00, 0x00, 0x00,
    0x00, 0x00, 0x00, 0x00, 0x00, 0x00, 0x00, 0x00, 0x00, 0x00, 0x00, 0x00, 0x00, 0x00, 0x00, 0x00,
    0x00, 0x00, 0x00, 0x00, 0x00, 0x00, 0x00, 0x00, 0x00, 0x00, 0x00, 0x00, 0x00, 0x00, 0x00, 0x00,
    0x00, 0x00, 0x00, 0x00, 0x00, 0x00, 0x00, 0x00, 0x00, 0x00, 0x00, 0x00, 0x00, 0x00, 0x00, 0x00,
    0x00, 0x00, 0x00, 0x00, 0x00, 0x00, 0x00, 0x00, 0x00, 0x00, 0x00, 0x00, 0x62, 0x08, 0x89, 0x11,
    0x0D, 0x0A, 0x0E, 0x02, 0x0E, 0x02, 0x0E, 0x02, 0x0E, 0x02, 0xEE, 0x01, 0x0E, 0x02, 0x70, 0x0A,
    0x13, 0x13, 0x55, 0x13, 0x55, 0x13, 0x55, 0x13, 0x55, 0x13, 0x55, 0x13, 0xB1, 0x0A, 0x0E, 0x02,
    0xEE, 0x01, 0xED, 0x01, 0xED, 0x01, 0x0E, 0x0A, 0x0E, 0x02, 0x0E, 0x02, 0x0E, 0x02, 0x0E, 0x02,
    0x0E, 0x02, 0x0E, 0x02, 0x0E, 0x02, 0x0E, 0x02, 0x2F, 0x0A, 0x4F, 0x0A, 0x90, 0x0A, 0xD2, 0x12,
    0xF3, 0x12, 0x14, 0x13, 0x55, 0x13, 0x55, 0x13, 0x55, 0x13, 0x55, 0x13, 0x55, 0x13, 0x11, 0x2B,
    0xC3, 0x18, 0x00, 0x00, 0x00, 0x00, 0x41, 0x08, 0xAF, 0x22, 0x76, 0x13, 0x76, 0x13, 0x76, 0x13,
    0x55, 0x1B, 0xA8, 0x19, 0xA3, 0x10, 0xE4, 0x10, 0x06, 0x09, 0x48, 0x09, 0xAA, 0x11, 0xEC, 0x09,
    0x0E, 0x0A, 0x0E, 0x02, 0x0E, 0x02, 0x0E, 0x02, 0x0E, 0x02, 0x0E, 0x02, 0x0E, 0x02, 0x0E, 0x02,
    0x0E, 0x0A, 0xED, 0x01, 0xED, 0x01, 0x0E, 0x02, 0x0E, 0x0A, 0xAA, 0x19, 0x41, 0x08, 0x00, 0x00,
    0x00, 0x00, 0x00, 0x00, 0x00, 0x00, 0xC4, 0x08, 0x89, 0x11, 0xED, 0x09, 0xEE, 0x01, 0x0E, 0x02,
    0x0E, 0x02, 0x0E, 0x02, 0x0E, 0x02, 0x0E, 0x0A, 0x89, 0x11, 0x62, 0x08, 0x00, 0x00, 0x00, 0x00,
    0x00, 0x00, 0x00, 0x00, 0x00, 0x00, 0x00, 0x00, 0x00, 0x00, 0x00, 0x00, 0x00, 0x00, 0x00, 0x00,
    0x00, 0x00, 0x00, 0x00, 0x00, 0x00, 0x00, 0x00, 0x00, 0x00, 0x00, 0x00, 0x00, 0x00, 0x00, 0x00,
    0x00, 0x00, 0x00, 0x00, 0x00, 0x00, 0x00, 0x00, 0x00, 0x00, 0x00, 0x00, 0x00, 0x00, 0x00, 0x00,
    0x00, 0x00, 0x00, 0x00, 0x00, 0x00, 0x00, 0x00, 0x00, 0x00, 0x00, 0x00, 0x00, 0x00, 0x00, 0x00,
    0x00, 0x00, 0x00, 0x00, 0x00, 0x00, 0x00, 0x00, 0x00, 0x00, 0x00, 0x00, 0x00, 0x00, 0x00, 0x00,
    0x00, 0x00, 0x00, 0x00, 0x00, 0x00, 0x00, 0x00, 0x00, 0x00, 0x00, 0x00, 0x00, 0x00, 0x00, 0x00,
    0x00, 0x00, 0x00, 0x00, 0x00, 0x00, 0x00, 0x00, 0x00, 0x00, 0x00, 0x00, 0x00, 0x00, 0x00, 0x00,
    0x00, 0x00, 0x00, 0x00, 0x00, 0x00, 0x00, 0x00, 0x00, 0x00, 0x00, 0x00, 0x00, 0x00, 0x00, 0x00,
    0x00, 0x00, 0x00, 0x00, 0x00, 0x00, 0x00, 0x00, 0x00, 0x00, 0x00, 0x00, 0x00, 0x00, 0x00, 0x00,
    0x00, 0x00, 0x00, 0x00, 0x00, 0x00, 0x00, 0x00, 0x00, 0x00, 0x00, 0x00, 0x00, 0x00, 0x00, 0x00,
    0x00, 0x00, 0x00, 0x00, 0x00, 0x00, 0x00, 0x00, 0x00, 0x00, 0x00, 0x00, 0x00, 0x00, 0x00, 0x00,
    0x00, 0x00, 0x00, 0x00, 0x00, 0x00, 0x00, 0x00, 0x00, 0x00, 0x00, 0x00, 0x00, 0x00, 0x00, 0x00,
    0x00, 0x00, 0x00, 0x00, 0x00, 0x00, 0x00, 0x00, 0x00, 0x00, 0x00, 0x00, 0x00, 0x00, 0x00, 0x00,
    0x00, 0x00, 0x00, 0x00, 0x00, 0x00, 0x00, 0x00, 0x00, 0x00, 0x00, 0x00, 0x00, 0x00, 0x00, 0x00,
    0x00, 0x00, 0x00, 0x00, 0x00, 0x00, 0x00, 0x00, 0x00, 0x00, 0x00, 0x00, 0x00, 0x00, 0x00, 0x00,
    0x00, 0x00, 0x00, 0x00, 0x00, 0x00, 0x00, 0x00, 0x00, 0x00, 0x00, 0x00, 0x00, 0x00, 0x00, 0x00,
    0x00, 0x00, 0x00, 0x00, 0x00, 0x00, 0x00, 0x00, 0x00, 0x00, 0x00, 0x00, 0x00, 0x00, 0x00, 0x00,
    0x00, 0x00, 0x00, 0x00, 0x00, 0x00, 0x00, 0x00, 0x00, 0x00, 0x00, 0x00, 0x00, 0x00, 0x00, 0x00,
    0x00, 0x00, 0x00, 0x00, 0x00, 0x00, 0x00, 0x00, 0x00, 0x00, 0x00, 0x00, 0x00, 0x00, 0x00, 0x00,
    0x00, 0x00, 0x00, 0x00, 0x00, 0x00, 0x00, 0x00, 0x00, 0x00, 0x00, 0x00, 0x00, 0x00, 0x00, 0x00,
    0x00, 0x00, 0x00, 0x00, 0x00, 0x00, 0x00, 0x00, 0x00, 0x00, 0x00, 0x00, 0x00, 0x00, 0x00, 0x00,
    0x00, 0x00, 0xC4, 0x10, 0xAA, 0x11, 0xED, 0x09, 0xED, 0x01, 0x0E, 0x02, 0x0E, 0x02, 0x0E, 0x02,
    0x0E, 0x02, 0x4F, 0x0A, 0xF3, 0x12, 0x55, 0x13, 0x75, 0x13, 0x55, 0x13, 0x55, 0x13, 0x55, 0x13,
    0x55, 0x13, 0x75, 0x13, 0x55, 0x13, 0x70, 0x0A, 0xED, 0x01, 0xED, 0x01, 0xED, 0x01, 0x0E, 0x02,
    0x0E, 0x02, 0x0E, 0x02, 0x0E, 0x02, 0x0E, 0x02, 0x2F, 0x0A, 0x70, 0x0A, 0xB1, 0x0A, 0xF3, 0x12,
    0x34, 0x13, 0x55, 0x13, 0x55, 0x13, 0x55, 0x13, 0x55, 0x13, 0x55, 0x13, 0x55, 0x13, 0x55, 0x13,
    0x55, 0x13, 0x55, 0x13, 0x55, 0x13, 0x11, 0x2B, 0xC3, 0x18, 0x00, 0x00, 0x00, 0x00, 0x20, 0x00,
    0x8F, 0x22, 0x76, 0x13, 0x75, 0x13, 0x55, 0x13, 0x34, 0x1B, 0x26, 0x11, 0x00, 0x00, 0x00, 0x00,
    0x00, 0x00, 0x00, 0x00, 0x41, 0x00, 0x82, 0x08, 0xE5, 0x10, 0x68, 0x11, 0xAA, 0x09, 0xEC, 0x09,
    0x0E, 0x0A, 0x0E, 0x02, 0x0E, 0x02, 0x0E, 0x02, 0x0E, 0x02, 0xEE, 0x01, 0xED, 0x01, 0xED, 0x01,
    0xCA, 0x11, 0x82, 0x08, 0x00, 0x00, 0x00, 0x00, 0x00, 0x00, 0x00, 0x00, 0x00, 0x00, 0x00, 0x00,
    0x20, 0x00, 0xE5, 0x08, 0xCB, 0x09, 0x0E, 0x0A, 0x0E, 0x02, 0x0E, 0x02, 0x0E, 0x02, 0x0E, 0x02,
    0xED, 0x01, 0xAA, 0x09, 0xC4, 0x08, 0x00, 0x00, 0x00, 0x00, 0x00, 0x00, 0x00, 0x00, 0x00, 0x00,
    0x00, 0x00, 0x00, 0x00, 0x00, 0x00, 0x00, 0x00, 0x00, 0x00, 0x00, 0x00, 0x00, 0x00, 0x00, 0x00,
    0x00, 0x00, 0x00, 0x00, 0x00, 0x00, 0x00, 0x00, 0x00, 0x00, 0x00, 0x00, 0x00, 0x00, 0x00, 0x00,
    0x00, 0x00, 0x00, 0x00, 0x00, 0x00, 0x00, 0x00, 0x00, 0x00, 0x00, 0x00, 0x00, 0x00, 0x00, 0x00,
    0x00, 0x00, 0x00, 0x00, 0x00, 0x00, 0x00, 0x00, 0x00, 0x00, 0x00, 0x00, 0x00, 0x00, 0x00, 0x00,
    0x00, 0x00, 0x00, 0x00, 0x00, 0x00, 0x00, 0x00, 0x00, 0x00, 0x00, 0x00, 0x00, 0x00, 0x00, 0x00,
    0x00, 0x00, 0x00, 0x00, 0x00, 0x00, 0x00, 0x00, 0x00, 0x00, 0x00, 0x00, 0x00, 0x00, 0x00, 0x00,
    0x00, 0x00, 0x00, 0x00, 0x00, 0x00, 0x00, 0x00, 0x00, 0x00, 0x00, 0x00, 0x00, 0x00, 0x00, 0x00,
    0x00, 0x00, 0x00, 0x00, 0x00, 0x00, 0x00, 0x00, 0x00, 0x00, 0x00, 0x00, 0x00, 0x00, 0x00, 0x00,
    0x00, 0x00, 0x00, 0x00, 0x00, 0x00, 0x00, 0x00, 0x00, 0x00, 0x00, 0x00, 0x00, 0x00, 0x00, 0x00,
    0x00, 0x00, 0x00, 0x00, 0x00, 0x00, 0x00, 0x00, 0x00, 0x00, 0x00, 0x00, 0x00, 0x00, 0x00, 0x00,
    0x00, 0x00, 0x00, 0x00, 0x00, 0x00, 0x00, 0x00, 0x00, 0x00, 0x00, 0x00, 0x00, 0x00, 0x00, 0x00,
    0x00, 0x00, 0x00, 0x00, 0x00, 0x00, 0x00, 0x00, 0x00, 0x00, 0x00, 0x00, 0x00, 0x00, 0x00, 0x00,
    0x00, 0x00, 0x00, 0x00, 0x00, 0x00, 0x00, 0x00, 0x00, 0x00, 0x00, 0x00, 0x00, 0x00, 0x00, 0x00,
    0x00, 0x00, 0x00, 0x00, 0x00, 0x00, 0x00, 0x00, 0x00, 0x00, 0x00, 0x00, 0x00, 0x00, 0x00, 0x00,
    0x00, 0x00, 0x00, 0x00, 0x00, 0x00, 0x00, 0x00, 0x00, 0x00, 0x00, 0x00, 0x00, 0x00, 0x00, 0x00,
    0x00, 0x00, 0x00, 0x00, 0x00, 0x00, 0x00, 0x00, 0x00, 0x00, 0x00, 0x00, 0x00, 0x00, 0x00, 0x00,
    0x00, 0x00, 0x00, 0x00, 0x00, 0x00, 0x00, 0x00, 0x00, 0x00, 0x00, 0x00, 0x00, 0x00, 0x00, 0x00,
    0x00, 0x00, 0x00, 0x00, 0x00, 0x00, 0x00, 0x00, 0x00, 0x00, 0x00, 0x00, 0x00, 0x00, 0x00, 0x00,
    0x00, 0x00, 0x00, 0x00, 0x00, 0x00, 0x00, 0x00, 0x00, 0x00, 0x00, 0x00, 0x00, 0x00, 0x00, 0x00,
    0x00, 0x00, 0x00, 0x00, 0x00, 0x00, 0x00, 0x00, 0x00, 0x00, 0x00, 0x00, 0x00, 0x00, 0x00, 0x00,
    0x00, 0x00, 0x00, 0x00, 0x00, 0x00, 0x00, 0x00, 0xA3, 0x08, 0x0C, 0x12, 0xED, 0x01, 0xED, 0x01,
    0xED, 0x01, 0xED, 0x01, 0xED, 0x01, 0x0E, 0x02, 0xB1, 0x0A, 0x35, 0x13, 0x76, 0x13, 0x55, 0x13,
    0x55, 0x13, 0x55, 0x13, 0x55, 0x13, 0x55, 0x13, 0x55, 0x13, 0x55, 0x13, 0x55, 0x13, 0x34, 0x13,
    0x4F, 0x0A, 0xED, 0x01, 0xEE, 0x01, 0xED, 0x01, 0xED, 0x01, 0x0E, 0x0A, 0x70, 0x0A, 0xD2, 0x12,
    0x34, 0x13, 0x55, 0x13, 0x76, 0x1B, 0x76, 0x13, 0x76, 0x13, 0x55, 0x13, 0x55, 0x13, 0x55, 0x13,
    0x55, 0x13, 0x55, 0x13, 0x55, 0x13, 0x55, 0x13, 0x55, 0x13, 0x55, 0x13, 0x55, 0x13, 0x31, 0x33,
    0xE3, 0x18, 0x00, 0x00, 0x00, 0x00, 0x20, 0x00, 0x8F, 0x1A, 0x76, 0x13, 0x55, 0x13, 0x55, 0x13,
    0x34, 0x1B, 0x06, 0x11, 0x00, 0x00, 0x00, 0x00, 0x20, 0x00, 0x00, 0x00, 0x00, 0x00, 0x00, 0x00,
    0x00, 0x00, 0x00, 0x00, 0x20, 0x00, 0x83, 0x08, 0x26, 0x11, 0xAA, 0x11, 0x0D, 0x0A, 0x0E, 0x0A,
    0x0E, 0x02, 0xED, 0x01, 0xED, 0x01, 0xCB, 0x11, 0xA3, 0x08, 0x00, 0x00, 0x00, 0x00, 0x00, 0x00,
    0xA3, 0x10, 0x61, 0x08, 0x00, 0x00, 0x00, 0x00, 0x00, 0x00, 0x00, 0x00, 0x62, 0x08, 0x68, 0x11,
    0x0D, 0x0A, 0x0E, 0x02, 0x0E, 0x02, 0xEE, 0x01, 0xED, 0x01, 0xED, 0x01, 0xEC, 0x09, 0x83, 0x08,
    0x00, 0x00, 0x00, 0x00, 0x00, 0x00, 0x00, 0x00, 0x00, 0x00, 0x00, 0x00, 0x00, 0x00, 0x00, 0x00,
    0x00, 0x00, 0x00, 0x00, 0x00, 0x00, 0x00, 0x00, 0x00, 0x00, 0x00, 0x00, 0x00, 0x00, 0x00, 0x00,
    0x00, 0x00, 0x00, 0x00, 0x00, 0x00, 0x00, 0x00, 0x00, 0x00, 0x00, 0x00, 0x00, 0x00, 0x00, 0x00,
    0x00, 0x00, 0x00, 0x00, 0x00, 0x00, 0x00, 0x00, 0x00, 0x00, 0x00, 0x00, 0x00, 0x00, 0x00, 0x00,
    0x00, 0x00, 0x00, 0x00, 0x00, 0x00, 0x00, 0x00, 0x00, 0x00, 0x00, 0x00, 0x00, 0x00, 0x00, 0x00,
    0x00, 0x00, 0x00, 0x00, 0x00, 0x00, 0x00, 0x00, 0x00, 0x00, 0x00, 0x00, 0x00, 0x00, 0x00, 0x00,
    0x00, 0x00, 0x00, 0x00, 0x00, 0x00, 0x00, 0x00, 0x00, 0x00, 0x00, 0x00, 0x00, 0x00, 0x00, 0x00,
    0x00, 0x00, 0x00, 0x00, 0x00, 0x00, 0x00, 0x00, 0x00, 0x00, 0x00, 0x00, 0x00, 0x00, 0x00, 0x00,
    0x00, 0x00, 0x00, 0x00, 0x00, 0x00, 0x00, 0x00, 0x00, 0x00, 0x00, 0x00, 0x00, 0x00, 0x00, 0x00,
    0x00, 0x00, 0x00, 0x00, 0x00, 0x00, 0x00, 0x00, 0x00, 0x00, 0x00, 0x00, 0x00, 0x00, 0x00, 0x00,
    0x00, 0x00, 0x00, 0x00, 0x00, 0x00, 0x00, 0x00, 0x00, 0x00, 0x00, 0x00, 0x00, 0x00, 0x00, 0x00,
    0x00, 0x00, 0x00, 0x00, 0x00, 0x00, 0x00, 0x00, 0x00, 0x00, 0x00, 0x00, 0x00, 0x00, 0x00, 0x00,
    0x00, 0x00, 0x00, 0x00, 0x00, 0x00, 0x00, 0x00, 0x00, 0x00, 0x00, 0x00, 0x00, 0x00, 0x00, 0x00,
    0x00, 0x00, 0x00, 0x00, 0x00, 0x00, 0x00, 0x00, 0x00, 0x00, 0x00, 0x00, 0x00, 0x00, 0x00, 0x00,
    0x00, 0x00, 0x00, 0x00, 0x00, 0x00, 0x00, 0x00, 0x00, 0x00, 0x00, 0x00, 0x00, 0x00, 0x00, 0x00,
    0x00, 0x00, 0x00, 0x00, 0x00, 0x00, 0x00, 0x00, 0x00, 0x00, 0x00, 0x00, 0x00, 0x00, 0x00, 0x00,
    0x00, 0x00, 0x00, 0x00, 0x00, 0x00, 0x00, 0x00, 0x00, 0x00, 0x00, 0x00, 0x00, 0x00, 0x00, 0x00,
    0x00, 0x00, 0x00, 0x00, 0x00, 0x00, 0x00, 0x00, 0x00, 0x00, 0x00, 0x00, 0x00, 0x00, 0x00, 0x00,
    0x00, 0x00, 0x00, 0x00, 0x00, 0x00, 0x00, 0x00, 0x00, 0x00, 0x00, 0x00, 0x00, 0x00, 0x00, 0x00,
    0x00, 0x00, 0x00, 0x00, 0x00, 0x00, 0x00, 0x00, 0x00, 0x00, 0x00, 0x00, 0x00, 0x00, 0x00, 0x00,
    0x00, 0x00, 0x00, 0x00, 0x00, 0x00, 0x00, 0x00, 0x00, 0x00, 0x00, 0x00, 0x00, 0x00, 0x00, 0x00,
    0xA3, 0x10, 0x2D, 0x12, 0x0E, 0x02, 0x0E, 0x02, 0x0E, 0x02, 0xED, 0x01, 0x2F, 0x0A, 0xF2, 0x12,
    0x55, 0x13, 0x55, 0x13, 0x55, 0x13, 0x55, 0x13, 0x55, 0x13, 0x55, 0x13, 0x55, 0x13, 0x55, 0x13,
    0x55, 0x13, 0x55, 0x13, 0x55, 0x13, 0x55, 0x13, 0x14, 0x13, 0x2F, 0x0A, 0x0E, 0x02, 0x4F, 0x0A,
    0xB1, 0x0A, 0x14, 0x13, 0x55, 0x13, 0x55, 0x13, 0x55, 0x13, 0x75, 0x13, 0x75, 0x13, 0x55, 0x13,
    0x75, 0x13, 0x55, 0x13, 0x55, 0x13, 0x55, 0x13, 0x55, 0x13, 0x55, 0x13, 0x55, 0x13, 0x55, 0x13,
    0x55, 0x13, 0x55, 0x13, 0x56, 0x13, 0x32, 0x33, 0xE3, 0x18, 0x20, 0x00, 0x00, 0x00, 0x21, 0x00,
    0x8F, 0x1A, 0x55, 0x13, 0x55, 0x13, 0x56, 0x13, 0x34, 0x1B, 0x06, 0x11, 0x00, 0x00, 0x00, 0x00,
    0x00, 0x00, 0x00, 0x00, 0x00, 0x00, 0x00, 0x00, 0x00, 0x00, 0x00, 0x00, 0x00, 0x00, 0x00, 0x00,
    0x00, 0x00, 0x20, 0x00, 0xA3, 0x08, 0x47, 0x11, 0xCB, 0x11, 0x0E, 0x0A, 0xEC, 0x11, 0xE4, 0x10,
    0x00, 0x00, 0x00, 0x00, 0x00, 0x00, 0x25, 0x19, 0x11, 0x2B, 0xF0, 0x2A, 0x67, 0x19, 0x41, 0x00,
    0x00, 0x00, 0x00, 0x00, 0x00, 0x00, 0x00, 0x00, 0xC4, 0x08, 0xCB, 0x09, 0xED, 0x09, 0xED, 0x01,
    0x0E, 0x02, 0x0E, 0x02, 0x0D, 0x0A, 0xA3, 0x08, 0x00, 0x00, 0x00, 0x00, 0x00, 0x00, 0x00, 0x00,
    0x00, 0x00, 0x00, 0x00, 0x00, 0x00, 0x00, 0x00, 0x00, 0x00, 0x00, 0x00, 0x00, 0x00, 0x00, 0x00,
    0x00, 0x00, 0x00, 0x00, 0x00, 0x00, 0x00, 0x00, 0x00, 0x00, 0x00, 0x00, 0x00, 0x00, 0x00, 0x00,
    0x00, 0x00, 0x00, 0x00, 0x00, 0x00, 0x00, 0x00, 0x00, 0x00, 0x00, 0x00, 0x00, 0x00, 0x00, 0x00,
    0x00, 0x00, 0x00, 0x00, 0x00, 0x00, 0x00, 0x00, 0x00, 0x00, 0x00, 0x00, 0x00, 0x00, 0x00, 0x00,
    0x00, 0x00, 0x00, 0x00, 0x00, 0x00, 0x00, 0x00, 0x00, 0x00, 0x00, 0x00, 0x00, 0x00, 0x00, 0x00,
    0x00, 0x00, 0x00, 0x00, 0x00, 0x00, 0x00, 0x00, 0x00, 0x00, 0x00, 0x00, 0x00, 0x00, 0x00, 0x00,
    0x00, 0x00, 0x00, 0x00, 0x00, 0x00, 0x00, 0x00, 0x00, 0x00, 0x00, 0x00, 0x00, 0x00, 0x00, 0x00,
    0x00, 0x00, 0x00, 0x00, 0x00, 0x00, 0x00, 0x00, 0x00, 0x00, 0x00, 0x00, 0x00, 0x00, 0x00, 0x00,
    0x00, 0x00, 0x00, 0x00, 0x00, 0x00, 0x00, 0x00, 0x00, 0x00, 0x00, 0x00, 0x00, 0x00, 0x00, 0x00,
    0x00, 0x00, 0x00, 0x00, 0x00, 0x00, 0x00, 0x00, 0x00, 0x00, 0x00, 0x00, 0x00, 0x00, 0x00, 0x00,
    0x00, 0x00, 0x00, 0x00, 0x00, 0x00, 0x00, 0x00, 0x00, 0x00, 0x00, 0x00, 0x00, 0x00, 0x00, 0x00,
    0x00, 0x00, 0x00, 0x00, 0x00, 0x00, 0x00, 0x00, 0x00, 0x00, 0x00, 0x00, 0x00, 0x00, 0x00, 0x00,
    0x00, 0x00, 0x00, 0x00, 0x00, 0x00, 0x00, 0x00, 0x00, 0x00, 0x00, 0x00, 0x00, 0x00, 0x00, 0x00,
    0x00, 0x00, 0x00, 0x00, 0x00, 0x00, 0x00, 0x00, 0x00, 0x00, 0x00, 0x00, 0x00, 0x00, 0x00, 0x00,
    0x00, 0x00, 0x00, 0x00, 0x00, 0x00, 0x00, 0x00, 0x00, 0x00, 0x00, 0x00, 0x00, 0x00, 0x00, 0x00,
    0x00, 0x00, 0x00, 0x00, 0x00, 0x00, 0x00, 0x00, 0x00, 0x00, 0x00, 0x00, 0x00, 0x00, 0x00, 0x00,
    0x00, 0x00, 0x00, 0x00, 0x00, 0x00, 0x00, 0x00, 0x00, 0x00, 0x00, 0x00, 0x00, 0x00, 0x00, 0x00,
    0x00, 0x00, 0x00, 0x00, 0x00, 0x00, 0x00, 0x00, 0x00, 0x00, 0x00, 0x00, 0x00, 0x00, 0x00, 0x00,
    0x00, 0x00, 0x00, 0x00, 0x00, 0x00, 0x00, 0x00, 0x00, 0x00, 0x00, 0x00, 0x00, 0x00, 0x00, 0x00,
    0x00, 0x00, 0x00, 0x00, 0x00, 0x00, 0x00, 0x00, 0x00, 0x00, 0x00, 0x00, 0x00, 0x00, 0x00, 0x00,
    0x00, 0x00, 0x00, 0x00, 0x00, 0x00, 0x00, 0x00, 0x20, 0x00, 0xCA, 0x19, 0x0E, 0x02, 0x0E, 0x02,
    0x0E, 0x02, 0x0E, 0x02, 0xF3, 0x12, 0x55, 0x1B, 0x55, 0x13, 0x55, 0x13, 0x55, 0x13, 0x55, 0x13,
    0x55, 0x13, 0x55, 0x13, 0x55, 0x13, 0x55, 0x13, 0x55, 0x13, 0x55, 0x13, 0x55, 0x13, 0x75, 0x13,
    0x76, 0x13, 0x14, 0x13, 0xF3, 0x12, 0x55, 0x13, 0x55, 0x13, 0x55, 0x13, 0x55, 0x13, 0x55, 0x13,
    0x55, 0x13, 0x55, 0x13, 0x55, 0x13, 0x55, 0x13, 0x55, 0x13, 0x55, 0x13, 0x55, 0x13, 0x55, 0x13,
    0x55, 0x13, 0x55, 0x13, 0x55, 0x13, 0x55, 0x13, 0x55, 0x13, 0x56, 0x13, 0x56, 0x13, 0x52, 0x33,
    0xE3, 0x18, 0x20, 0x00, 0x00, 0x00, 0x41, 0x08, 0x8F, 0x22, 0x55, 0x13, 0x55, 0x13, 0x76, 0x13,
    0x55, 0x1B, 0x26, 0x11, 0x00, 0x00, 0x00, 0x00, 0x00, 0x00, 0x61, 0x08, 0x05, 0x11, 0xC3, 0x10,
    0x41, 0x08, 0x00, 0x00, 0x00, 0x00, 0x00, 0x00, 0x00, 0x00, 0x00, 0x00, 0x00, 0x00, 0x00, 0x00,
    0x62, 0x08, 0x06, 0x11, 0xA3, 0x08, 0x00, 0x00, 0x00, 0x00, 0x00, 0x00, 0xA3, 0x10, 0xD0, 0x22,
    0x76, 0x1B, 0x76, 0x13, 0x55, 0x1B, 0x6E, 0x22, 0xE4, 0x10, 0x00, 0x00, 0x00, 0x00, 0x00, 0x00,
    0x00, 0x00, 0x25, 0x19, 0xED, 0x09, 0xED, 0x01, 0x0E, 0x02, 0x0E, 0x02, 0xAA, 0x11, 0x20, 0x00,
    0x00, 0x00, 0x00, 0x00, 0x00, 0x00, 0x00, 0x00, 0x00, 0x00, 0x00, 0x00, 0x00, 0x00, 0x00, 0x00,
    0x00, 0x00, 0x00, 0x00, 0x00, 0x00, 0x00, 0x00, 0x00, 0x00, 0x00, 0x00, 0x00, 0x00, 0x00, 0x00,
    0x00, 0x00, 0x00, 0x00, 0x00, 0x00, 0x00, 0x00, 0x00, 0x00, 0x00, 0x00, 0x00, 0x00, 0x00, 0x00,
    0x00, 0x00, 0x00, 0x00, 0x00, 0x00, 0x00, 0x00, 0x00, 0x00, 0x00, 0x00, 0x00, 0x00, 0x00, 0x00,
    0x00, 0x00, 0x00, 0x00, 0x00, 0x00, 0x00, 0x00, 0x00, 0x00, 0x00, 0x00, 0x00, 0x00, 0x00, 0x00,
    0x00, 0x00, 0x00, 0x00, 0x00, 0x00, 0x00, 0x00, 0x00, 0x00, 0x00, 0x00, 0x00, 0x00, 0x00, 0x00,
    0x00, 0x00, 0x00, 0x00, 0x00, 0x00, 0x00, 0x00, 0x00, 0x00, 0x00, 0x00, 0x00, 0x00, 0x00, 0x00,
    0x00, 0x00, 0x00, 0x00, 0x00, 0x00, 0x00, 0x00, 0x00, 0x00, 0x00, 0x00, 0x00, 0x00, 0x00, 0x00,
    0x00, 0x00, 0x00, 0x00, 0x00, 0x00, 0x00, 0x00, 0x00, 0x00, 0x00, 0x00, 0x00, 0x00, 0x00, 0x00,
    0x00, 0x00, 0x00, 0x00, 0x00, 0x00, 0x00, 0x00, 0x00, 0x00, 0x00, 0x00, 0x00, 0x00, 0x00, 0x00,
    0x00, 0x00, 0x00, 0x00, 0x00, 0x00, 0x00, 0x00, 0x00, 0x00, 0x00, 0x00, 0x00, 0x00, 0x00, 0x00,
    0x00, 0x00, 0x00, 0x00, 0x00, 0x00, 0x00, 0x00, 0x00, 0x00, 0x00, 0x00, 0x00, 0x00, 0x00, 0x00,
    0x00, 0x00, 0x00, 0x00, 0x00, 0x00, 0x00, 0x00, 0x00, 0x00, 0x00, 0x00, 0x00, 0x00, 0x00, 0x00,
    0x00, 0x00, 0x00, 0x00, 0x00, 0x00, 0x00, 0x00, 0x00, 0x00, 0x00, 0x00, 0x00, 0x00, 0x00, 0x00,
    0x00, 0x00, 0x00, 0x00, 0x00, 0x00, 0x00, 0x00, 0x00, 0x00, 0x00, 0x00, 0x00, 0x00, 0x00, 0x00,
    0x00, 0x00, 0x00, 0x00, 0x00, 0x00, 0x00, 0x00, 0x00, 0x00, 0x00, 0x00, 0x00, 0x00, 0x00, 0x00,
    0x00, 0x00, 0x00, 0x00, 0x00, 0x00, 0x00, 0x00, 0x00, 0x00, 0x00, 0x00, 0x00, 0x00, 0x00, 0x00,
    0x00, 0x00, 0x00, 0x00, 0x00, 0x00, 0x00, 0x00, 0x00, 0x00, 0x00, 0x00, 0x00, 0x00, 0x00, 0x00,
    0x00, 0x00, 0x00, 0x00, 0x00, 0x00, 0x00, 0x00, 0x00, 0x00, 0x00, 0x00, 0x00, 0x00, 0x00, 0x00,
    0x00, 0x00, 0x00, 0x00, 0x00, 0x00, 0x00, 0x00, 0x00, 0x00, 0x00, 0x00, 0x00, 0x00, 0x00, 0x00,
    0x00, 0x00, 0x00, 0x00, 0x00, 0x00, 0x00, 0x00, 0x00, 0x00, 0x00, 0x00, 0x00, 0x00, 0x00, 0x00,
    0x00, 0x00, 0x26, 0x11, 0x0D, 0x0A, 0x0E, 0x02, 0x0E, 0x02, 0x0E, 0x02, 0xB2, 0x0A, 0x76, 0x1B,
    0x55, 0x13, 0x55, 0x13, 0x55, 0x13, 0x55, 0x13, 0x55, 0x13, 0x55, 0x13, 0x55, 0x13, 0x55, 0x13,
    0x55, 0x13, 0x75, 0x13, 0x75, 0x13, 0x75, 0x13, 0x55, 0x13, 0x75, 0x13, 0x75, 0x13, 0x55, 0x13,
    0x55, 0x13, 0x55, 0x13, 0x55, 0x13, 0x55, 0x13, 0x55, 0x13, 0x55, 0x13, 0x55, 0x13, 0x55, 0x13,
    0x55, 0x13, 0x55, 0x13, 0x56, 0x13, 0x76, 0x13, 0x76, 0x13, 0x76, 0x13, 0x76, 0x1B, 0x75, 0x1B,
    0x35, 0x13, 0x34, 0x1B, 0x34, 0x1B, 0xCF, 0x2A, 0xA2, 0x10, 0x00, 0x00, 0x00, 0x00, 0x41, 0x08,
    0x8F, 0x22, 0x55, 0x13, 0x55, 0x13, 0x76, 0x13, 0x55, 0x1B, 0x26, 0x11, 0x00, 0x00, 0x00, 0x00,
    0x00, 0x00, 0x67, 0x19, 0x13, 0x23, 0x33, 0x23, 0xF0, 0x2A, 0x4C, 0x2A, 0x26, 0x19, 0x62, 0x08,
    0x00, 0x00, 0x00, 0x00, 0x00, 0x00, 0x00, 0x00, 0x00, 0x00, 0x00, 0x00, 0x00, 0x00, 0x00, 0x00,
    0x00, 0x00, 0x62, 0x08, 0x8E, 0x22, 0x55, 0x13, 0x55, 0x13, 0x55, 0x13, 0x56, 0x13, 0x76, 0x1B,
    0x33, 0x23, 0x25, 0x19, 0x00, 0x00, 0x00, 0x00, 0x00, 0x00, 0x88, 0x19, 0xED, 0x09, 0x0E, 0x02,
    0xEE, 0x01, 0xED, 0x09, 0x26, 0x11, 0x00, 0x00, 0x00, 0x00, 0x00, 0x00, 0x00, 0x00, 0x00, 0x00,
    0x00, 0x00, 0x00, 0x00, 0x00, 0x00, 0x00, 0x00, 0x00, 0x00, 0x00, 0x00, 0x00, 0x00, 0x00, 0x00,
    0x00, 0x00, 0x00, 0x00, 0x00, 0x00, 0x00, 0x00, 0x00, 0x00, 0x00, 0x00, 0x00, 0x00, 0x00, 0x00,
    0x00, 0x00, 0x00, 0x00, 0x00, 0x00, 0x00, 0x00, 0x00, 0x00, 0x00, 0x00, 0x00, 0x00, 0x00, 0x00,
    0x00, 0x00, 0x00, 0x00, 0x00, 0x00, 0x00, 0x00, 0x00, 0x00, 0x00, 0x00, 0x00, 0x00, 0x00, 0x00,
    0x00, 0x00, 0x00, 0x00, 0x00, 0x00, 0x00, 0x00, 0x00, 0x00, 0x00, 0x00, 0x00, 0x00, 0x00, 0x00,
    0x00, 0x00, 0x00, 0x00, 0x00, 0x00, 0x00, 0x00, 0x00, 0x00, 0x00, 0x00, 0x00, 0x00, 0x00, 0x00,
    0x00, 0x00, 0x00, 0x00, 0x00, 0x00, 0x00, 0x00, 0x00, 0x00, 0x00, 0x00, 0x00, 0x00, 0x00, 0x00,
    0x00, 0x00, 0x00, 0x00, 0x00, 0x00, 0x00, 0x00, 0x00, 0x00, 0x00, 0x00, 0x00, 0x00, 0x00, 0x00,
    0x00, 0x00, 0x00, 0x00, 0x00, 0x00, 0x00, 0x00, 0x00, 0x00, 0x00, 0x00, 0x00, 0x00, 0x00, 0x00,
    0x00, 0x00, 0x00, 0x00, 0x00, 0x00, 0x00, 0x00, 0x00, 0x00, 0x00, 0x00, 0x00, 0x00, 0x00, 0x00,
    0x00, 0x00, 0x00, 0x00, 0x00, 0x00, 0x00, 0x00, 0x00, 0x00, 0x00, 0x00, 0x00, 0x00, 0x00, 0x00,
    0x00, 0x00, 0x00, 0x00, 0x00, 0x00, 0x00, 0x00, 0x00, 0x00, 0x00, 0x00, 0x00, 0x00, 0x00, 0x00,
    0x00, 0x00, 0x00, 0x00, 0x00, 0x00, 0x00, 0x00, 0x00, 0x00, 0x00, 0x00, 0x00, 0x00, 0x00, 0x00,
    0x00, 0x00, 0x00, 0x00, 0x00, 0x00, 0x00, 0x00, 0x00, 0x00, 0x00, 0x00, 0x00, 0x00, 0x00, 0x00,
    0x00, 0x00, 0x00, 0x00, 0x00, 0x00, 0x00, 0x00, 0x00, 0x00, 0x00, 0x00, 0x00, 0x00, 0x00, 0x00,
    0x00, 0x00, 0x00, 0x00, 0x00, 0x00, 0x00, 0x00, 0x00, 0x00, 0x00, 0x00, 0x00, 0x00, 0x00, 0x00,
    0x00, 0x00, 0x00, 0x00, 0x00, 0x00, 0x00, 0x00, 0x00, 0x00, 0x00, 0x00, 0x00, 0x00, 0x00, 0x00,
    0x00, 0x00, 0x00, 0x00, 0x00, 0x00, 0x00, 0x00, 0x00, 0x00, 0x00, 0x00, 0x00, 0x00, 0x00, 0x00,
    0x00, 0x00, 0x00, 0x00, 0x00, 0x00, 0x00, 0x00, 0x00, 0x00, 0x00, 0x00, 0x00, 0x00, 0x00, 0x00,
    0x00, 0x00, 0x00, 0x00, 0x00, 0x00, 0x00, 0x00, 0x00, 0x00, 0x00, 0x00, 0x00, 0x00, 0x00, 0x00,
    0x00, 0x00, 0x00, 0x00, 0x00, 0x00, 0x00, 0x00, 0x00, 0x00, 0x62, 0x08, 0xEC, 0x11, 0xEE, 0x01,
    0x0E, 0x02, 0x0E, 0x02, 0x4F, 0x0A, 0x55, 0x13, 0x76, 0x13, 0x55, 0x13, 0x55, 0x13, 0x55, 0x13,
    0x55, 0x13, 0x55, 0x13, 0x55, 0x13, 0x55, 0x13, 0x55, 0x13, 0x55, 0x13, 0x55, 0x13, 0x55, 0x13,
    0x55, 0x13, 0x55, 0x13, 0x55, 0x13, 0x55, 0x13, 0x55, 0x13, 0x55, 0x13, 0x55, 0x13, 0x55, 0x13,
    0x55, 0x13, 0x55, 0x13, 0x55, 0x13, 0x55, 0x13, 0x55, 0x13, 0x55, 0x1B, 0x34, 0x1B, 0x13, 0x1B,
    0xF1, 0x22, 0xAF, 0x22, 0x4D, 0x22, 0xA9, 0x19, 0x47, 0x11, 0x26, 0x11, 0x25, 0x19, 0x83, 0x08,
    0x00, 0x00, 0x00, 0x00, 0x00, 0x00, 0x41, 0x08, 0xAF, 0x22, 0x55, 0x13, 0x55, 0x13, 0x56, 0x13,
    0x55, 0x1B, 0x26, 0x11, 0x00, 0x00, 0x00, 0x00, 0x00, 0x00, 0xE9, 0x29, 0x75, 0x1B, 0x56, 0x13,
    0x56, 0x13, 0x76, 0x1B, 0x54, 0x1B, 0xF1, 0x22, 0x2C, 0x22, 0x25, 0x11, 0x41, 0x08, 0x00, 0x00,
    0x00, 0x00, 0x00, 0x00, 0x00, 0x00, 0x00, 0x00, 0x20, 0x00, 0x0B, 0x22, 0x75, 0x1B, 0x56, 0x13,
    0x55, 0x13, 0x55, 0x13, 0x55, 0x13, 0x56, 0x13, 0x55, 0x1B, 0x67, 0x19, 0x00, 0x00, 0x00, 0x00,
    0x61, 0x08, 0x0C, 0x12, 0x0E, 0x02, 0x0E, 0x02, 0x0E, 0x02, 0xEC, 0x09, 0x82, 0x08, 0x00, 0x00,
    0x00, 0x00, 0x00, 0x00, 0x00, 0x00, 0x00, 0x00, 0x00, 0x00, 0x00, 0x00, 0x00, 0x00, 0x00, 0x00,
    0x00, 0x00, 0x00, 0x00, 0x00, 0x00, 0x00, 0x00, 0x00, 0x00, 0x00, 0x00, 0x00, 0x00, 0x00, 0x00,
    0x00, 0x00, 0x00, 0x00, 0x00, 0x00, 0x00, 0x00, 0x00, 0x00, 0x00, 0x00, 0x00, 0x00, 0x00, 0x00,
    0x00, 0x00, 0x00, 0x00, 0x00, 0x00, 0x00, 0x00, 0x00, 0x00, 0x00, 0x00, 0x00, 0x00, 0x00, 0x00,
    0x00, 0x00, 0x00, 0x00, 0x00, 0x00, 0x00, 0x00, 0x00, 0x00, 0x00, 0x00, 0x00, 0x00, 0x00, 0x00,
    0x00, 0x00, 0x00, 0x00, 0x00, 0x00, 0x00, 0x00, 0x00, 0x00, 0x00, 0x00, 0x00, 0x00, 0x00, 0x00,
    0x00, 0x00, 0x00, 0x00, 0x00, 0x00, 0x00, 0x00, 0x00, 0x00, 0x00, 0x00, 0x00, 0x00, 0x00, 0x00,
    0x00, 0x00, 0x00, 0x00, 0x00, 0x00, 0x00, 0x00, 0x00, 0x00, 0x00, 0x00, 0x00, 0x00, 0x00, 0x00,
    0x00, 0x00, 0x00, 0x00, 0x00, 0x00, 0x00, 0x00, 0x00, 0x00, 0x00, 0x00, 0x00, 0x00, 0x00, 0x00,
    0x00, 0x00, 0x00, 0x00, 0x00, 0x00, 0x00, 0x00, 0x00, 0x00, 0x00, 0x00, 0x00, 0x00, 0x00, 0x00,
    0x00, 0x00, 0x00, 0x00, 0x00, 0x00, 0x00, 0x00, 0x00, 0x00, 0x00, 0x00, 0x00, 0x00, 0x00, 0x00,
    0x00, 0x00, 0x00, 0x00, 0x00, 0x00, 0x00, 0x00, 0x00, 0x00, 0x00, 0x00, 0x00, 0x00, 0x00, 0x00,
    0x00, 0x00, 0x00, 0x00, 0x00, 0x00, 0x00, 0x00, 0x00, 0x00, 0x00, 0x00, 0x00, 0x00, 0x00, 0x00,
    0x00, 0x00, 0x00, 0x00, 0x00, 0x00, 0x00, 0x00, 0x00, 0x00, 0x00, 0x00, 0x00, 0x00, 0x00, 0x00,
    0x00, 0x00, 0x00, 0x00, 0x00, 0x00, 0x00, 0x00, 0x00, 0x00, 0x00, 0x00, 0x00, 0x00, 0x00, 0x00,
    0x00, 0x00, 0x00, 0x00, 0x00, 0x00, 0x00, 0x00, 0x00, 0x00, 0x00, 0x00, 0x00, 0x00, 0x00, 0x00,
    0x00, 0x00, 0x00, 0x00, 0x00, 0x00, 0x00, 0x00, 0x00, 0x00, 0x00, 0x00, 0x00, 0x00, 0x00, 0x00,
    0x00, 0x00, 0x00, 0x00, 0x00, 0x00, 0x00, 0x00, 0x00, 0x00, 0x00, 0x00, 0x00, 0x00, 0x00, 0x00,
    0x00, 0x00, 0x00, 0x00, 0x00, 0x00, 0x00, 0x00, 0x00, 0x00, 0x00, 0x00, 0x00, 0x00, 0x00, 0x00,
    0x00, 0x00, 0x00, 0x00, 0x00, 0x00, 0x00, 0x00, 0x00, 0x00, 0x00, 0x00, 0x00, 0x00, 0x00, 0x00,
    0x00, 0x00, 0x00, 0x00, 0x00, 0x00, 0x00, 0x00, 0x00, 0x00, 0x00, 0x00, 0x00, 0x00, 0x00, 0x00,
    0x00, 0x00, 0x00, 0x00, 0x68, 0x11, 0x0E, 0x02, 0x0E, 0x02, 0x0E, 0x02, 0x0E, 0x02, 0xF3, 0x12,
    0x76, 0x1B, 0x55, 0x13, 0x55, 0x13, 0x55, 0x13, 0x55, 0x13, 0x55, 0x13, 0x55, 0x13, 0x55, 0x13,
    0x55, 0x13, 0x55, 0x13, 0x55, 0x13, 0x55, 0x13, 0x55, 0x13, 0x55, 0x13, 0x55, 0x13, 0x55, 0x13,
    0x55, 0x13, 0x55, 0x13, 0x55, 0x13, 0x56, 0x13, 0x55, 0x13, 0x55, 0x13, 0x55, 0x1B, 0x13, 0x23,
    0xD0, 0x2A, 0x2B, 0x22, 0x26, 0x11, 0xA3, 0x08, 0x61, 0x08, 0x20, 0x00, 0x00, 0x00, 0x00, 0x00,
    0x00, 0x00, 0x00, 0x00, 0x00, 0x00, 0x00, 0x00, 0x00, 0x00, 0x00, 0x00, 0x00, 0x00, 0x41, 0x08,
    0xB0, 0x22, 0x56, 0x13, 0x55, 0x13, 0x55, 0x13, 0x34, 0x1B, 0x26, 0x11, 0x00, 0x00, 0x00, 0x00,
    0x20, 0x00, 0x6C, 0x3A, 0x75, 0x1B, 0x55, 0x13, 0x55, 0x13, 0x55, 0x13, 0x55, 0x13, 0x55, 0x13,
    0x55, 0x1B, 0x54, 0x1B, 0xB0, 0x22, 0xA8, 0x19, 0x82, 0x08, 0x00, 0x00, 0x00, 0x00, 0x00, 0x00,
    0x88, 0x19, 0x34, 0x1B, 0x76, 0x13, 0x55, 0x13, 0x55, 0x13, 0x55, 0x13, 0x55, 0x13, 0x55, 0x13,
    0xF1, 0x22, 0x82, 0x10, 0x00, 0x00, 0x00, 0x00, 0x05, 0x11, 0x0D, 0x0A, 0x0E, 0x02, 0x0E, 0x02,
    0x0E, 0x02, 0x89, 0x11, 0x00, 0x00, 0x00, 0x00, 0x00, 0x00, 0x00, 0x00, 0x00, 0x00, 0x00, 0x00,
    0x00, 0x00, 0x00, 0x00, 0x00, 0x00, 0x00, 0x00, 0x00, 0x00, 0x00, 0x00, 0x00, 0x00, 0x00, 0x00,
    0x00, 0x00, 0x00, 0x00, 0x00, 0x00, 0x00, 0x00, 0x00, 0x00, 0x00, 0x00, 0x00, 0x00, 0x00, 0x00,
    0x00, 0x00, 0x00, 0x00, 0x00, 0x00, 0x00, 0x00, 0x00, 0x00, 0x00, 0x00, 0x00, 0x00, 0x00, 0x00,
    0x00, 0x00, 0x00, 0x00, 0x00, 0x00, 0x00, 0x00, 0x00, 0x00, 0x00, 0x00, 0x00, 0x00, 0x00, 0x00,
    0x00, 0x00, 0x00, 0x00, 0x00, 0x00, 0x00, 0x00, 0x00, 0x00, 0x00, 0x00, 0x00, 0x00, 0x00, 0x00,
    0x00, 0x00, 0x00, 0x00, 0x00, 0x00, 0x00, 0x00, 0x00, 0x00, 0x00, 0x00, 0x00, 0x00, 0x00, 0x00,
    0x00, 0x00, 0x00, 0x00, 0x00, 0x00, 0x00, 0x00, 0x00, 0x00, 0x00, 0x00, 0x00, 0x00, 0x00, 0x00,
    0x00, 0x00, 0x00, 0x00, 0x00, 0x00, 0x00, 0x00, 0x00, 0x00, 0x00, 0x00, 0x00, 0x00, 0x00, 0x00,
    0x00, 0x00, 0x00, 0x00, 0x00, 0x00, 0x00, 0x00, 0x00, 0x00, 0x00, 0x00, 0x00, 0x00, 0x00, 0x00,
    0x00, 0x00, 0x00, 0x00, 0x00, 0x00, 0x00, 0x00, 0x00, 0x00, 0x00, 0x00, 0x00, 0x00, 0x00, 0x00,
    0x00, 0x00, 0x00, 0x00, 0x00, 0x00, 0x00, 0x00, 0x00, 0x00, 0x00, 0x00, 0x00, 0x00, 0x00, 0x00,
    0x00, 0x00, 0x00, 0x00, 0x00, 0x00, 0x00, 0x00, 0x00, 0x00, 0x00, 0x00, 0x00, 0x00, 0x00, 0x00,
    0x00, 0x00, 0x00, 0x00, 0x00, 0x00, 0x00, 0x00, 0x00, 0x00, 0x00, 0x00, 0x00, 0x00, 0x00, 0x00,
    0x00, 0x00, 0x00, 0x00, 0x00, 0x00, 0x00, 0x00, 0x00, 0x00, 0x00, 0x00, 0x00, 0x00, 0x00, 0x00,
    0x00, 0x00, 0x00, 0x00, 0x00, 0x00, 0x00, 0x00, 0x00, 0x00, 0x00, 0x00, 0x00, 0x00, 0x00, 0x00,
    0x00, 0x00, 0x00, 0x00, 0x00, 0x00, 0x00, 0x00, 0x00, 0x00, 0x00, 0x00, 0x00, 0x00, 0x00, 0x00,
    0x00, 0x00, 0x00, 0x00, 0x00, 0x00, 0x00, 0x00, 0x00, 0x00, 0x00, 0x00, 0x00, 0x00, 0x00, 0x00,
    0x00, 0x00, 0x00, 0x00, 0x00, 0x00, 0x00, 0x00, 0x00, 0x00, 0x00, 0x00, 0x00, 0x00, 0x00, 0x00,
    0x00, 0x00, 0x00, 0x00, 0x00, 0x00, 0x00, 0x00, 0x00, 0x00, 0x00, 0x00, 0x00, 0x00, 0x00, 0x00,
    0x00, 0x00, 0x00, 0x00, 0x00, 0x00, 0x00, 0x00, 0x00, 0x00, 0x00, 0x00, 0x00, 0x00, 0x00, 0x00,
    0x00, 0x00, 0x00, 0x00, 0x00, 0x00, 0x00, 0x00, 0x00, 0x00, 0x00, 0x00, 0xC4, 0x08, 0xED, 0x09,
    0xED, 0x01, 0x0E, 0x02, 0xEE, 0x01, 0x91, 0x0A, 0x76, 0x1B, 0x55, 0x13, 0x55, 0x13, 0x55, 0x13,
    0x55, 0x13, 0x55, 0x13, 0x55, 0x13, 0x55, 0x13, 0x55, 0x13, 0x55, 0x13, 0x55, 0x13, 0x55, 0x13,
    0x55, 0x13, 0x55, 0x13, 0x55, 0x13, 0x75, 0x13, 0x75, 0x13, 0x76, 0x13, 0x76, 0x1B, 0x55, 0x1B,
    0xD1, 0x1A, 0x0C, 0x1A, 0x46, 0x11, 0xA3, 0x10, 0x41, 0x08, 0x00, 0x00, 0x00, 0x00, 0x00, 0x00,
    0x00, 0x00, 0x00, 0x00, 0x00, 0x00, 0x00, 0x00, 0x00, 0x00, 0x00, 0x00, 0x00, 0x00, 0x00, 0x00,
    0x00, 0x00, 0x00, 0x00, 0x00, 0x00, 0x20, 0x00, 0x8F, 0x22, 0x76, 0x13, 0x55, 0x13, 0x55, 0x13,
    0x34, 0x1B, 0x26, 0x11, 0x00, 0x00, 0x00, 0x00, 0x20, 0x00, 0x6B, 0x32, 0x55, 0x1B, 0x55, 0x13,
    0x55, 0x13, 0x55, 0x13, 0x55, 0x13, 0x56, 0x13, 0x76, 0x13, 0x76, 0x13, 0x76, 0x1B, 0x55, 0x1B,
    0xF2, 0x1A, 0xEB, 0x19, 0xA3, 0x08, 0x46, 0x19, 0xF2, 0x1A, 0x55, 0x13, 0x55, 0x13, 0x55, 0x13,
    0x55, 0x13, 0x55, 0x13, 0x55, 0x13, 0x55, 0x13, 0xEB, 0x19, 0x00, 0x00, 0x00, 0x00, 0x20, 0x00,
    0xCA, 0x19, 0xED, 0x01, 0xED, 0x01, 0x0E, 0x02, 0xED, 0x09, 0xC4, 0x08, 0x00, 0x00, 0x00, 0x00,
    0x00, 0x00, 0x00, 0x00, 0x00, 0x00, 0x00, 0x00, 0x00, 0x00, 0x00, 0x00, 0x00, 0x00, 0x00, 0x00,
    0x00, 0x00, 0x00, 0x00, 0x00, 0x00, 0x00, 0x00, 0x00, 0x00, 0x00, 0x00, 0x00, 0x00, 0x00, 0x00,
    0x00, 0x00, 0x00, 0x00, 0x00, 0x00, 0x00, 0x00, 0x00, 0x00, 0x00, 0x00, 0x00, 0x00, 0x00, 0x00,
    0x00, 0x00, 0x00, 0x00, 0x00, 0x00, 0x00, 0x00, 0x00, 0x00, 0x00, 0x00, 0x00, 0x00, 0x00, 0x00,
    0x00, 0x00, 0x00, 0x00, 0x00, 0x00, 0x00, 0x00, 0x00, 0x00, 0x00, 0x00, 0x00, 0x00, 0x00, 0x00,
    0x00, 0x00, 0x00, 0x00, 0x00, 0x00, 0x00, 0x00, 0x00, 0x00, 0x00, 0x00, 0x00, 0x00, 0x00, 0x00,
    0x00, 0x00, 0x00, 0x00, 0x00, 0x00, 0x00, 0x00, 0x00, 0x00, 0x00, 0x00, 0x00, 0x00, 0x00, 0x00,
    0x00, 0x00, 0x00, 0x00, 0x00, 0x00, 0x00, 0x00, 0x00, 0x00, 0x00, 0x00, 0x00, 0x00, 0x00, 0x00,
    0x00, 0x00, 0x00, 0x00, 0x00, 0x00, 0x00, 0x00, 0x00, 0x00, 0x00, 0x00, 0x00, 0x00, 0x00, 0x00,
    0x00, 0x00, 0x00, 0x00, 0x00, 0x00, 0x00, 0x00, 0x00, 0x00, 0x00, 0x00, 0x00, 0x00, 0x00, 0x00,
    0x00, 0x00, 0x00, 0x00, 0x00, 0x00, 0x00, 0x00, 0x00, 0x00, 0x00, 0x00, 0x00, 0x00, 0x00, 0x00,
    0x00, 0x00, 0x00, 0x00, 0x00, 0x00, 0x00, 0x00, 0x00, 0x00, 0x00, 0x00, 0x00, 0x00, 0x00, 0x00,
    0x00, 0x00, 0x00, 0x00, 0x00, 0x00, 0x00, 0x00, 0x00, 0x00, 0x00, 0x00, 0x00, 0x00, 0x00, 0x00,
    0x00, 0x00, 0x00, 0x00, 0x00, 0x00, 0x00, 0x00, 0x00, 0x00, 0x00, 0x00, 0x00, 0x00, 0x00, 0x00,
    0x00, 0x00, 0x00, 0x00, 0x00, 0x00, 0x00, 0x00, 0x00, 0x00, 0x00, 0x00, 0x00, 0x00, 0x00, 0x00,
    0x00, 0x00, 0x00, 0x00, 0x00, 0x00, 0x00, 0x00, 0x00, 0x00, 0x00, 0x00, 0x00, 0x00, 0x00, 0x00,
    0x00, 0x00, 0x00, 0x00, 0x00, 0x00, 0x00, 0x00, 0x00, 0x00, 0x00, 0x00, 0x00, 0x00, 0x00, 0x00,
    0x00, 0x00, 0x00, 0x00, 0x00, 0x00, 0x00, 0x00, 0x00, 0x00, 0x00, 0x00, 0x00, 0x00, 0x00, 0x00,
    0x00, 0x00, 0x00, 0x00, 0x00, 0x00, 0x00, 0x00, 0x00, 0x00, 0x00, 0x00, 0x00, 0x00, 0x00, 0x00,
    0x00, 0x00, 0x00, 0x00, 0x00, 0x00, 0x00, 0x00, 0x00, 0x00, 0x00, 0x00, 0x00, 0x00, 0x00, 0x00,
    0x00, 0x00, 0x00, 0x00, 0x00, 0x00, 0x00, 0x00, 0x00, 0x00, 0x00, 0x00, 0x00, 0x00, 0x00, 0x00,
    0x00, 0x00, 0x00, 0x00, 0x41, 0x08, 0xCB, 0x11, 0xED, 0x01, 0xEE, 0x01, 0xEE, 0x01, 0x2F, 0x0A,
    0x34, 0x13, 0x75, 0x13, 0x55, 0x13, 0x55, 0x13, 0x75, 0x13, 0x55, 0x13, 0x55, 0x13, 0x55, 0x13,
    0x55, 0x13, 0x55, 0x13, 0x55, 0x13, 0x55, 0x13, 0x55, 0x13, 0x55, 0x13, 0x55, 0x13, 0x76, 0x13,
    0x76, 0x1B, 0x12, 0x23, 0x4D, 0x22, 0x46, 0x19, 0x61, 0x08, 0x00, 0x00, 0x00, 0x00, 0x00, 0x00,
    0x00, 0x00, 0x00, 0x00, 0x00, 0x00, 0x00, 0x00, 0x00, 0x00, 0x00, 0x00, 0x00, 0x00, 0x00, 0x00,
    0x00, 0x00, 0x00, 0x00, 0x00, 0x00, 0x00, 0x00, 0x00, 0x00, 0x00, 0x00, 0x00, 0x00, 0x20, 0x00,
    0x6E, 0x1A, 0x76, 0x1B, 0x75, 0x1B, 0x56, 0x13, 0x34, 0x1B, 0x67, 0x19, 0x00, 0x00, 0x00, 0x00,
    0x00, 0x00, 0xA9, 0x21, 0x34, 0x1B, 0x55, 0x13, 0x55, 0x13, 0x76, 0x13, 0x55, 0x1B, 0xD1, 0x22,
    0xF2, 0x22, 0x55, 0x1B, 0x76, 0x1B, 0x76, 0x13, 0x76, 0x13, 0x76, 0x1B, 0x13, 0x1B, 0x33, 0x23,
    0x56, 0x13, 0x55, 0x13, 0x55, 0x13, 0x55, 0x13, 0x55, 0x13, 0x55, 0x13, 0x56, 0x13, 0x13, 0x1B,
    0x05, 0x11, 0x00, 0x00, 0x00, 0x00, 0xC3, 0x10, 0x0D, 0x12, 0xED, 0x01, 0xED, 0x01, 0xED, 0x01,
    0x8A, 0x09, 0x21, 0x00, 0x00, 0x00, 0x00, 0x00, 0x00, 0x00, 0x00, 0x00, 0x00, 0x00, 0x00, 0x00,
    0x00, 0x00, 0x00, 0x00, 0x00, 0x00, 0x00, 0x00, 0x00, 0x00, 0x00, 0x00, 0x00, 0x00, 0x00, 0x00,
    0x00, 0x00, 0x00, 0x00, 0x00, 0x00, 0x00, 0x00, 0x00, 0x00, 0x00, 0x00, 0x00, 0x00, 0x00, 0x00,
    0x00, 0x00, 0x00, 0x00, 0x00, 0x00, 0x00, 0x00, 0x00, 0x00, 0x00, 0x00, 0x00, 0x00, 0x00, 0x00,
    0x00, 0x00, 0x00, 0x00, 0x00, 0x00, 0x00, 0x00, 0x00, 0x00, 0x00, 0x00, 0x00, 0x00, 0x00, 0x00,
    0x00, 0x00, 0x00, 0x00, 0x00, 0x00, 0x00, 0x00, 0x00, 0x00, 0x00, 0x00, 0x00, 0x00, 0x00, 0x00,
    0x00, 0x00, 0x00, 0x00, 0x00, 0x00, 0x00, 0x00, 0x00, 0x00, 0x00, 0x00, 0x00, 0x00, 0x00, 0x00,
    0x00, 0x00, 0x00, 0x00, 0x00, 0x00, 0x00, 0x00, 0x00, 0x00, 0x00, 0x00, 0x00, 0x00, 0x00, 0x00,
    0x00, 0x00, 0x00, 0x00, 0x00, 0x00, 0x00, 0x00, 0x00, 0x00, 0x00, 0x00, 0x00, 0x00, 0x00, 0x00,
    0x00, 0x00, 0x00, 0x00, 0x00, 0x00, 0x00, 0x00, 0x00, 0x00, 0x00, 0x00, 0x00, 0x00, 0x00, 0x00,
    0x00, 0x00, 0x00, 0x00, 0x00, 0x00, 0x00, 0x00, 0x00, 0x00, 0x00, 0x00, 0x00, 0x00, 0x00, 0x00,
    0x00, 0x00, 0x00, 0x00, 0x00, 0x00, 0x00, 0x00, 0x00, 0x00, 0x00, 0x00, 0x00, 0x00, 0x00, 0x00,
    0x00, 0x00, 0x00, 0x00, 0x00, 0x00, 0x00, 0x00, 0x00, 0x00, 0x00, 0x00, 0x00, 0x00, 0x00, 0x00,
    0x00, 0x00, 0x00, 0x00, 0x00, 0x00, 0x00, 0x00, 0x00, 0x00, 0x00, 0x00, 0x00, 0x00, 0x00, 0x00,
    0x00, 0x00, 0x00, 0x00, 0x00, 0x00, 0x00, 0x00, 0x00, 0x00, 0x00, 0x00, 0x00, 0x00, 0x00, 0x00,
    0x00, 0x00, 0x00, 0x00, 0x00, 0x00, 0x00, 0x00, 0x00, 0x00, 0x00, 0x00, 0x00, 0x00, 0x00, 0x00,
    0x00, 0x00, 0x00, 0x00, 0x00, 0x00, 0x00, 0x00, 0x00, 0x00, 0x00, 0x00, 0x00, 0x00, 0x00, 0x00,
    0x00, 0x00, 0x00, 0x00, 0x00, 0x00, 0x00, 0x00, 0x00, 0x00, 0x00, 0x00, 0x00, 0x00, 0x00, 0x00,
    0x00, 0x00, 0x00, 0x00, 0x00, 0x00, 0x00, 0x00, 0x00, 0x00, 0x00, 0x00, 0x00, 0x00, 0x00, 0x00,
    0x00, 0x00, 0x00, 0x00, 0x00, 0x00, 0x00, 0x00, 0x00, 0x00, 0x00, 0x00, 0x00, 0x00, 0x00, 0x00,
    0x00, 0x00, 0x00, 0x00, 0x00, 0x00, 0x00, 0x00, 0x00, 0x00, 0x00, 0x00, 0x00, 0x00, 0x00, 0x00,
    0x00, 0x00, 0x00, 0x00, 0x00, 0x00, 0x00, 0x00, 0x00, 0x00, 0x00, 0x00, 0x00, 0x00, 0x26, 0x11,
    0xED, 0x09, 0xED, 0x01, 0xED, 0x01, 0xED, 0x01, 0xD2, 0x12, 0x76, 0x1B, 0x55, 0x13, 0x75, 0x13,
    0x75, 0x1B, 0x75, 0x13, 0x75, 0x13, 0x75, 0x13, 0x55, 0x13, 0x55, 0x13, 0x55, 0x13, 0x55, 0x13,
    0x55, 0x13, 0x55, 0x13, 0x55, 0x1B, 0xF1, 0x22, 0xCA, 0x19, 0xA3, 0x08, 0x00, 0x00, 0x00, 0x00,
    0x00, 0x00, 0x00, 0x00, 0x00, 0x00, 0x00, 0x00, 0x00, 0x00, 0x00, 0x00, 0x00, 0x00, 0x00, 0x00,
    0x20, 0x00, 0x62, 0x08, 0xC3, 0x10, 0x05, 0x19, 0x46, 0x19, 0x88, 0x19, 0xEA, 0x21, 0x88, 0x19,
    0x20, 0x00, 0x00, 0x00, 0x00, 0x00, 0x20, 0x00, 0x6E, 0x1A, 0x76, 0x1B, 0x75, 0x1B, 0x56, 0x13,
    0x55, 0x1B, 0x87, 0x19, 0x00, 0x00, 0x00, 0x00, 0x00, 0x00, 0xA8, 0x21, 0x35, 0x1B, 0x55, 0x13,
    0x76, 0x13, 0x55, 0x1B, 0x2C, 0x2A, 0xA3, 0x10, 0xC3, 0x10, 0xA8, 0x21, 0xAF, 0x2A, 0x34, 0x23,
    0x76, 0x1B, 0x76, 0x13, 0x56, 0x13, 0x56, 0x13, 0x55, 0x13, 0x55, 0x13, 0x55, 0x13, 0x55, 0x13,
    0x55, 0x13, 0x75, 0x13, 0x76, 0x1B, 0x6E, 0x22, 0x41, 0x00, 0x00, 0x00, 0x00, 0x00, 0x88, 0x19,
    0xED, 0x09, 0xED, 0x01, 0xED, 0x01, 0xED, 0x09, 0x06, 0x09, 0x00, 0x00, 0x00, 0x00, 0x00, 0x00,
    0x00, 0x00, 0x00, 0x00, 0x00, 0x00, 0x00, 0x00, 0x00, 0x00, 0x00, 0x00, 0x00, 0x00, 0x00, 0x00,
    0x00, 0x00, 0x00, 0x00, 0x00, 0x00, 0x00, 0x00, 0x00, 0x00, 0x00, 0x00, 0x00, 0x00, 0x00, 0x00,
    0x00, 0x00, 0x00, 0x00, 0x00, 0x00, 0x00, 0x00, 0x00, 0x00, 0x00, 0x00, 0x00, 0x00, 0x00, 0x00,
    0x00, 0x00, 0x00, 0x00, 0x00, 0x00, 0x00, 0x00, 0x00, 0x00, 0x00, 0x00, 0x00, 0x00, 0x00, 0x00,
    0x00, 0x00, 0x00, 0x00, 0x00, 0x00, 0x00, 0x00, 0x00, 0x00, 0x00, 0x00, 0x00, 0x00, 0x00, 0x00,
    0x00, 0x00, 0x00, 0x00, 0x00, 0x00, 0x00, 0x00, 0x00, 0x00, 0x00, 0x00, 0x00, 0x00, 0x00, 0x00,
    0x00, 0x00, 0x00, 0x00, 0x00, 0x00, 0x00, 0x00, 0x00, 0x00, 0x00, 0x00, 0x00, 0x00, 0x00, 0x00,
    0x00, 0x00, 0x00, 0x00, 0x00, 0x00, 0x00, 0x00, 0x00, 0x00, 0x00, 0x00, 0x00, 0x00, 0x00, 0x00,
    0x00, 0x00, 0x00, 0x00, 0x00, 0x00, 0x00, 0x00, 0x00, 0x00, 0x00, 0x00, 0x00, 0x00, 0x00, 0x00,
    0x00, 0x00, 0x00, 0x00, 0x00, 0x00, 0x00, 0x00, 0x00, 0x00, 0x00, 0x00, 0x00, 0x00, 0x00, 0x00,
    0x00, 0x00, 0x00, 0x00, 0x00, 0x00, 0x00, 0x00, 0x00, 0x00, 0x00, 0x00, 0x00, 0x00, 0x00, 0x00,
    0x00, 0x00, 0x00, 0x00, 0x00, 0x00, 0x00, 0x00, 0x00, 0x00, 0x00, 0x00, 0x00, 0x00, 0x00, 0x00,
    0x00, 0x00, 0x00, 0x00, 0x00, 0x00, 0x00, 0x00, 0x00, 0x00, 0x00, 0x00, 0x00, 0x00, 0x00, 0x00,
    0x00, 0x00, 0x00, 0x00, 0x00, 0x00, 0x00, 0x00, 0x00, 0x00, 0x00, 0x00, 0x00, 0x00, 0x00, 0x00,
    0x00, 0x00, 0x00, 0x00, 0x00, 0x00, 0x00, 0x00, 0x00, 0x00, 0x00, 0x00, 0x00, 0x00, 0x00, 0x00,
    0x00, 0x00, 0x00, 0x00, 0x00, 0x00, 0x00, 0x00, 0x00, 0x00, 0x00, 0x00, 0x00, 0x00, 0x00, 0x00,
    0x00, 0x00, 0x00, 0x00, 0x00, 0x00, 0x00, 0x00, 0x00, 0x00, 0x00, 0x00, 0x00, 0x00, 0x00, 0x00,
    0x00, 0x00, 0x00, 0x00, 0x00, 0x00, 0x00, 0x00, 0x00, 0x00, 0x00, 0x00, 0x00, 0x00, 0x00, 0x00,
    0x00, 0x00, 0x00, 0x00, 0x00, 0x00, 0x00, 0x00, 0x00, 0x00, 0x00, 0x00, 0x00, 0x00, 0x00, 0x00,
    0x00, 0x00, 0x00, 0x00, 0x00, 0x00, 0x00, 0x00, 0x00, 0x00, 0x00, 0x00, 0x00, 0x00, 0x00, 0x00,
    0x00, 0x00, 0x00, 0x00, 0x00, 0x00, 0x00, 0x00, 0x00, 0x00, 0x00, 0x00, 0x00, 0x00, 0x00, 0x00,
    0x00, 0x00, 0x00, 0x00, 0x20, 0x00, 0x47, 0x11, 0xED, 0x09, 0xED, 0x01, 0xED, 0x01, 0xED, 0x01,
    0x70, 0x0A, 0x55, 0x13, 0x75, 0x13, 0x75, 0x13, 0x75, 0x1B, 0x75, 0x1B, 0x75, 0x1B, 0x75, 0x1B,
    0x75, 0x1B, 0x55, 0x13, 0x55, 0x13, 0x55, 0x13, 0x55, 0x1B, 0xB0, 0x22, 0xA8, 0x19, 0x82, 0x08,
    0x00, 0x00, 0x00, 0x00, 0x00, 0x00, 0x00, 0x00, 0x00, 0x00, 0x00, 0x00, 0x00, 0x00, 0x00, 0x00,
    0x21, 0x00, 0xC3, 0x10, 0x88, 0x21, 0x2B, 0x2A, 0xAF, 0x2A, 0x11, 0x2B, 0x33, 0x23, 0x54, 0x23,
    0x55, 0x1B, 0x75, 0x1B, 0x76, 0x1B, 0xF1, 0x2A, 0x62, 0x08, 0x00, 0x00, 0x00, 0x00, 0x00, 0x00,
    0x6E, 0x1A, 0x76, 0x1B, 0x76, 0x1B, 0x76, 0x1B, 0x55, 0x1B, 0x87, 0x19, 0x00, 0x00, 0x00, 0x00,
    0x00, 0x00, 0x88, 0x19, 0x54, 0x1B, 0x75, 0x13, 0x76, 0x13, 0x54, 0x23, 0x45, 0x21, 0x20, 0x00,
    0x41, 0x08, 0x41, 0x08, 0x82, 0x10, 0x25, 0x19, 0x6D, 0x2A, 0x33, 0x23, 0x55, 0x1B, 0x55, 0x13,
    0x55, 0x13, 0x55, 0x13, 0x55, 0x13, 0x55, 0x13, 0x55, 0x13, 0x76, 0x13, 0x55, 0x1B, 0x88, 0x21,
    0x00, 0x00, 0x00, 0x00, 0x21, 0x00, 0xCA, 0x19, 0xED, 0x01, 0xED, 0x01, 0xED, 0x01, 0xED, 0x09,
    0x47, 0x11, 0x20, 0x00, 0x00, 0x00, 0x00, 0x00, 0x00, 0x00, 0x00, 0x00, 0x00, 0x00, 0x00, 0x00,
    0x00, 0x00, 0x00, 0x00, 0x00, 0x00, 0x00, 0x00, 0x00, 0x00, 0x00, 0x00, 0x00, 0x00, 0x00, 0x00,
    0x00, 0x00, 0x00, 0x00, 0x00, 0x00, 0x00, 0x00, 0x00, 0x00, 0x00, 0x00, 0x00, 0x00, 0x00, 0x00,
    0x00, 0x00, 0x00, 0x00, 0x00, 0x00, 0x00, 0x00, 0x00, 0x00, 0x00, 0x00, 0x00, 0x00, 0x00, 0x00,
    0x00, 0x00, 0x00, 0x00, 0x00, 0x00, 0x00, 0x00, 0x00, 0x00, 0x00, 0x00, 0x00, 0x00, 0x00, 0x00,
    0x00, 0x00, 0x00, 0x00, 0x00, 0x00, 0x00, 0x00, 0x00, 0x00, 0x00, 0x00, 0x00, 0x00, 0x00, 0x00,
    0x00, 0x00, 0x00, 0x00, 0x00, 0x00, 0x00, 0x00, 0x00, 0x00, 0x00, 0x00, 0x00, 0x00, 0x00, 0x00,
    0x00, 0x00, 0x00, 0x00, 0x00, 0x00, 0x00, 0x00, 0x00, 0x00, 0x00, 0x00, 0x00, 0x00, 0x00, 0x00,
    0x00, 0x00, 0x00, 0x00, 0x00, 0x00, 0x00, 0x00, 0x00, 0x00, 0x00, 0x00, 0x00, 0x00, 0x00, 0x00,
    0x00, 0x00, 0x00, 0x00, 0x00, 0x00, 0x00, 0x00, 0x00, 0x00, 0x00, 0x00, 0x00, 0x00, 0x00, 0x00,
    0x00, 0x00, 0x00, 0x00, 0x00, 0x00, 0x00, 0x00, 0x00, 0x00, 0x00, 0x00, 0x00, 0x00, 0x00, 0x00,
    0x00, 0x00, 0x00, 0x00, 0x00, 0x00, 0x00, 0x00, 0x00, 0x00, 0x00, 0x00, 0x00, 0x00, 0x00, 0x00,
    0x00, 0x00, 0x00, 0x00, 0x00, 0x00, 0x00, 0x00, 0x00, 0x00, 0x00, 0x00, 0x00, 0x00, 0x00, 0x00,
    0x00, 0x00, 0x00, 0x00, 0x00, 0x00, 0x00, 0x00, 0x00, 0x00, 0x00, 0x00, 0x00, 0x00, 0x00, 0x00,
    0x00, 0x00, 0x00, 0x00, 0x00, 0x00, 0x00, 0x00, 0x00, 0x00, 0x00, 0x00, 0x00, 0x00, 0x00, 0x00,
    0x00, 0x00, 0x00, 0x00, 0x00, 0x00, 0x00, 0x00, 0x00, 0x00, 0x00, 0x00, 0x00, 0x00, 0x00, 0x00,
    0x00, 0x00, 0x00, 0x00, 0x00, 0x00, 0x00, 0x00, 0x00, 0x00, 0x00, 0x00, 0x00, 0x00, 0x00, 0x00,
    0x00, 0x00, 0x00, 0x00, 0x00, 0x00, 0x00, 0x00, 0x00, 0x00, 0x00, 0x00, 0x00, 0x00, 0x00, 0x00,
    0x00, 0x00, 0x00, 0x00, 0x00, 0x00, 0x00, 0x00, 0x00, 0x00, 0x00, 0x00, 0x00, 0x00, 0x00, 0x00,
    0x00, 0x00, 0x00, 0x00, 0x00, 0x00, 0x00, 0x00, 0x00, 0x00, 0x00, 0x00, 0x00, 0x00, 0x00, 0x00,
    0x00, 0x00, 0x00, 0x00, 0x00, 0x00, 0x00, 0x00, 0x00, 0x00, 0x00, 0x00, 0x00, 0x00, 0x00, 0x00,
    0x00, 0x00, 0x00, 0x00, 0x00, 0x00, 0x00, 0x00, 0x00, 0x00, 0x20, 0x00, 0x47, 0x11, 0xED, 0x09,
    0xED, 0x01, 0xED, 0x01, 0xED, 0x01, 0x0E, 0x02, 0xD2, 0x12, 0x55, 0x13, 0x55, 0x13, 0x55, 0x13,
    0x55, 0x13, 0x75, 0x13, 0x75, 0x1B, 0x75, 0x1B, 0x75, 0x1B, 0x76, 0x13, 0x55, 0x1B, 0xB0, 0x22,
    0x68, 0x19, 0x61, 0x08, 0x00, 0x00, 0x00, 0x00, 0x00, 0x00, 0x00, 0x00, 0x00, 0x00, 0x00, 0x00,
    0x00, 0x00, 0x41, 0x08, 0xE4, 0x10, 0xEA, 0x21, 0xD0, 0x22, 0x54, 0x23, 0x75, 0x1B, 0x76, 0x1B,
    0x55, 0x13, 0x55, 0x13, 0x55, 0x13, 0x55, 0x13, 0x56, 0x13, 0x55, 0x13, 0x76, 0x13, 0x32, 0x2B,
    0x25, 0x19, 0x82, 0x08, 0xA2, 0x10, 0xA2, 0x10, 0x8F, 0x22, 0x56, 0x13, 0x76, 0x13, 0x76, 0x13,
    0x55, 0x1B, 0x67, 0x19, 0x00, 0x00, 0x00, 0x00, 0x00, 0x00, 0xC9, 0x21, 0x55, 0x1B, 0x55, 0x13,
    0x56, 0x13, 0x54, 0x23, 0xC8, 0x29, 0x61, 0x08, 0x61, 0x08, 0x61, 0x08, 0x61, 0x08, 0x20, 0x00,
    0x61, 0x08, 0x25, 0x19, 0x2B, 0x22, 0x12, 0x23, 0x55, 0x1B, 0x55, 0x13, 0x76, 0x13, 0x76, 0x13,
    0x75, 0x13, 0x76, 0x13, 0xF1, 0x2A, 0xC3, 0x10, 0x00, 0x00, 0x00, 0x00, 0x00, 0x00, 0x06, 0x11,
    0xEC, 0x09, 0xED, 0x01, 0xED, 0x01, 0x0E, 0x02, 0xED, 0x09, 0x68, 0x11, 0x41, 0x00, 0x00, 0x00,
    0x00, 0x00, 0x00, 0x00, 0x00, 0x00, 0x00, 0x00, 0x00, 0x00, 0x00, 0x00, 0x00, 0x00, 0x00, 0x00,
    0x00, 0x00, 0x00, 0x00, 0x00, 0x00, 0x00, 0x00, 0x00, 0x00, 0x00, 0x00, 0x00, 0x00, 0x00, 0x00,
    0x00, 0x00, 0x00, 0x00, 0x00, 0x00, 0x00, 0x00, 0x00, 0x00, 0x00, 0x00, 0x00, 0x00, 0x00, 0x00,
    0x00, 0x00, 0x00, 0x00, 0x00, 0x00, 0x00, 0x00, 0x00, 0x00, 0x00, 0x00, 0x00, 0x00, 0x00, 0x00,
    0x00, 0x00, 0x00, 0x00, 0x00, 0x00, 0x00, 0x00, 0x00, 0x00, 0x00, 0x00, 0x00, 0x00, 0x00, 0x00,
    0x00, 0x00, 0x00, 0x00, 0x00, 0x00, 0x00, 0x00, 0x00, 0x00, 0x00, 0x00, 0x00, 0x00, 0x00, 0x00,
    0x00, 0x00, 0x00, 0x00, 0x00, 0x00, 0x00, 0x00, 0x00, 0x00, 0x00, 0x00, 0x00, 0x00, 0x00, 0x00,
    0x00, 0x00, 0x00, 0x00, 0x00, 0x00, 0x00, 0x00, 0x00, 0x00, 0x00, 0x00, 0x00, 0x00, 0x00, 0x00,
    0x00, 0x00, 0x00, 0x00, 0x00, 0x00, 0x00, 0x00, 0x00, 0x00, 0x00, 0x00, 0x00, 0x00, 0x00, 0x00,
    0x00, 0x00, 0x00, 0x00, 0x00, 0x00, 0x00, 0x00, 0x00, 0x00, 0x00, 0x00, 0x00, 0x00, 0x00, 0x00,
    0x00, 0x00, 0x00, 0x00, 0x00, 0x00, 0x00, 0x00, 0x00, 0x00, 0x00, 0x00, 0x00, 0x00, 0x00, 0x00,
    0x00, 0x00, 0x00, 0x00, 0x00, 0x00, 0x00, 0x00, 0x00, 0x00, 0x00, 0x00, 0x00, 0x00, 0x00, 0x00,
    0x00, 0x00, 0x00, 0x00, 0x00, 0x00, 0x00, 0x00, 0x00, 0x00, 0x00, 0x00, 0x00, 0x00, 0x00, 0x00,
    0x00, 0x00, 0x00, 0x00, 0x00, 0x00, 0x00, 0x00, 0x00, 0x00, 0x00, 0x00, 0x00, 0x00, 0x00, 0x00,
    0x00, 0x00, 0x00, 0x00, 0x00, 0x00, 0x00, 0x00, 0x00, 0x00, 0x00, 0x00, 0x00, 0x00, 0x00, 0x00,
    0x00, 0x00, 0x00, 0x00, 0x00, 0x00, 0x00, 0x00, 0x00, 0x00, 0x00, 0x00, 0x00, 0x00, 0x00, 0x00,
    0x00, 0x00, 0x00, 0x00, 0x00, 0x00, 0x00, 0x00, 0x00, 0x00, 0x00, 0x00, 0x00, 0x00, 0x00, 0x00,
    0x00, 0x00, 0x00, 0x00, 0x00, 0x00, 0x00, 0x00, 0x00, 0x00, 0x00, 0x00, 0x00, 0x00, 0x00, 0x00,
    0x00, 0x00, 0x00, 0x00, 0x00, 0x00, 0x00, 0x00, 0x00, 0x00, 0x00, 0x00, 0x00, 0x00, 0x00, 0x00,
    0x00, 0x00, 0x00, 0x00, 0x00, 0x00, 0x00, 0x00, 0x00, 0x00, 0x00, 0x00, 0x00, 0x00, 0x00, 0x00,
    0x00, 0x00, 0x00, 0x00, 0x00, 0x00, 0x00, 0x00, 0x00, 0x00, 0x00, 0x00, 0x00, 0x00, 0x00, 0x00,
    0x21, 0x00, 0x68, 0x11, 0x0E, 0x0A, 0x0E, 0x02, 0x0E, 0x02, 0xEE, 0x01, 0x2F, 0x0A, 0xF3, 0x12,
    0x55, 0x13, 0x55, 0x13, 0x55, 0x13, 0x55, 0x13, 0x55, 0x13, 0x55, 0x13, 0x55, 0x13, 0x76, 0x13,
    0x76, 0x1B, 0x33, 0x23, 0xCA, 0x19, 0x62, 0x08, 0x00, 0x00, 0x00, 0x00, 0x00, 0x00, 0x00, 0x00,
    0x00, 0x00, 0x00, 0x00, 0x20, 0x00, 0xC4, 0x10, 0xC9, 0x19, 0xD0, 0x22, 0x54, 0x23, 0x76, 0x1B,
    0x76, 0x1B, 0x76, 0x13, 0x75, 0x13, 0x55, 0x13, 0x55, 0x13, 0x55, 0x13, 0x55, 0x13, 0x55, 0x13,
    0x55, 0x13, 0x55, 0x13, 0x55, 0x13, 0x75, 0x1B, 0x53, 0x23, 0x12, 0x23, 0x32, 0x23, 0x12, 0x23,
    0x55, 0x1B, 0x55, 0x13, 0x55, 0x13, 0x55, 0x13, 0x55, 0x1B, 0x67, 0x19, 0x20, 0x00, 0x00, 0x00,
    0x20, 0x00, 0x4B, 0x32, 0x55, 0x1B, 0x55, 0x13, 0x55, 0x13, 0x55, 0x13, 0x33, 0x23, 0x4B, 0x2A,
    0x45, 0x21, 0xA2, 0x10, 0x82, 0x10, 0x61, 0x08, 0x61, 0x08, 0x41, 0x08, 0x61, 0x08, 0x25, 0x19,
    0x4C, 0x2A, 0x53, 0x23, 0x76, 0x1B, 0x76, 0x13, 0x76, 0x13, 0x56, 0x13, 0xD0, 0x2A, 0xC3, 0x10,
    0x00, 0x00, 0x00, 0x00, 0x00, 0x00, 0x00, 0x00, 0x05, 0x11, 0x0C, 0x12, 0x0E, 0x02, 0x0E, 0x02,
    0x0E, 0x02, 0x2E, 0x0A, 0x89, 0x11, 0x41, 0x08, 0x00, 0x00, 0x00, 0x00, 0x00, 0x00, 0x00, 0x00,
    0x00, 0x00, 0x00, 0x00, 0x00, 0x00, 0x00, 0x00, 0x00, 0x00, 0x00, 0x00, 0x00, 0x00, 0x00, 0x00,
    0x00, 0x00, 0x00, 0x00, 0x00, 0x00, 0x00, 0x00, 0x00, 0x00, 0x00, 0x00, 0x00, 0x00, 0x00, 0x00,
    0x00, 0x00, 0x00, 0x00, 0x00, 0x00, 0x00, 0x00, 0x00, 0x00, 0x00, 0x00, 0x00, 0x00, 0x00, 0x00,
    0x00, 0x00, 0x00, 0x00, 0x00, 0x00, 0x00, 0x00, 0x00, 0x00, 0x00, 0x00, 0x00, 0x00, 0x00, 0x00,
    0x00, 0x00, 0x00, 0x00, 0x00, 0x00, 0x00, 0x00, 0x00, 0x00, 0x00, 0x00, 0x00, 0x00, 0x00, 0x00,
    0x00, 0x00, 0x00, 0x00, 0x00, 0x00, 0x00, 0x00, 0x00, 0x00, 0x00, 0x00, 0x00, 0x00, 0x00, 0x00,
    0x00, 0x00, 0x00, 0x00, 0x00, 0x00, 0x00, 0x00, 0x00, 0x00, 0x00, 0x00, 0x00, 0x00, 0x00, 0x00,
    0x00, 0x00, 0x00, 0x00, 0x00, 0x00, 0x00, 0x00, 0x00, 0x00, 0x00, 0x00, 0x00, 0x00, 0x00, 0x00,
    0x00, 0x00, 0x00, 0x00, 0x00, 0x00, 0x00, 0x00, 0x00, 0x00, 0x00, 0x00, 0x00, 0x00, 0x00, 0x00,
    0x00, 0x00, 0x00, 0x00, 0x00, 0x00, 0x00, 0x00, 0x00, 0x00, 0x00, 0x00, 0x00, 0x00, 0x00, 0x00,
    0x00, 0x00, 0x00, 0x00, 0x00, 0x00, 0x00, 0x00, 0x00, 0x00, 0x00, 0x00, 0x00, 0x00, 0x00, 0x00,
    0x00, 0x00, 0x00, 0x00, 0x00, 0x00, 0x00, 0x00, 0x00, 0x00, 0x00, 0x00, 0x00, 0x00, 0x00, 0x00,
    0x00, 0x00, 0x00, 0x00, 0x00, 0x00, 0x00, 0x00, 0x00, 0x00, 0x00, 0x00, 0x00, 0x00, 0x00, 0x00,
    0x00, 0x00, 0x00, 0x00, 0x00, 0x00, 0x00, 0x00, 0x00, 0x00, 0x00, 0x00, 0x00, 0x00, 0x00, 0x00,
    0x00, 0x00, 0x00, 0x00, 0x00, 0x00, 0x00, 0x00, 0x00, 0x00, 0x00, 0x00, 0x00, 0x00, 0x00, 0x00,
    0x00, 0x00, 0x00, 0x00, 0x00, 0x00, 0x00, 0x00, 0x00, 0x00, 0x00, 0x00, 0x00, 0x00, 0x00, 0x00,
    0x00, 0x00, 0x00, 0x00, 0x00, 0x00, 0x00, 0x00, 0x00, 0x00, 0x00, 0x00, 0x00, 0x00, 0x00, 0x00,
    0x00, 0x00, 0x00, 0x00, 0x00, 0x00, 0x00, 0x00, 0x00, 0x00, 0x00, 0x00, 0x00, 0x00, 0x00, 0x00,
    0x00, 0x00, 0x00, 0x00, 0x00, 0x00, 0x00, 0x00, 0x00, 0x00, 0x00, 0x00, 0x00, 0x00, 0x00, 0x00,
    0x00, 0x00, 0x00, 0x00, 0x00, 0x00, 0x00, 0x00, 0x00, 0x00, 0x00, 0x00, 0x00, 0x00, 0x00, 0x00,
    0x00, 0x00, 0x00, 0x00, 0x00, 0x00, 0x41, 0x00, 0x89, 0x19, 0x0E, 0x0A, 0x0E, 0x02, 0x0E, 0x02,
    0x0E, 0x02, 0x4F, 0x0A, 0x14, 0x13, 0x75, 0x1B, 0x55, 0x13, 0x55, 0x13, 0x55, 0x13, 0x55, 0x13,
    0x55, 0x13, 0x55, 0x13, 0x55, 0x13, 0x34, 0x1B, 0x4D, 0x22, 0xC4, 0x10, 0x00, 0x00, 0x00, 0x00,
    0x00, 0x00, 0x00, 0x00, 0x00, 0x00, 0x00, 0x00, 0x41, 0x08, 0x46, 0x19, 0x6E, 0x22, 0x33, 0x1B,
    0x75, 0x1B, 0x76, 0x13, 0x76, 0x13, 0x75, 0x1B, 0x75, 0x13, 0x55, 0x13, 0x55, 0x13, 0x55, 0x13,
    0x55, 0x13, 0x55, 0x13, 0x55, 0x13, 0x55, 0x13, 0x55, 0x13, 0x55, 0x13, 0x55, 0x13, 0x55, 0x13,
    0x76, 0x13, 0x76, 0x13, 0x56, 0x13, 0x56, 0x13, 0x56, 0x13, 0x55, 0x13, 0x55, 0x13, 0x55, 0x13,
    0x34, 0x1B, 0x67, 0x19, 0x20, 0x00, 0x20, 0x00, 0x00, 0x00, 0xC9, 0x21, 0x55, 0x1B, 0x55, 0x13,
    0x55, 0x13, 0x75, 0x13, 0x76, 0x13, 0x76, 0x1B, 0x33, 0x23, 0xCF, 0x2A, 0xE9, 0x29, 0xE4, 0x18,
    0x82, 0x10, 0x61, 0x08, 0x61, 0x08, 0x41, 0x08, 0x41, 0x08, 0x46, 0x19, 0xAF, 0x2A, 0x75, 0x1B,
    0x55, 0x13, 0x55, 0x13, 0x34, 0x1B, 0xD0, 0x22, 0x05, 0x19, 0x00, 0x00, 0x00, 0x00, 0x00, 0x00,
    0x00, 0x00, 0x05, 0x11, 0x0C, 0x12, 0x0E, 0x02, 0x0E, 0x02, 0x0E, 0x02, 0x0E, 0x0A, 0xA9, 0x19,
    0x61, 0x08, 0x00, 0x00, 0x00, 0x00, 0x00, 0x00, 0x00, 0x00, 0x00, 0x00, 0x00, 0x00, 0x00, 0x00,
    0x00, 0x00, 0x00, 0x00, 0x00, 0x00, 0x00, 0x00, 0x00, 0x00, 0x00, 0x00, 0x00, 0x00, 0x00, 0x00,
    0x00, 0x00, 0x00, 0x00, 0x00, 0x00, 0x00, 0x00, 0x00, 0x00, 0x00, 0x00, 0x00, 0x00, 0x00, 0x00,
    0x00, 0x00, 0x00, 0x00, 0x00, 0x00, 0x00, 0x00, 0x00, 0x00, 0x00, 0x00, 0x00, 0x00, 0x00, 0x00,
    0x00, 0x00, 0x00, 0x00, 0x00, 0x00, 0x00, 0x00, 0x00, 0x00, 0x00, 0x00, 0x00, 0x00, 0x00, 0x00,
    0x00, 0x00, 0x00, 0x00, 0x00, 0x00, 0x00, 0x00, 0x00, 0x00, 0x00, 0x00, 0x00, 0x00, 0x00, 0x00,
    0x00, 0x00, 0x00, 0x00, 0x00, 0x00, 0x00, 0x00, 0x00, 0x00, 0x00, 0x00, 0x00, 0x00, 0x00, 0x00,
    0x00, 0x00, 0x00, 0x00, 0x00, 0x00, 0x00, 0x00, 0x00, 0x00, 0x00, 0x00, 0x00, 0x00, 0x00, 0x00,
    0x00, 0x00, 0x00, 0x00, 0x00, 0x00, 0x00, 0x00, 0x00, 0x00, 0x00, 0x00, 0x00, 0x00, 0x00, 0x00,
    0x00, 0x00, 0x00, 0x00, 0x00, 0x00, 0x00, 0x00, 0x00, 0x00, 0x00, 0x00, 0x00, 0x00, 0x00, 0x00,
    0x00, 0x00, 0x00, 0x00, 0x00, 0x00, 0x00, 0x00, 0x00, 0x00, 0x00, 0x00, 0x00, 0x00, 0x00, 0x00,
    0x00, 0x00, 0x00, 0x00, 0x00, 0x00, 0x00, 0x00, 0x00, 0x00, 0x00, 0x00, 0x00, 0x00, 0x00, 0x00,
    0x00, 0x00, 0x00, 0x00, 0x00, 0x00, 0x00, 0x00, 0x00, 0x00, 0x00, 0x00, 0x00, 0x00, 0x00, 0x00,
    0x00, 0x00, 0x00, 0x00, 0x00, 0x00, 0x00, 0x00, 0x00, 0x00, 0x00, 0x00, 0x00, 0x00, 0x00, 0x00,
    0x00, 0x00, 0x00, 0x00, 0x00, 0x00, 0x00, 0x00, 0x00, 0x00, 0x00, 0x00, 0x00, 0x00, 0x00, 0x00,
    0x00, 0x00, 0x00, 0x00, 0x00, 0x00, 0x00, 0x00, 0x00, 0x00, 0x00, 0x00, 0x00, 0x00, 0x00, 0x00,
    0x00, 0x00, 0x00, 0x00, 0x00, 0x00, 0x00, 0x00, 0x00, 0x00, 0x00, 0x00, 0x00, 0x00, 0x00, 0x00,
    0x00, 0x00, 0x00, 0x00, 0x00, 0x00, 0x00, 0x00, 0x00, 0x00, 0x00, 0x00, 0x00, 0x00, 0x00, 0x00,
    0x00, 0x00, 0x00, 0x00, 0x00, 0x00, 0x00, 0x00, 0x00, 0x00, 0x00, 0x00, 0x00, 0x00, 0x00, 0x00,
    0x00, 0x00, 0x00, 0x00, 0x00, 0x00, 0x00, 0x00, 0x00, 0x00, 0x00, 0x00, 0x00, 0x00, 0x00, 0x00,
    0x00, 0x00, 0x00, 0x00, 0x00, 0x00, 0x00, 0x00, 0x00, 0x00, 0x00, 0x00, 0x20, 0x00, 0x88, 0x11,
    0x0D, 0x0A, 0xED, 0x01, 0xEE, 0x01, 0xEE, 0x01, 0x70, 0x0A, 0x34, 0x13, 0x76, 0x1B, 0x75, 0x1B,
    0x75, 0x1B, 0x55, 0x13, 0x55, 0x13, 0x55, 0x13, 0x55, 0x13, 0x55, 0x13, 0xD1, 0x1A, 0x67, 0x19,
    0x20, 0x00, 0x00, 0x00, 0x00, 0x00, 0x00, 0x00, 0x00, 0x00, 0x00, 0x00, 0x41, 0x00, 0x46, 0x11,
    0x8F, 0x22, 0x34, 0x1B, 0x55, 0x13, 0x55, 0x13, 0x55, 0x13, 0x75, 0x13, 0x75, 0x13, 0x55, 0x13,
    0x55, 0x13, 0x55, 0x13, 0x55, 0x13, 0x55, 0x13, 0x55, 0x13, 0x55, 0x13, 0x55, 0x13, 0x55, 0x13,
    0x55, 0x13, 0x55, 0x13, 0x75, 0x13, 0x75, 0x13, 0x76, 0x1B, 0x75, 0x1B, 0x75, 0x13, 0x55, 0x13,
    0x55, 0x13, 0x55, 0x13, 0x55, 0x13, 0x56, 0x13, 0x55, 0x1B, 0x67, 0x19, 0x00, 0x00, 0x20, 0x00,
    0x00, 0x00, 0x88, 0x19, 0x55, 0x1B, 0x75, 0x13, 0x55, 0x13, 0x55, 0x13, 0x75, 0x13, 0x55, 0x13,
    0x56, 0x13, 0x55, 0x13, 0x54, 0x1B, 0xD0, 0x22, 0xC9, 0x29, 0xC3, 0x10, 0x41, 0x08, 0x41, 0x08,
    0x20, 0x00, 0x00, 0x00, 0x61, 0x08, 0xC9, 0x21, 0x12, 0x23, 0x55, 0x1B, 0x55, 0x13, 0x55, 0x13,
    0x12, 0x23, 0x88, 0x19, 0x00, 0x00, 0x00, 0x00, 0x00, 0x00, 0x00, 0x00, 0xC4, 0x10, 0x0C, 0x1A,
    0x0E, 0x02, 0xEE, 0x01, 0xED, 0x01, 0xED, 0x09, 0xA9, 0x19, 0x41, 0x08, 0x00, 0x00, 0x00, 0x00,
    0x00, 0x00, 0x00, 0x00, 0x00, 0x00, 0x00, 0x00, 0x00, 0x00, 0x00, 0x00, 0x00, 0x00, 0x00, 0x00,
    0x00, 0x00, 0x00, 0x00, 0x00, 0x00, 0x00, 0x00, 0x00, 0x00, 0x00, 0x00, 0x00, 0x00, 0x00, 0x00,
    0x00, 0x00, 0x00, 0x00, 0x00, 0x00, 0x00, 0x00, 0x00, 0x00, 0x00, 0x00, 0x00, 0x00, 0x00, 0x00,
    0x00, 0x00, 0x00, 0x00, 0x00, 0x00, 0x00, 0x00, 0x00, 0x00, 0x00, 0x00, 0x00, 0x00, 0x00, 0x00,
    0x00, 0x00, 0x00, 0x00, 0x00, 0x00, 0x00, 0x00, 0x00, 0x00, 0x00, 0x00, 0x00, 0x00, 0x00, 0x00,
    0x00, 0x00, 0x00, 0x00, 0x00, 0x00, 0x00, 0x00, 0x00, 0x00, 0x00, 0x00, 0x00, 0x00, 0x00, 0x00,
    0x00, 0x00, 0x00, 0x00, 0x00, 0x00, 0x00, 0x00, 0x00, 0x00, 0x00, 0x00, 0x00, 0x00, 0x00, 0x00,
    0x00, 0x00, 0x00, 0x00, 0x00, 0x00, 0x00, 0x00, 0x00, 0x00, 0x00, 0x00, 0x00, 0x00, 0x00, 0x00,
    0x00, 0x00, 0x00, 0x00, 0x00, 0x00, 0x00, 0x00, 0x00, 0x00, 0x00, 0x00, 0x00, 0x00, 0x00, 0x00,
    0x00, 0x00, 0x00, 0x00, 0x00, 0x00, 0x00, 0x00, 0x00, 0x00, 0x00, 0x00, 0x00, 0x00, 0x00, 0x00,
    0x00, 0x00, 0x00, 0x00, 0x00, 0x00, 0x00, 0x00, 0x00, 0x00, 0x00, 0x00, 0x00, 0x00, 0x00, 0x00,
    0x00, 0x00, 0x00, 0x00, 0x00, 0x00, 0x00, 0x00, 0x00, 0x00, 0x00, 0x00, 0x00, 0x00, 0x00, 0x00,
    0x00, 0x00, 0x00, 0x00, 0x00, 0x00, 0x00, 0x00, 0x00, 0x00, 0x00, 0x00, 0x00, 0x00, 0x00, 0x00,
    0x00, 0x00, 0x00, 0x00, 0x00, 0x00, 0x00, 0x00, 0x00, 0x00, 0x00, 0x00, 0x00, 0x00, 0x00, 0x00,
    0x00, 0x00, 0x00, 0x00, 0x00, 0x00, 0x00, 0x00, 0x00, 0x00, 0x00, 0x00, 0x00, 0x00, 0x00, 0x00,
    0x00, 0x00, 0x00, 0x00, 0x00, 0x00, 0x00, 0x00, 0x00, 0x00, 0x00, 0x00, 0x00, 0x00, 0x00, 0x00,
    0x00, 0x00, 0x00, 0x00, 0x00, 0x00, 0x00, 0x00, 0x00, 0x00, 0x00, 0x00, 0x00, 0x00, 0x00, 0x00,
    0x00, 0x00, 0x00, 0x00, 0x00, 0x00, 0x00, 0x00, 0x00, 0x00, 0x00, 0x00, 0x00, 0x00, 0x00, 0x00,
    0x00, 0x00, 0x00, 0x00, 0x00, 0x00, 0x00, 0x00, 0x00, 0x00, 0x00, 0x00, 0x05, 0x11, 0xE9, 0x29,
    0x46, 0x21, 0x82, 0x08, 0x00, 0x00, 0x00, 0x00, 0x00, 0x00, 0x00, 0x00, 0x00, 0x00, 0x00, 0x00,
    0x00, 0x00, 0x20, 0x00, 0x47, 0x11, 0xED, 0x09, 0xED, 0x01, 0xED, 0x01, 0xED, 0x01, 0x4F, 0x0A,
    0x34, 0x13, 0x75, 0x1B, 0x75, 0x1B, 0x75, 0x1B, 0x75, 0x1B, 0x75, 0x1B, 0x75, 0x1B, 0x76, 0x13,
    0x55, 0x1B, 0x6E, 0x22, 0xA3, 0x08, 0x00, 0x00, 0x00, 0x00, 0x00, 0x00, 0x00, 0x00, 0x00, 0x00,
    0x21, 0x00, 0x47, 0x19, 0xAF, 0x22, 0x55, 0x1B, 0x76, 0x1B, 0x56, 0x13, 0x55, 0x13, 0x55, 0x13,
    0x55, 0x13, 0x55, 0x13, 0x55, 0x13, 0x55, 0x13, 0x55, 0x13, 0x55, 0x13, 0x55, 0x13, 0x55, 0x13,
    0x55, 0x13, 0x55, 0x13, 0x55, 0x13, 0x55, 0x13, 0x55, 0x13, 0x75, 0x13, 0x75, 0x1B, 0x75, 0x13,
    0x75, 0x13, 0x55, 0x13, 0x55, 0x13, 0x55, 0x13, 0x55, 0x13, 0x55, 0x13, 0x55, 0x13, 0x56, 0x13,
    0x55, 0x1B, 0x47, 0x11, 0x00, 0x00, 0x00, 0x00, 0x00, 0x00, 0x88, 0x21, 0x55, 0x1B, 0x76, 0x13,
    0x75, 0x13, 0x55, 0x13, 0x55, 0x13, 0x55, 0x13, 0x55, 0x13, 0x55, 0x13, 0x55, 0x13, 0x55, 0x13,
    0x55, 0x1B, 0xD0, 0x22, 0xA8, 0x21, 0x82, 0x10, 0x00, 0x00, 0x00, 0x00, 0x00, 0x00, 0x00, 0x00,
    0xE4, 0x10, 0x6E, 0x22, 0x34, 0x1B, 0x55, 0x13, 0x56, 0x13, 0x54, 0x1B, 0xEA, 0x21, 0x41, 0x08,
    0x00, 0x00, 0x00, 0x00, 0x00, 0x00, 0xA3, 0x08, 0xAA, 0x11, 0xED, 0x01, 0xED, 0x01, 0xEE, 0x01,
    0x0E, 0x0A, 0xA9, 0x19, 0x41, 0x00, 0x00, 0x00, 0x00, 0x00, 0x00, 0x00, 0x00, 0x00, 0x00, 0x00,
    0x00, 0x00, 0x00, 0x00, 0x41, 0x08, 0x04, 0x19, 0x67, 0x19, 0xE4, 0x10, 0x00, 0x00, 0x00, 0x00,
    0x00, 0x00, 0x00, 0x00, 0x00, 0x00, 0x00, 0x00, 0x00, 0x00, 0x00, 0x00, 0x00, 0x00, 0x00, 0x00,
    0x00, 0x00, 0x00, 0x00, 0x00, 0x00, 0x00, 0x00, 0x00, 0x00, 0x00, 0x00, 0x00, 0x00, 0x00, 0x00,
    0x00, 0x00, 0x00, 0x00, 0x00, 0x00, 0x00, 0x00, 0x00, 0x00, 0x00, 0x00, 0x00, 0x00, 0x00, 0x00,
    0x00, 0x00, 0x00, 0x00, 0x00, 0x00, 0x00, 0x00, 0x00, 0x00, 0x00, 0x00, 0x00, 0x00, 0x00, 0x00,
    0x00, 0x00, 0x00, 0x00, 0x00, 0x00, 0x00, 0x00, 0x00, 0x00, 0x00, 0x00, 0x00, 0x00, 0x00, 0x00,
    0x00, 0x00, 0x00, 0x00, 0x00, 0x00, 0x00, 0x00, 0x00, 0x00, 0x00, 0x00, 0x00, 0x00, 0x00, 0x00,
    0x00, 0x00, 0x00, 0x00, 0x00, 0x00, 0x00, 0x00, 0x00, 0x00, 0x00, 0x00, 0x00, 0x00, 0x00, 0x00,
    0x00, 0x00, 0x00, 0x00, 0x00, 0x00, 0x00, 0x00, 0x00, 0x00, 0x00, 0x00, 0x00, 0x00, 0x00, 0x00,
    0x00, 0x00, 0x00, 0x00, 0x00, 0x00, 0x00, 0x00, 0x00, 0x00, 0x00, 0x00, 0x00, 0x00, 0x00, 0x00,
    0x00, 0x00, 0x00, 0x00, 0x00, 0x00, 0x00, 0x00, 0x00, 0x00, 0x00, 0x00, 0x00, 0x00, 0x00, 0x00,
    0x00, 0x00, 0x00, 0x00, 0x00, 0x00, 0x00, 0x00, 0x00, 0x00, 0x00, 0x00, 0x00, 0x00, 0x00, 0x00,
    0x00, 0x00, 0x00, 0x00, 0x00, 0x00, 0x00, 0x00, 0x00, 0x00, 0x00, 0x00, 0x00, 0x00, 0x00, 0x00,
    0x00, 0x00, 0x00, 0x00, 0x00, 0x00, 0x00, 0x00, 0x00, 0x00, 0x00, 0x00, 0x00, 0x00, 0x00, 0x00,
    0x00, 0x00, 0x00, 0x00, 0x00, 0x00, 0x00, 0x00, 0x00, 0x00, 0x00, 0x00, 0x00, 0x00, 0x00, 0x00,
    0x00, 0x00, 0x00, 0x00, 0x00, 0x00, 0x00, 0x00, 0x00, 0x00, 0x00, 0x00, 0x00, 0x00, 0x00, 0x00,
    0x00, 0x00, 0x00, 0x00, 0x00, 0x00, 0x00, 0x00, 0x00, 0x00, 0x00, 0x00, 0x00, 0x00, 0x00, 0x00,
    0x00, 0x00, 0x00, 0x00, 0x00, 0x00, 0x00, 0x00, 0x00, 0x00, 0x00, 0x00, 0x00, 0x00, 0x00, 0x00,
    0x00, 0x00, 0x82, 0x08, 0xEC, 0x11, 0x2E, 0x0A, 0x2E, 0x12, 0x2C, 0x22, 0x0A, 0x2A, 0x46, 0x21,
    0x82, 0x10, 0x00, 0x00, 0x00, 0x00, 0x00, 0x00, 0x00, 0x00, 0x26, 0x11, 0xEC, 0x09, 0xED, 0x01,
    0xED, 0x01, 0xED, 0x01, 0x4F, 0x0A, 0x34, 0x13, 0x55, 0x1B, 0x75, 0x1B, 0x75, 0x1B, 0x75, 0x1B,
    0x76, 0x1B, 0x76, 0x1B, 0x76, 0x1B, 0x54, 0x23, 0xEA, 0x21, 0x41, 0x08, 0x00, 0x00, 0x00, 0x00,
    0x00, 0x00, 0x00, 0x00, 0x00, 0x00, 0xC4, 0x08, 0x6E, 0x22, 0x54, 0x1B, 0x76, 0x1B, 0x76, 0x1B,
    0x75, 0x1B, 0x75, 0x13, 0x55, 0x13, 0x55, 0x13, 0x55, 0x13, 0x55, 0x13, 0x55, 0x13, 0x55, 0x13,
    0x55, 0x13, 0x55, 0x13, 0x55, 0x13, 0x55, 0x13, 0x55, 0x13, 0x55, 0x13, 0x56, 0x13, 0x56, 0x13,
    0x76, 0x13, 0x76, 0x13, 0x76, 0x1B, 0x76, 0x1B, 0x55, 0x1B, 0x55, 0x1B, 0x55, 0x1B, 0x55, 0x1B,
    0x56, 0x1B, 0x76, 0x1B, 0x76, 0x13, 0x76, 0x13, 0x75, 0x1B, 0x67, 0x19, 0x00, 0x00, 0x20, 0x00,
    0x00, 0x00, 0xC8, 0x21, 0x55, 0x1B, 0x75, 0x13, 0x75, 0x13, 0x75, 0x13, 0x55, 0x13, 0x55, 0x13,
    0x55, 0x13, 0x55, 0x13, 0x75, 0x13, 0x75, 0x13, 0x76, 0x13, 0x76, 0x1B, 0x75, 0x1B, 0xAF, 0x2A,
    0x46, 0x19, 0x20, 0x00, 0x00, 0x00, 0x00, 0x00, 0x00, 0x00, 0x41, 0x08, 0xC9, 0x21, 0x33, 0x23,
    0x76, 0x1B, 0x76, 0x13, 0x75, 0x1B, 0x2C, 0x22, 0x61, 0x08, 0x00, 0x00, 0x00, 0x00, 0x00, 0x00,
    0x82, 0x08, 0xAA, 0x11, 0xED, 0x01, 0x0E, 0x02, 0x0E, 0x02, 0x2E, 0x0A, 0x88, 0x19, 0x20, 0x00,
    0x00, 0x00, 0x00, 0x00, 0x00, 0x00, 0x62, 0x08, 0x05, 0x19, 0xA9, 0x21, 0xEB, 0x19, 0x0D, 0x12,
    0x0E, 0x0A, 0xEC, 0x11, 0x83, 0x08, 0x00, 0x00, 0x00, 0x00, 0x00, 0x00, 0x00, 0x00, 0x00, 0x00,
    0x00, 0x00, 0x00, 0x00, 0x00, 0x00, 0x00, 0x00, 0x00, 0x00, 0x00, 0x00, 0x00, 0x00, 0x00, 0x00,
    0x00, 0x00, 0x00, 0x00, 0x00, 0x00, 0x00, 0x00, 0x00, 0x00, 0x00, 0x00, 0x00, 0x00, 0x00, 0x00,
    0x00, 0x00, 0x00, 0x00, 0x00, 0x00, 0x00, 0x00, 0x00, 0x00, 0x00, 0x00, 0x00, 0x00, 0x00, 0x00,
    0x00, 0x00, 0x00, 0x00, 0x00, 0x00, 0x00, 0x00, 0x00, 0x00, 0x00, 0x00, 0x00, 0x00, 0x00, 0x00,
    0x00, 0x00, 0x00, 0x00, 0x00, 0x00, 0x00, 0x00, 0x00, 0x00, 0x00, 0x00, 0x00, 0x00, 0x00, 0x00,
    0x00, 0x00, 0x00, 0x00, 0x00, 0x00, 0x00, 0x00, 0x00, 0x00, 0x00, 0x00, 0x00, 0x00, 0x00, 0x00,
    0x00, 0x00, 0x00, 0x00, 0x00, 0x00, 0x00, 0x00, 0x00, 0x00, 0x00, 0x00, 0x00, 0x00, 0x00, 0x00,
    0x00, 0x00, 0x00, 0x00, 0x00, 0x00, 0x00, 0x00, 0x00, 0x00, 0x00, 0x00, 0x00, 0x00, 0x00, 0x00,
    0x00, 0x00, 0x00, 0x00, 0x00, 0x00, 0x00, 0x00, 0x00, 0x00, 0x00, 0x00, 0x00, 0x00, 0x00, 0x00,
    0x00, 0x00, 0x00, 0x00, 0x00, 0x00, 0x00, 0x00, 0x00, 0x00, 0x00, 0x00, 0x00, 0x00, 0x00, 0x00,
    0x00, 0x00, 0x00, 0x00, 0x00, 0x00, 0x00, 0x00, 0x00, 0x00, 0x00, 0x00, 0x00, 0x00, 0x00, 0x00,
    0x00, 0x00, 0x00, 0x00, 0x00, 0x00, 0x00, 0x00, 0x00, 0x00, 0x00, 0x00, 0x00, 0x00, 0x00, 0x00,
    0x00, 0x00, 0x00, 0x00, 0x00, 0x00, 0x00, 0x00, 0x00, 0x00, 0x00, 0x00, 0x00, 0x00, 0x00, 0x00,
    0x00, 0x00, 0x00, 0x00, 0x00, 0x00, 0x00, 0x00, 0x00, 0x00, 0x00, 0x00, 0x00, 0x00, 0x00, 0x00,
    0x00, 0x00, 0x00, 0x00, 0x00, 0x00, 0x00, 0x00, 0x00, 0x00, 0x00, 0x00, 0x00, 0x00, 0x00, 0x00,
    0x00, 0x00, 0x00, 0x00, 0x00, 0x00, 0x00, 0x00, 0x00, 0x00, 0x00, 0x00, 0x00, 0x00, 0x00, 0x00,
    0x00, 0x00, 0x00, 0x00, 0x00, 0x00, 0x00, 0x00, 0x21, 0x00, 0x89, 0x11, 0xEE, 0x01, 0xEE, 0x01,
    0xED, 0x01, 0xED, 0x01, 0x0E, 0x0A, 0x4F, 0x12, 0x6D, 0x22, 0x2A, 0x2A, 0xA7, 0x29, 0xA2, 0x10,
    0x67, 0x19, 0xED, 0x09, 0xEE, 0x01, 0xEE, 0x01, 0xED, 0x01, 0x4F, 0x0A, 0x34, 0x13, 0x55, 0x1B,
    0x55, 0x1B, 0x55, 0x13, 0x55, 0x13, 0x55, 0x13, 0x55, 0x13, 0x76, 0x1B, 0x13, 0x23, 0x67, 0x19,
    0x00, 0x00, 0x00, 0x00, 0x00, 0x00, 0x00, 0x00, 0x00, 0x00, 0x41, 0x08, 0xCA, 0x19, 0xF2, 0x1A,
    0x55, 0x13, 0x56, 0x13, 0x55, 0x13, 0x55, 0x13, 0x75, 0x13, 0x75, 0x13, 0x55, 0x13, 0x55, 0x13,
    0x55, 0x13, 0x55, 0x13, 0x55, 0x13, 0x55, 0x13, 0x55, 0x13, 0x55, 0x13, 0x55, 0x13, 0x56, 0x13,
    0x76, 0x1B, 0x76, 0x1B, 0x55, 0x1B, 0x33, 0x1B, 0xF2, 0x22, 0xD0, 0x22, 0xAF, 0x22, 0x8E, 0x2A,
    0x4C, 0x22, 0x2C, 0x22, 0x4C, 0x22, 0x4D, 0x22, 0x6D, 0x22, 0x6E, 0x22, 0x8F, 0x22, 0xF1, 0x22,
    0xF1, 0x22, 0x87, 0x21, 0x61, 0x08, 0x41, 0x08, 0x00, 0x00, 0xEA, 0x29, 0x55, 0x1B, 0x75, 0x13,
    0x55, 0x13, 0x55, 0x13, 0x55, 0x13, 0x55, 0x13, 0x55, 0x13, 0x55, 0x13, 0x75, 0x13, 0x55, 0x13,
    0x75, 0x13, 0x75, 0x1B, 0x76, 0x13, 0x76, 0x1B, 0x33, 0x23, 0x2B, 0x22, 0x82, 0x08, 0x00, 0x00,
    0x00, 0x00, 0x00, 0x00, 0x00, 0x00, 0x26, 0x19, 0xF1, 0x22, 0x76, 0x1B, 0x76, 0x13, 0x55, 0x1B,
    0x4D, 0x1A, 0x62, 0x08, 0x00, 0x00, 0x00, 0x00, 0x00, 0x00, 0xA3, 0x08, 0xEC, 0x11, 0x0E, 0x02,
    0x0E, 0x02, 0x0E, 0x02, 0x0E, 0x0A, 0x46, 0x11, 0x61, 0x08, 0x46, 0x21, 0xC9, 0x21, 0x2C, 0x1A,
    0x2E, 0x12, 0x0E, 0x0A, 0xEE, 0x01, 0xEE, 0x01, 0xEE, 0x01, 0xEE, 0x01, 0xAA, 0x11, 0x41, 0x00,
    0x00, 0x00, 0x00, 0x00, 0x00, 0x00, 0x00, 0x00, 0x00, 0x00, 0x00, 0x00, 0x00, 0x00, 0x00, 0x00,
    0x00, 0x00, 0x00, 0x00, 0x00, 0x00, 0x00, 0x00, 0x00, 0x00, 0x00, 0x00, 0x00, 0x00, 0x00, 0x00,
    0x00, 0x00, 0x00, 0x00, 0x00, 0x00, 0x00, 0x00, 0x00, 0x00, 0x00, 0x00, 0x00, 0x00, 0x00, 0x00,
    0x00, 0x00, 0x00, 0x00, 0x00, 0x00, 0x00, 0x00, 0x00, 0x00, 0x00, 0x00, 0x00, 0x00, 0x00, 0x00,
    0x00, 0x00, 0x00, 0x00, 0x00, 0x00, 0x00, 0x00, 0x00, 0x00, 0x00, 0x00, 0x00, 0x00, 0x00, 0x00,
    0x00, 0x00, 0x00, 0x00, 0x00, 0x00, 0x00, 0x00, 0x00, 0x00, 0x00, 0x00, 0x00, 0x00, 0x00, 0x00,
    0x00, 0x00, 0x00, 0x00, 0x00, 0x00, 0x00, 0x00, 0x00, 0x00, 0x00, 0x00, 0x00, 0x00, 0x00, 0x00,
    0x00, 0x00, 0x00, 0x00, 0x00, 0x00, 0x00, 0x00, 0x00, 0x00, 0x00, 0x00, 0x00, 0x00, 0x00, 0x00,
    0x00, 0x00, 0x00, 0x00, 0x00, 0x00, 0x00, 0x00, 0x00, 0x00, 0x00, 0x00, 0x00, 0x00, 0x00, 0x00,
    0x00, 0x00, 0x00, 0x00, 0x00, 0x00, 0x00, 0x00, 0x00, 0x00, 0x00, 0x00, 0x00, 0x00, 0x00, 0x00,
    0x00, 0x00, 0x00, 0x00, 0x00, 0x00, 0x00, 0x00, 0x00, 0x00, 0x00, 0x00, 0x00, 0x00, 0x00, 0x00,
    0x00, 0x00, 0x00, 0x00, 0x00, 0x00, 0x00, 0x00, 0x00, 0x00, 0x00, 0x00, 0x00, 0x00, 0x00, 0x00,
    0x00, 0x00, 0x00, 0x00, 0x00, 0x00, 0x00, 0x00, 0x00, 0x00, 0x00, 0x00, 0x00, 0x00, 0x00, 0x00,
    0x00, 0x00, 0x00, 0x00, 0x00, 0x00, 0x00, 0x00, 0x00, 0x00, 0x00, 0x00, 0x00, 0x00, 0x00, 0x00,
    0x00, 0x00, 0x00, 0x00, 0x00, 0x00, 0x00, 0x00, 0x00, 0x00, 0x00, 0x00, 0x00, 0x00, 0x00, 0x00,
    0x00, 0x00, 0x00, 0x00, 0x00, 0x00, 0x00, 0x00, 0x00, 0x00, 0x00, 0x00, 0x00, 0x00, 0x00, 0x00,
    0x00, 0x00, 0x00, 0x00, 0x00, 0x00, 0x00, 0x00, 0x00, 0x00, 0x00, 0x00, 0x00, 0x00, 0x00, 0x00,
    0x26, 0x11, 0x0E, 0x0A, 0x0E, 0x02, 0x0E, 0x02, 0x0E, 0x02, 0x0E, 0x02, 0x0E, 0x02, 0x0E, 0x02,
    0x0E, 0x02, 0x2E, 0x0A, 0x4E, 0x1A, 0x4D, 0x22, 0x4E, 0x1A, 0x0E, 0x02, 0x0E, 0x02, 0x0E, 0x02,
    0x4F, 0x0A, 0x34, 0x13, 0x55, 0x1B, 0x55, 0x13, 0x55, 0x1B, 0x55, 0x13, 0x55, 0x13, 0x55, 0x13,
    0x55, 0x1B, 0xD0, 0x22, 0xE4, 0x10, 0x00, 0x00, 0x00, 0x00, 0x00, 0x00, 0x00, 0x00, 0x00, 0x00,
    0xC4, 0x10, 0x8F, 0x22, 0x55, 0x1B, 0x55, 0x13, 0x55, 0x13, 0x55, 0x13, 0x55, 0x13, 0x55, 0x13,
    0x75, 0x13, 0x55, 0x13, 0x55, 0x13, 0x55, 0x13, 0x55, 0x13, 0x75, 0x13, 0x75, 0x13, 0x56, 0x13,
    0x55, 0x13, 0x55, 0x1B, 0x34, 0x1B, 0xF1, 0x22, 0x6E, 0x22, 0xCA, 0x19, 0x06, 0x11, 0xC3, 0x10,
    0x62, 0x08, 0x41, 0x08, 0x20, 0x00, 0x00, 0x00, 0x00, 0x00, 0x00, 0x00, 0x00, 0x00, 0x00, 0x00,
    0x00, 0x00, 0x00, 0x00, 0x20, 0x00, 0x41, 0x08, 0x62, 0x08, 0x20, 0x00, 0x00, 0x00, 0x00, 0x00,
    0x00, 0x00, 0x88, 0x19, 0x75, 0x1B, 0x76, 0x1B, 0x56, 0x13, 0x55, 0x13, 0x55, 0x13, 0x75, 0x1B,
    0x75, 0x13, 0x75, 0x13, 0x75, 0x13, 0x55, 0x13, 0x75, 0x13, 0x75, 0x13, 0x75, 0x13, 0x55, 0x13,
    0x55, 0x13, 0x55, 0x1B, 0xB0, 0x22, 0x05, 0x11, 0x00, 0x00, 0x00, 0x00, 0x00, 0x00, 0x00, 0x00,
    0xC3, 0x10, 0xAF, 0x22, 0x55, 0x1B, 0x55, 0x13, 0x55, 0x1B, 0x6E, 0x22, 0x62, 0x08, 0x00, 0x00,
    0x00, 0x00, 0x00, 0x00, 0xC3, 0x10, 0x0C, 0x12, 0x0E, 0x02, 0x0E, 0x02, 0xEE, 0x01, 0x0D, 0x12,
    0xEB, 0x19, 0x2D, 0x12, 0x0E, 0x0A, 0x0E, 0x02, 0x0E, 0x02, 0x0E, 0x02, 0x0E, 0x02, 0x0E, 0x02,
    0x0E, 0x02, 0x0E, 0x02, 0x0E, 0x0A, 0x47, 0x11, 0x00, 0x00, 0x00, 0x00, 0x00, 0x00, 0x00, 0x00,
    0x00, 0x00, 0x00, 0x00, 0x00, 0x00, 0x00, 0x00, 0x00, 0x00, 0x00, 0x00, 0x00, 0x00, 0x00, 0x00,
    0x00, 0x00, 0x00, 0x00, 0x00, 0x00, 0x00, 0x00, 0x00, 0x00, 0x00, 0x00, 0x00, 0x00, 0x00, 0x00,
    0x00, 0x00, 0x00, 0x00, 0x00, 0x00, 0x00, 0x00, 0x00, 0x00, 0x00, 0x00, 0x00, 0x00, 0x00, 0x00,
    0x00, 0x00, 0x00, 0x00, 0x00, 0x00, 0x00, 0x00, 0x00, 0x00, 0x00, 0x00, 0x00, 0x00, 0x00, 0x00,
    0x00, 0x00, 0x00, 0x00, 0x00, 0x00, 0x00, 0x00, 0x00, 0x00, 0x00, 0x00, 0x00, 0x00, 0x00, 0x00,
    0x00, 0x00, 0x00, 0x00, 0x00, 0x00, 0x00, 0x00, 0x00, 0x00, 0x00, 0x00, 0x00, 0x00, 0x00, 0x00,
    0x00, 0x00, 0x00, 0x00, 0x00, 0x00, 0x00, 0x00, 0x00, 0x00, 0x00, 0x00, 0x00, 0x00, 0x00, 0x00,
    0x00, 0x00, 0x00, 0x00, 0x00, 0x00, 0x00, 0x00, 0x00, 0x00, 0x00, 0x00, 0x00, 0x00, 0x00, 0x00,
    0x00, 0x00, 0x00, 0x00, 0x00, 0x00, 0x00, 0x00, 0x00, 0x00, 0x00, 0x00, 0x00, 0x00, 0x00, 0x00,
    0x00, 0x00, 0x00, 0x00, 0x00, 0x00, 0x00, 0x00, 0x00, 0x00, 0x00, 0x00, 0x00, 0x00, 0x00, 0x00,
    0x00, 0x00, 0x00, 0x00, 0x00, 0x00, 0x00, 0x00, 0x00, 0x00, 0x00, 0x00, 0x00, 0x00, 0x00, 0x00,
    0x00, 0x00, 0x00, 0x00, 0x00, 0x00, 0x00, 0x00, 0x00, 0x00, 0x00, 0x00, 0x00, 0x00, 0x00, 0x00,
    0x00, 0x00, 0x00, 0x00, 0x00, 0x00, 0x00, 0x00, 0x00, 0x00, 0x00, 0x00, 0x00, 0x00, 0x00, 0x00,
    0x00, 0x00, 0x00, 0x00, 0x00, 0x00, 0x00, 0x00, 0x00, 0x00, 0x00, 0x00, 0x00, 0x00, 0x00, 0x00,
    0x00, 0x00, 0x00, 0x00, 0x00, 0x00, 0x00, 0x00, 0x00, 0x00, 0x00, 0x00, 0x00, 0x00, 0x00, 0x00,
    0x00, 0x00, 0x00, 0x00, 0x00, 0x00, 0x00, 0x00, 0x00, 0x00, 0x00, 0x00, 0x00, 0x00, 0x00, 0x00,
    0x00, 0x00, 0x00, 0x00, 0x00, 0x00, 0xA3, 0x08, 0xED, 0x09, 0x0E, 0x02, 0x0E, 0x02, 0x0E, 0x02,
    0x0E, 0x02, 0x0E, 0x02, 0x0E, 0x02, 0x0E, 0x02, 0x0E, 0x02, 0x0E, 0x02, 0xEE, 0x01, 0xEE, 0x01,
    0x0E, 0x02, 0x0E, 0x02, 0x0E, 0x02, 0x4F, 0x0A, 0x34, 0x13, 0x76, 0x1B, 0x55, 0x13, 0x55, 0x13,
    0x55, 0x13, 0x55, 0x13, 0x55, 0x13, 0x55, 0x1B, 0x6E, 0x22, 0xA3, 0x08, 0x00, 0x00, 0x00, 0x00,
    0x00, 0x00, 0x00, 0x00, 0x20, 0x00, 0x88, 0x19, 0x13, 0x23, 0x76, 0x1B, 0x76, 0x1B, 0x75, 0x1B,
    0x55, 0x13, 0x55, 0x13, 0x55, 0x13, 0x55, 0x13, 0x55, 0x13, 0x55, 0x13, 0x55, 0x13, 0x55, 0x1B,
    0x75, 0x1B, 0x76, 0x13, 0x76, 0x1B, 0x54, 0x1B, 0xD0, 0x22, 0xEA, 0x21, 0x05, 0x11, 0x62, 0x08,
    0x00, 0x00, 0x00, 0x00, 0x00, 0x00, 0x00, 0x00, 0x00, 0x00, 0x00, 0x00, 0x00, 0x00, 0x00, 0x00,
    0x00, 0x00, 0x00, 0x00, 0x00, 0x00, 0x00, 0x00, 0x00, 0x00, 0x00, 0x00, 0x00, 0x00, 0x00, 0x00,
    0x00, 0x00, 0x00, 0x00, 0x00, 0x00, 0x00, 0x00, 0x00, 0x00, 0x41, 0x00, 0x88, 0x19, 0x8F, 0x22,
    0x34, 0x1B, 0x76, 0x1B, 0x56, 0x13, 0x75, 0x13, 0x75, 0x1B, 0x75, 0x1B, 0x75, 0x13, 0x55, 0x13,
    0x55, 0x13, 0x55, 0x13, 0x55, 0x13, 0x55, 0x13, 0x55, 0x13, 0x55, 0x13, 0x55, 0x13, 0x33, 0x23,
    0xEA, 0x21, 0x41, 0x08, 0x00, 0x00, 0x00, 0x00, 0x00, 0x00, 0x82, 0x08, 0x2C, 0x1A, 0x34, 0x1B,
    0x55, 0x13, 0x55, 0x1B, 0x6E, 0x22, 0x82, 0x08, 0x00, 0x00, 0x00, 0x00, 0x00, 0x00, 0xE4, 0x10,
    0x0D, 0x12, 0xEE, 0x01, 0xEE, 0x01, 0xEE, 0x01, 0xEE, 0x01, 0xEE, 0x01, 0x0E, 0x02, 0x0E, 0x02,
    0x0E, 0x02, 0x0E, 0x02, 0x0E, 0x02, 0x0E, 0x02, 0x0E, 0x02, 0x0E, 0x02, 0x0E, 0x02, 0x0D, 0x0A,
    0xC4, 0x10, 0x00, 0x00, 0x00, 0x00, 0x00, 0x00, 0x00, 0x00, 0x00, 0x00, 0x00, 0x00, 0x00, 0x00,
    0x00, 0x00, 0x00, 0x00, 0x00, 0x00, 0x00, 0x00, 0x00, 0x00, 0x00, 0x00, 0x00, 0x00, 0x00, 0x00,
    0x00, 0x00, 0x00, 0x00, 0x00, 0x00, 0x00, 0x00, 0x00, 0x00, 0x00, 0x00, 0x00, 0x00, 0x00, 0x00,
    0x00, 0x00, 0x00, 0x00, 0x00, 0x00, 0x00, 0x00, 0x00, 0x00, 0x00, 0x00, 0x00, 0x00, 0x00, 0x00,
    0x00, 0x00, 0x00, 0x00, 0x00, 0x00, 0x00, 0x00, 0x00, 0x00, 0x00, 0x00, 0x00, 0x00, 0x00, 0x00,
    0x00, 0x00, 0x00, 0x00, 0x00, 0x00, 0x00, 0x00, 0x00, 0x00, 0x00, 0x00, 0x00, 0x00, 0x00, 0x00,
    0x00, 0x00, 0x00, 0x00, 0x00, 0x00, 0x00, 0x00, 0x00, 0x00, 0x00, 0x00, 0x00, 0x00, 0x00, 0x00,
    0x00, 0x00, 0x00, 0x00, 0x00, 0x00, 0x00, 0x00, 0x00, 0x00, 0x00, 0x00, 0x00, 0x00, 0x00, 0x00,
    0x00, 0x00, 0x00, 0x00, 0x00, 0x00, 0x00, 0x00, 0x00, 0x00, 0x00, 0x00, 0x00, 0x00, 0x00, 0x00,
    0x00, 0x00, 0x00, 0x00, 0x00, 0x00, 0x00, 0x00, 0x00, 0x00, 0x00, 0x00, 0x00, 0x00, 0x00, 0x00,
    0x00, 0x00, 0x00, 0x00, 0x00, 0x00, 0x00, 0x00, 0x00, 0x00, 0x00, 0x00, 0x00, 0x00, 0x00, 0x00,
    0x00, 0x00, 0x00, 0x00, 0x00, 0x00, 0x00, 0x00, 0x00, 0x00, 0x00, 0x00, 0x00, 0x00, 0x00, 0x00,
    0x00, 0x00, 0x00, 0x00, 0x00, 0x00, 0x00, 0x00, 0x00, 0x00, 0x00, 0x00, 0x00, 0x00, 0x00, 0x00,
    0x00, 0x00, 0x00, 0x00, 0x00, 0x00, 0x00, 0x00, 0x00, 0x00, 0x00, 0x00, 0x00, 0x00, 0x00, 0x00,
    0x00, 0x00, 0x00, 0x00, 0x00, 0x00, 0x00, 0x00, 0x00, 0x00, 0x00, 0x00, 0x00, 0x00, 0x00, 0x00,
    0x00, 0x00, 0x00, 0x00, 0x00, 0x00, 0x00, 0x00, 0x00, 0x00, 0x00, 0x00, 0x00, 0x00, 0x00, 0x00,
    0x00, 0x00, 0x00, 0x00, 0x00, 0x00, 0x00, 0x00, 0x00, 0x00, 0x00, 0x00, 0x41, 0x00, 0x89, 0x11,
    0xEE, 0x01, 0x0E, 0x02, 0x0E, 0x02, 0x0E, 0x02, 0x4F, 0x0A, 0x70, 0x0A, 0x2F, 0x02, 0x0E, 0x02,
    0xEE, 0x01, 0xEE, 0x01, 0x0E, 0x02, 0x0E, 0x02, 0x0E, 0x02, 0x0E, 0x02, 0x2F, 0x0A, 0x14, 0x13,
    0x76, 0x1B, 0x76, 0x1B, 0x55, 0x1B, 0x55, 0x1B, 0x55, 0x1B, 0x56, 0x13, 0x55, 0x1B, 0x4D, 0x1A,
    0x62, 0x08, 0x00, 0x00, 0x00, 0x00, 0x00, 0x00, 0x00, 0x00, 0x41, 0x08, 0x0B, 0x1A, 0x55, 0x1B,
    0x76, 0x1B, 0x76, 0x1B, 0x76, 0x1B, 0x75, 0x1B, 0x75, 0x1B, 0x75, 0x13, 0x55, 0x13, 0x55, 0x13,
    0x55, 0x13, 0x55, 0x13, 0x55, 0x13, 0x56, 0x13, 0x75, 0x1B, 0xF2, 0x22, 0xEB, 0x19, 0xE5, 0x10,
    0x41, 0x08, 0x00, 0x00, 0x00, 0x00, 0x00, 0x00, 0x00, 0x00, 0x00, 0x00, 0x00, 0x00, 0x00, 0x00,
    0x00, 0x00, 0x00, 0x00, 0x00, 0x00, 0x00, 0x00, 0x00, 0x00, 0x00, 0x00, 0x00, 0x00, 0x00, 0x00,
    0x00, 0x00, 0x00, 0x00, 0x00, 0x00, 0x00, 0x00, 0x00, 0x00, 0x00, 0x00, 0x00, 0x00, 0x00, 0x00,
    0x00, 0x00, 0x00, 0x00, 0x00, 0x00, 0x20, 0x00, 0xC4, 0x10, 0xCA, 0x19, 0xD1, 0x1A, 0x75, 0x1B,
    0x76, 0x1B, 0x76, 0x13, 0x75, 0x13, 0x55, 0x13, 0x55, 0x13, 0x55, 0x13, 0x55, 0x13, 0x55, 0x13,
    0x55, 0x13, 0x75, 0x1B, 0x75, 0x1B, 0x76, 0x1B, 0x75, 0x1B, 0x4D, 0x22, 0x82, 0x08, 0x00, 0x00,
    0x00, 0x00, 0x00, 0x00, 0x41, 0x08, 0x0C, 0x1A, 0x55, 0x1B, 0x56, 0x13, 0x76, 0x1B, 0x8E, 0x22,
    0x61, 0x08, 0x00, 0x00, 0x00, 0x00, 0x00, 0x00, 0x05, 0x11, 0xEC, 0x09, 0xED, 0x01, 0x0E, 0x02,
    0x0E, 0x02, 0x0E, 0x02, 0x0E, 0x02, 0x0E, 0x02, 0x0E, 0x02, 0x0E, 0x0A, 0x2D, 0x12, 0x0D, 0x12,
    0x0E, 0x02, 0x0E, 0x02, 0x0E, 0x02, 0xED, 0x01, 0xAA, 0x11, 0x41, 0x08, 0x00, 0x00, 0x00, 0x00,
    0x00, 0x00, 0x00, 0x00, 0x00, 0x00, 0x00, 0x00, 0x00, 0x00, 0x00, 0x00, 0x00, 0x00, 0x00, 0x00,
    0x00, 0x00, 0x00, 0x00, 0x00, 0x00, 0x00, 0x00, 0x00, 0x00, 0x00, 0x00, 0x00, 0x00, 0x00, 0x00,
    0x00, 0x00, 0x00, 0x00, 0x00, 0x00, 0x00, 0x00, 0x00, 0x00, 0x00, 0x00, 0x00, 0x00, 0x00, 0x00,
    0x00, 0x00, 0x00, 0x00, 0x00, 0x00, 0x00, 0x00, 0x00, 0x00, 0x00, 0x00, 0x00, 0x00, 0x00, 0x00,
    0x00, 0x00, 0x00, 0x00, 0x00, 0x00, 0x00, 0x00, 0x00, 0x00, 0x00, 0x00, 0x00, 0x00, 0x00, 0x00,
    0x00, 0x00, 0x00, 0x00, 0x00, 0x00, 0x00, 0x00, 0x00, 0x00, 0x00, 0x00, 0x00, 0x00, 0x00, 0x00,
    0x00, 0x00, 0x00, 0x00, 0x00, 0x00, 0x00, 0x00, 0x00, 0x00, 0x00, 0x00, 0x00, 0x00, 0x00, 0x00,
    0x00, 0x00, 0x00, 0x00, 0x00, 0x00, 0x00, 0x00, 0x00, 0x00, 0x00, 0x00, 0x00, 0x00, 0x00, 0x00,
    0x00, 0x00, 0x00, 0x00, 0x00, 0x00, 0x00, 0x00, 0x00, 0x00, 0x00, 0x00, 0x00, 0x00, 0x00, 0x00,
    0x00, 0x00, 0x00, 0x00, 0x00, 0x00, 0x00, 0x00, 0x00, 0x00, 0x00, 0x00, 0x00, 0x00, 0x00, 0x00,
    0x00, 0x00, 0x00, 0x00, 0x00, 0x00, 0x00, 0x00, 0x00, 0x00, 0x00, 0x00, 0x00, 0x00, 0x00, 0x00,
    0x00, 0x00, 0x00, 0x00, 0x00, 0x00, 0x00, 0x00, 0x00, 0x00, 0x00, 0x00, 0x00, 0x00, 0x00, 0x00,
    0x00, 0x00, 0x00, 0x00, 0x00, 0x00, 0x00, 0x00, 0x00, 0x00, 0x00, 0x00, 0x00, 0x00, 0x00, 0x00,
    0x00, 0x00, 0x00, 0x00, 0x00, 0x00, 0x00, 0x00, 0x00, 0x00, 0x00, 0x00, 0x00, 0x00, 0x00, 0x00,
    0x00, 0x00, 0x00, 0x00, 0x00, 0x00, 0x00, 0x00, 0x00, 0x00, 0x00, 0x00, 0x00, 0x00, 0x00, 0x00,
    0x00, 0x00, 0x00, 0x00, 0x00, 0x00, 0x00, 0x00, 0x00, 0x00, 0x00, 0x00, 0x00, 0x00, 0x00, 0x00,
    0x00, 0x00, 0x00, 0x00, 0x26, 0x11, 0xED, 0x09, 0xED, 0x01, 0x0E, 0x02, 0x0E, 0x02, 0x2F, 0x02,
    0x13, 0x13, 0x55, 0x1B, 0x13, 0x13, 0x91, 0x0A, 0x2F, 0x0A, 0x0E, 0x02, 0x0E, 0x02, 0x0E, 0x02,
    0x0E, 0x02, 0x0E, 0x02, 0xF3, 0x12, 0x76, 0x1B, 0x76, 0x1B, 0x76, 0x1B, 0x75, 0x1B, 0x55, 0x1B,
    0x76, 0x13, 0x75, 0x1B, 0x6D, 0x22, 0x61, 0x08, 0x00, 0x00, 0x00, 0x00, 0x00, 0x00, 0x00, 0x00,
    0xA3, 0x08, 0x6E, 0x1A, 0x55, 0x1B, 0x56, 0x13, 0x75, 0x1B, 0x75, 0x1B, 0x75, 0x1B, 0x75, 0x1B,
    0x75, 0x1B, 0x75, 0x1B, 0x75, 0x1B, 0x55, 0x13, 0x55, 0x13, 0x55, 0x13, 0x34, 0x1B, 0xD0, 0x22,
    0x89, 0x19, 0x82, 0x08, 0x00, 0x00, 0x00, 0x00, 0x00, 0x00, 0x00, 0x00, 0x00, 0x00, 0x00, 0x00,
    0x00, 0x00, 0x00, 0x00, 0x00, 0x00, 0x00, 0x00, 0x00, 0x00, 0x00, 0x00, 0x00, 0x00, 0x00, 0x00,
    0x00, 0x00, 0x00, 0x00, 0x00, 0x00, 0x00, 0x00, 0x00, 0x00, 0x00, 0x00, 0x00, 0x00, 0x00, 0x00,
    0x00, 0x00, 0x00, 0x00, 0x00, 0x00, 0x00, 0x00, 0x00, 0x00, 0x00, 0x00, 0x00, 0x00, 0x00, 0x00,
    0x00, 0x00, 0x00, 0x00, 0x61, 0x08, 0x88, 0x19, 0xD0, 0x22, 0x54, 0x1B, 0x55, 0x13, 0x55, 0x13,
    0x55, 0x13, 0x55, 0x13, 0x55, 0x13, 0x75, 0x1B, 0x75, 0x1B, 0x75, 0x1B, 0x75, 0x1B, 0x75, 0x1B,
    0x55, 0x13, 0x55, 0x1B, 0xAF, 0x2A, 0xC3, 0x10, 0x00, 0x00, 0x00, 0x00, 0x00, 0x00, 0x41, 0x00,
    0x0C, 0x1A, 0x55, 0x1B, 0x76, 0x1B, 0x75, 0x1B, 0x0C, 0x1A, 0x20, 0x00, 0x00, 0x00, 0x00, 0x00,
    0x00, 0x00, 0x67, 0x19, 0x0E, 0x0A, 0x0E, 0x02, 0x0E, 0x02, 0x0E, 0x02, 0x0E, 0x0A, 0xEC, 0x11,
    0x68, 0x11, 0xE5, 0x10, 0x82, 0x08, 0x26, 0x11, 0x0D, 0x0A, 0xEE, 0x01, 0xEE, 0x01, 0xED, 0x01,
    0xED, 0x09, 0x06, 0x11, 0x00, 0x00, 0x00, 0x00, 0x00, 0x00, 0x00, 0x00, 0x00, 0x00, 0x00, 0x00,
    0x00, 0x00, 0x00, 0x00, 0x00, 0x00, 0x00, 0x00, 0x00, 0x00, 0x00, 0x00, 0x00, 0x00, 0x00, 0x00,
    0x00, 0x00, 0x00, 0x00, 0x00, 0x00, 0x00, 0x00, 0x00, 0x00, 0x00, 0x00, 0x00, 0x00, 0x00, 0x00,
    0x00, 0x00, 0x00, 0x00, 0x00, 0x00, 0x00, 0x00, 0x00, 0x00, 0x00, 0x00, 0x00, 0x00, 0x00, 0x00,
    0x00, 0x00, 0x00, 0x00, 0x00, 0x00, 0x00, 0x00, 0x00, 0x00, 0x00, 0x00, 0x00, 0x00, 0x00, 0x00,
    0x00, 0x00, 0x00, 0x00, 0x00, 0x00, 0x00, 0x00, 0x00, 0x00, 0x00, 0x00, 0x00, 0x00, 0x00, 0x00,
    0x00, 0x00, 0x00, 0x00, 0x00, 0x00, 0x00, 0x00, 0x00, 0x00, 0x00, 0x00, 0x00, 0x00, 0x00, 0x00,
    0x00, 0x00, 0x00, 0x00, 0x00, 0x00, 0x00, 0x00, 0x00, 0x00, 0x00, 0x00, 0x00, 0x00, 0x00, 0x00,
    0x00, 0x00, 0x00, 0x00, 0x00, 0x00, 0x00, 0x00, 0x00, 0x00, 0x00, 0x00, 0x00, 0x00, 0x00, 0x00,
    0x00, 0x00, 0x00, 0x00, 0x00, 0x00, 0x00, 0x00, 0x00, 0x00, 0x00, 0x00, 0x00, 0x00, 0x00, 0x00,
    0x00, 0x00, 0x00, 0x00, 0x00, 0x00, 0x00, 0x00, 0x00, 0x00, 0x00, 0x00, 0x00, 0x00, 0x00, 0x00,
    0x00, 0x00, 0x00, 0x00, 0x00, 0x00, 0x00, 0x00, 0x00, 0x00, 0x00, 0x00, 0x00, 0x00, 0x00, 0x00,
    0x00, 0x00, 0x00, 0x00, 0x00, 0x00, 0x00, 0x00, 0x00, 0x00, 0x00, 0x00, 0x00, 0x00, 0x00, 0x00,
    0x00, 0x00, 0x00, 0x00, 0x00, 0x00, 0x00, 0x00, 0x00, 0x00, 0x00, 0x00, 0x00, 0x00, 0x00, 0x00,
    0x00, 0x00, 0x00, 0x00, 0x00, 0x00, 0x00, 0x00, 0x00, 0x00, 0x00, 0x00, 0x00, 0x00, 0x00, 0x00,
    0x00, 0x00, 0x00, 0x00, 0x00, 0x00, 0x00, 0x00, 0x00, 0x00, 0x00, 0x00, 0x00, 0x00, 0x00, 0x00,
    0x00, 0x00, 0x00, 0x00, 0x00, 0x00, 0x00, 0x00, 0x00, 0x00, 0x62, 0x08, 0xEC, 0x11, 0xEE, 0x01,
    0xEE, 0x01, 0xED, 0x01, 0xED, 0x01, 0x91, 0x0A, 0x55, 0x1B, 0x75, 0x1B, 0x75, 0x1B, 0x55, 0x1B,
    0x34, 0x13, 0x13, 0x13, 0xB1, 0x0A, 0x4F, 0x0A, 0x0E, 0x02, 0xB1, 0x0A, 0x76, 0x1B, 0x76, 0x1B,
    0x75, 0x1B, 0x75, 0x1B, 0x75, 0x1B, 0x76, 0x1B, 0x75, 0x1B, 0xAE, 0x2A, 0x62, 0x08, 0x00, 0x00,
    0x00, 0x00, 0x00, 0x00, 0x00, 0x00, 0xC4, 0x10, 0xB0, 0x1A, 0x55, 0x1B, 0x55, 0x13, 0x55, 0x13,
    0x75, 0x13, 0x75, 0x1B, 0x75, 0x1B, 0x75, 0x1B, 0x75, 0x1B, 0x75, 0x1B, 0x75, 0x1B, 0x76, 0x1B,
    0x55, 0x1B, 0xB0, 0x1A, 0x68, 0x19, 0x61, 0x08, 0x00, 0x00, 0x00, 0x00, 0x00, 0x00, 0x00, 0x00,
    0x00, 0x00, 0x00, 0x00, 0x00, 0x00, 0x00, 0x00, 0x00, 0x00, 0x82, 0x08, 0x26, 0x11, 0x88, 0x19,
    0x67, 0x19, 0x05, 0x11, 0x82, 0x08, 0x00, 0x00, 0x00, 0x00, 0x00, 0x00, 0x00, 0x00, 0x00, 0x00,
    0x00, 0x00, 0x00, 0x00, 0x00, 0x00, 0x00, 0x00, 0x00, 0x00, 0x00, 0x00, 0x00, 0x00, 0x00, 0x00,
    0x00, 0x00, 0x00, 0x00, 0x00, 0x00, 0x00, 0x00, 0x00, 0x00, 0x00, 0x00, 0x00, 0x00, 0x00, 0x00,
    0x41, 0x08, 0x67, 0x19, 0xD0, 0x22, 0x55, 0x1B, 0x55, 0x13, 0x75, 0x1B, 0x75, 0x1B, 0x75, 0x1B,
    0x75, 0x1B, 0x75, 0x1B, 0x75, 0x13, 0x55, 0x13, 0x55, 0x13, 0x55, 0x13, 0x75, 0x1B, 0x88, 0x19,
    0x00, 0x00, 0x00, 0x00, 0x00, 0x00, 0x00, 0x00, 0x41, 0x08, 0xAF, 0x22, 0x55, 0x1B, 0x55, 0x13,
    0x34, 0x1B, 0x88, 0x19, 0x00, 0x00, 0x00, 0x00, 0x00, 0x00, 0x41, 0x08, 0xEA, 0x21, 0x2E, 0x0A,
    0x2D, 0x12, 0xAA, 0x11, 0x05, 0x11, 0x62, 0x08, 0x00, 0x00, 0x00, 0x00, 0x00, 0x00, 0x20, 0x00,
    0x89, 0x11, 0xED, 0x01, 0xED, 0x01, 0x0E, 0x02, 0x0E, 0x02, 0xEC, 0x09, 0x62, 0x08, 0x00, 0x00,
    0x00, 0x00, 0x00, 0x00, 0x00, 0x00, 0x00, 0x00, 0x00, 0x00, 0x00, 0x00, 0x00, 0x00, 0x00, 0x00,
    0x00, 0x00, 0x00, 0x00, 0x00, 0x00, 0x00, 0x00, 0x00, 0x00, 0x00, 0x00, 0x00, 0x00, 0x00, 0x00,
    0x00, 0x00, 0x00, 0x00, 0x00, 0x00, 0x00, 0x00, 0x00, 0x00, 0x00, 0x00, 0x00, 0x00, 0x00, 0x00,
    0x00, 0x00, 0x00, 0x00, 0x00, 0x00, 0x00, 0x00, 0x00, 0x00, 0x00, 0x00, 0x00, 0x00, 0x00, 0x00,
    0x00, 0x00, 0x00, 0x00, 0x00, 0x00, 0x00, 0x00, 0x00, 0x00, 0x00, 0x00, 0x00, 0x00, 0x00, 0x00,
    0x00, 0x00, 0x00, 0x00, 0x00, 0x00, 0x00, 0x00, 0x00, 0x00, 0x00, 0x00, 0x00, 0x00, 0x00, 0x00,
    0x00, 0x00, 0x00, 0x00, 0x00, 0x00, 0x00, 0x00, 0x00, 0x00, 0x00, 0x00, 0x00, 0x00, 0x00, 0x00,
    0x00, 0x00, 0x00, 0x00, 0x00, 0x00, 0x00, 0x00, 0x00, 0x00, 0x00, 0x00, 0x00, 0x00, 0x00, 0x00,
    0x00, 0x00, 0x00, 0x00, 0x00, 0x00, 0x00, 0x00, 0x00, 0x00, 0x00, 0x00, 0x00, 0x00, 0x00, 0x00,
    0x00, 0x00, 0x00, 0x00, 0x00, 0x00, 0x00, 0x00, 0x00, 0x00, 0x00, 0x00, 0x00, 0x00, 0x00, 0x00,
    0x00, 0x00, 0x00, 0x00, 0x00, 0x00, 0x00, 0x00, 0x00, 0x00, 0x00, 0x00, 0x00, 0x00, 0x00, 0x00,
    0x00, 0x00, 0x00, 0x00, 0x00, 0x00, 0x00, 0x00, 0x00, 0x00, 0x00, 0x00, 0x00, 0x00, 0x00, 0x00,
    0x00, 0x00, 0x00, 0x00, 0x00, 0x00, 0x00, 0x00, 0x00, 0x00, 0x00, 0x00, 0x00, 0x00, 0x00, 0x00,
    0x00, 0x00, 0x00, 0x00, 0x00, 0x00, 0x00, 0x00, 0x00, 0x00, 0x00, 0x00, 0x00, 0x00, 0x00, 0x00,
    0x00, 0x00, 0x00, 0x00, 0x00, 0x00, 0x00, 0x00, 0x00, 0x00, 0x00, 0x00, 0x00, 0x00, 0x00, 0x00,
    0x00, 0x00, 0x00, 0x00, 0x00, 0x00, 0x00, 0x00, 0x00, 0x00, 0x00, 0x00, 0x00, 0x00, 0x00, 0x00,
    0x00, 0x00, 0x48, 0x11, 0x2E, 0x0A, 0x0E, 0x02, 0x0E, 0x02, 0xEE, 0x01, 0x2F, 0x0A, 0x34, 0x13,
    0x55, 0x1B, 0x55, 0x1B, 0x55, 0x13, 0x55, 0x13, 0x75, 0x13, 0x76, 0x1B, 0x76, 0x1B, 0x55, 0x13,
    0x14, 0x13, 0x55, 0x13, 0x76, 0x1B, 0x75, 0x1B, 0x75, 0x13, 0x75, 0x13, 0x75, 0x1B, 0x76, 0x1B,
    0xD0, 0x2A, 0xA3, 0x10, 0x00, 0x00, 0x00, 0x00, 0x00, 0x00, 0x00, 0x00, 0x05, 0x11, 0xF2, 0x22,
    0x76, 0x1B, 0x55, 0x13, 0x55, 0x13, 0x55, 0x13, 0x55, 0x13, 0x55, 0x13, 0x55, 0x13, 0x55, 0x13,
    0x75, 0x1B, 0x76, 0x1B, 0x76, 0x1B, 0x33, 0x23, 0xCA, 0x19, 0x62, 0x08, 0x00, 0x00, 0x00, 0x00,
    0x00, 0x00, 0x00, 0x00, 0x00, 0x00, 0x00, 0x00, 0x00, 0x00, 0x00, 0x00, 0x00, 0x00, 0x00, 0x00,
    0x26, 0x11, 0xEC, 0x11, 0x0E, 0x0A, 0x0E, 0x0A, 0xED, 0x09, 0x0D, 0x0A, 0xEC, 0x11, 0x89, 0x11,
    0x82, 0x08, 0x00, 0x00, 0x00, 0x00, 0x00, 0x00, 0x00, 0x00, 0x00, 0x00, 0x00, 0x00, 0x00, 0x00,
    0x00, 0x00, 0x00, 0x00, 0x00, 0x00, 0x00, 0x00, 0x00, 0x00, 0x00, 0x00, 0x00, 0x00, 0x00, 0x00,
    0x00, 0x00, 0x00, 0x00, 0x00, 0x00, 0x00, 0x00, 0x00, 0x00, 0x00, 0x00, 0x62, 0x08, 0xA9, 0x19,
    0x12, 0x23, 0x76, 0x1B, 0x76, 0x1B, 0x75, 0x1B, 0x75, 0x1B, 0x75, 0x1B, 0x75, 0x13, 0x75, 0x13,
    0x55, 0x13, 0x35, 0x1B, 0x2C, 0x1A, 0x61, 0x08, 0x00, 0x00, 0x00, 0x00, 0x00, 0x00, 0x00, 0x00,
    0x26, 0x11, 0x12, 0x23, 0x55, 0x13, 0x55, 0x13, 0x55, 0x13, 0x13, 0x1B, 0x26, 0x11, 0x00, 0x00,
    0x00, 0x00, 0x00, 0x00, 0x82, 0x08, 0xE5, 0x10, 0xA3, 0x10, 0x20, 0x00, 0x00, 0x00, 0x00, 0x00,
    0x00, 0x00, 0x00, 0x00, 0x00, 0x00, 0x00, 0x00, 0xA3, 0x10, 0xEC, 0x11, 0x0E, 0x02, 0x0E, 0x02,
    0x0E, 0x02, 0x0E, 0x02, 0x68, 0x11, 0x00, 0x00, 0x00, 0x00, 0x00, 0x00, 0x00, 0x00, 0x00, 0x00,
    0x00, 0x00, 0x00, 0x00, 0x00, 0x00, 0x00, 0x00, 0x00, 0x00, 0x00, 0x00, 0x00, 0x00, 0x00, 0x00,
    0x00, 0x00, 0x00, 0x00, 0x00, 0x00, 0x00, 0x00, 0x00, 0x00, 0x00, 0x00, 0x00, 0x00, 0x00, 0x00,
    0x00, 0x00, 0x00, 0x00, 0x00, 0x00, 0x00, 0x00, 0x00, 0x00, 0x00, 0x00, 0x00, 0x00, 0x00, 0x00,
    0x00, 0x00, 0x00, 0x00, 0x00, 0x00, 0x00, 0x00, 0x00, 0x00, 0x00, 0x00, 0x00, 0x00, 0x00, 0x00,
    0x00, 0x00, 0x00, 0x00, 0x00, 0x00, 0x00, 0x00, 0x00, 0x00, 0x00, 0x00, 0x00, 0x00, 0x00, 0x00,
    0x00, 0x00, 0x00, 0x00, 0x00, 0x00, 0x00, 0x00, 0x00, 0x00, 0x00, 0x00, 0x00, 0x00, 0x00, 0x00,
    0x00, 0x00, 0x00, 0x00, 0x00, 0x00, 0x00, 0x00, 0x00, 0x00, 0x00, 0x00, 0x00, 0x00, 0x00, 0x00,
    0x00, 0x00, 0x00, 0x00, 0x00, 0x00, 0x00, 0x00, 0x00, 0x00, 0x00, 0x00, 0x00, 0x00, 0x00, 0x00,
    0x00, 0x00, 0x00, 0x00, 0x00, 0x00, 0x00, 0x00, 0x00, 0x00, 0x00, 0x00, 0x00, 0x00, 0x00, 0x00,
    0x00, 0x00, 0x00, 0x00, 0x00, 0x00, 0x00, 0x00, 0x00, 0x00, 0x00, 0x00, 0x00, 0x00, 0x00, 0x00,
    0x00, 0x00, 0x00, 0x00, 0x00, 0x00, 0x00, 0x00, 0x00, 0x00, 0x00, 0x00, 0x00, 0x00, 0x00, 0x00,
    0x00, 0x00, 0x00, 0x00, 0x00, 0x00, 0x00, 0x00, 0x00, 0x00, 0x00, 0x00, 0x00, 0x00, 0x00, 0x00,
    0x00, 0x00, 0x00, 0x00, 0x00, 0x00, 0x00, 0x00, 0x00, 0x00, 0x00, 0x00, 0x00, 0x00, 0x00, 0x00,
    0x00, 0x00, 0x00, 0x00, 0x00, 0x00, 0x00, 0x00, 0x00, 0x00, 0x00, 0x00, 0x00, 0x00, 0x00, 0x00,
    0x00, 0x00, 0x00, 0x00, 0x00, 0x00, 0x00, 0x00, 0x00, 0x00, 0x00, 0x00, 0x00, 0x00, 0x00, 0x00,
    0x00, 0x00, 0x00, 0x00, 0x00, 0x00, 0x00, 0x00, 0x83, 0x08, 0xED, 0x09, 0x0E, 0x02, 0x0E, 0x02,
    0x0E, 0x02, 0x0E, 0x02, 0xF3, 0x12, 0x75, 0x1B, 0x75, 0x1B, 0x55, 0x13, 0x75, 0x13, 0x75, 0x13,
    0x75, 0x1B, 0x75, 0x1B, 0x75, 0x1B, 0x75, 0x1B, 0x76, 0x1B, 0x75, 0x1B, 0x75, 0x1B, 0x75, 0x1B,
    0x75, 0x1B, 0x75, 0x1B, 0x76, 0x1B, 0xD0, 0x22, 0xC3, 0x10, 0x00, 0x00, 0x00, 0x00, 0x00, 0x00,
    0x00, 0x00, 0x25, 0x11, 0xF2, 0x22, 0x76, 0x1B, 0x75, 0x1B, 0x75, 0x1B, 0x75, 0x1B, 0x75, 0x1B,
    0x75, 0x13, 0x55, 0x13, 0x55, 0x13, 0x55, 0x13, 0x55, 0x13, 0x55, 0x1B, 0x6D, 0x22, 0xE4, 0x10,
    0x00, 0x00, 0x00, 0x00, 0x00, 0x00, 0x00, 0x00, 0x00, 0x00, 0x00, 0x00, 0x00, 0x00, 0x00, 0x00,
    0x00, 0x00, 0x00, 0x00, 0x00, 0x00, 0x61, 0x08, 0xCB, 0x11, 0xEE, 0x01, 0x2E, 0x12, 0xCA, 0x19,
    0xA9, 0x19, 0xAA, 0x19, 0xED, 0x11, 0x2F, 0x0A, 0xEC, 0x11, 0xE4, 0x10, 0x00, 0x00, 0x00, 0x00,
    0x00, 0x00, 0x00, 0x00, 0x00, 0x00, 0x00, 0x00, 0x00, 0x00, 0x00, 0x00, 0x00, 0x00, 0x00, 0x00,
    0x00, 0x00, 0x00, 0x00, 0x00, 0x00, 0x00, 0x00, 0x00, 0x00, 0x00, 0x00, 0x00, 0x00, 0x00, 0x00,
    0x00, 0x00, 0x00, 0x00, 0x00, 0x00, 0x00, 0x00, 0xC3, 0x10, 0x6D, 0x2A, 0x54, 0x23, 0x76, 0x13,
    0x55, 0x13, 0x55, 0x13, 0x75, 0x1B, 0x76, 0x1B, 0x75, 0x1B, 0x2C, 0x1A, 0x41, 0x00, 0x00, 0x00,
    0x00, 0x00, 0x00, 0x00, 0x00, 0x00, 0x26, 0x19, 0x13, 0x23, 0x76, 0x1B, 0x75, 0x1B, 0x55, 0x13,
    0x55, 0x13, 0x55, 0x13, 0xF1, 0x1A, 0xC4, 0x10, 0x00, 0x00, 0x00, 0x00, 0x00, 0x00, 0x00, 0x00,
    0x00, 0x00, 0x00, 0x00, 0x00, 0x00, 0x00, 0x00, 0x00, 0x00, 0x00, 0x00, 0x00, 0x00, 0x00, 0x00,
    0x00, 0x00, 0x47, 0x19, 0x2E, 0x0A, 0x0E, 0x02, 0x0E, 0x02, 0x0E, 0x02, 0xED, 0x09, 0xC3, 0x08,
    0x00, 0x00, 0x00, 0x00, 0x00, 0x00, 0x00, 0x00, 0x00, 0x00, 0x00, 0x00, 0x00, 0x00, 0x00, 0x00,
    0x00, 0x00, 0x00, 0x00, 0x00, 0x00, 0x00, 0x00, 0x00, 0x00, 0x00, 0x00, 0x00, 0x00, 0x00, 0x00,
    0x00, 0x00, 0x00, 0x00, 0x00, 0x00, 0x00, 0x00, 0x00, 0x00, 0x00, 0x00, 0x00, 0x00, 0x00, 0x00,
    0x00, 0x00, 0x00, 0x00, 0x00, 0x00, 0x00, 0x00, 0x00, 0x00, 0x00, 0x00, 0x00, 0x00, 0x00, 0x00,
    0x00, 0x00, 0x00, 0x00, 0x00, 0x00, 0x00, 0x00, 0x00, 0x00, 0x00, 0x00, 0x00, 0x00, 0x00, 0x00,
    0x00, 0x00, 0x00, 0x00, 0x00, 0x00, 0x00, 0x00, 0x00, 0x00, 0x00, 0x00, 0x00, 0x00, 0x00, 0x00,
    0x00, 0x00, 0x00, 0x00, 0x00, 0x00, 0x00, 0x00, 0x00, 0x00, 0x00, 0x00, 0x00, 0x00, 0x00, 0x00,
    0x00, 0x00, 0x00, 0x00, 0x00, 0x00, 0x00, 0x00, 0x00, 0x00, 0x00, 0x00, 0x00, 0x00, 0x00, 0x00,
    0x00, 0x00, 0x00, 0x00, 0x00, 0x00, 0x00, 0x00, 0x00, 0x00, 0x00, 0x00, 0x00, 0x00, 0x00, 0x00,
    0x00, 0x00, 0x00, 0x00, 0x00, 0x00, 0x00, 0x00, 0x00, 0x00, 0x00, 0x00, 0x00, 0x00, 0x00, 0x00,
    0x00, 0x00, 0x00, 0x00, 0x00, 0x00, 0x00, 0x00, 0x00, 0x00, 0x00, 0x00, 0x00, 0x00, 0x00, 0x00,
    0x00, 0x00, 0x00, 0x00, 0x00, 0x00, 0x00, 0x00, 0x00, 0x00, 0x00, 0x00, 0x00, 0x00, 0x00, 0x00,
    0x00, 0x00, 0x00, 0x00, 0x00, 0x00, 0x00, 0x00, 0x00, 0x00, 0x00, 0x00, 0x00, 0x00, 0x00, 0x00,
    0x00, 0x00, 0x00, 0x00, 0x00, 0x00, 0x00, 0x00, 0x00, 0x00, 0x00, 0x00, 0x00, 0x00, 0x00, 0x00,
    0x00, 0x00, 0x00, 0x00, 0x00, 0x00, 0x00, 0x00, 0x00, 0x00, 0x00, 0x00, 0x00, 0x00, 0x00, 0x00,
    0x00, 0x00, 0x00, 0x00, 0x00, 0x00, 0x00, 0x00, 0x00, 0x00, 0x00, 0x00, 0x00, 0x00, 0x20, 0x00,
    0x68, 0x11, 0xED, 0x01, 0x0E, 0x02, 0x0E, 0x02, 0x0E, 0x02, 0x90, 0x0A, 0x55, 0x1B, 0x75, 0x1B,
    0x75, 0x1B, 0x75, 0x1B, 0x75, 0x1B, 0x75, 0x13, 0x75, 0x1B, 0x75, 0x1B, 0x75, 0x1B, 0x75, 0x13,
    0x75, 0x1B, 0x75, 0x13, 0x75, 0x13, 0x75, 0x13, 0x75, 0x1B, 0x56, 0x13, 0x32, 0x23, 0x05, 0x19,
    0x00, 0x00, 0x00, 0x00, 0x00, 0x00, 0x00, 0x00, 0x25, 0x11, 0x12, 0x23, 0x76, 0x1B, 0x75, 0x1B,
    0x75, 0x1B, 0x75, 0x1B, 0x75, 0x1B, 0x75, 0x1B, 0x75, 0x1B, 0x55, 0x13, 0x55, 0x13, 0x55, 0x1B,
    0xF2, 0x1A, 0x88, 0x19, 0x20, 0x00, 0x00, 0x00, 0x00, 0x00, 0x00, 0x00, 0x00, 0x00, 0x00, 0x00,
    0x00, 0x00, 0x00, 0x00, 0x00, 0x00, 0x00, 0x00, 0x00, 0x00, 0x00, 0x00, 0x00, 0x00, 0x41, 0x08,
    0xAA, 0x11, 0xED, 0x01, 0x2D, 0x22, 0x04, 0x19, 0x00, 0x00, 0x00, 0x00, 0xC3, 0x10, 0xEA, 0x19,
    0xED, 0x09, 0xEC, 0x11, 0x05, 0x11, 0x00, 0x00, 0x00, 0x00, 0x00, 0x00, 0x00, 0x00, 0x00, 0x00,
    0x00, 0x00, 0x00, 0x00, 0x00, 0x00, 0x00, 0x00, 0x00, 0x00, 0x00, 0x00, 0x00, 0x00, 0x00, 0x00,
    0x00, 0x00, 0x00, 0x00, 0x00, 0x00, 0x00, 0x00, 0x00, 0x00, 0x00, 0x00, 0x00, 0x00, 0x00, 0x00,
    0x00, 0x00, 0x20, 0x00, 0x47, 0x19, 0xD1, 0x22, 0x55, 0x1B, 0x55, 0x13, 0x56, 0x13, 0x75, 0x1B,
    0x0C, 0x1A, 0x41, 0x00, 0x00, 0x00, 0x00, 0x00, 0x00, 0x00, 0x00, 0x00, 0x05, 0x11, 0x12, 0x23,
    0x76, 0x1B, 0x76, 0x1B, 0x75, 0x1B, 0x75, 0x13, 0x75, 0x13, 0x75, 0x1B, 0x76, 0x1B, 0x8E, 0x22,
    0x61, 0x08, 0x00, 0x00, 0x00, 0x00, 0x00, 0x00, 0x00, 0x00, 0x00, 0x00, 0x20, 0x00, 0xE5, 0x10,
    0x2C, 0x22, 0x0B, 0x1A, 0x62, 0x08, 0x00, 0x00, 0x00, 0x00, 0x41, 0x08, 0xCB, 0x11, 0x0E, 0x02,
    0x0E, 0x02, 0xEE, 0x01, 0xED, 0x01, 0x69, 0x11, 0x20, 0x00, 0x00, 0x00, 0x00, 0x00, 0x00, 0x00,
    0x00, 0x00, 0x00, 0x00, 0x00, 0x00, 0x00, 0x00, 0x00, 0x00, 0x00, 0x00, 0x00, 0x00, 0x00, 0x00,
    0x00, 0x00, 0x00, 0x00, 0x00, 0x00, 0x00, 0x00, 0x00, 0x00, 0x00, 0x00, 0x00, 0x00, 0x00, 0x00,
    0x00, 0x00, 0x00, 0x00, 0x00, 0x00, 0x00, 0x00, 0x00, 0x00, 0x00, 0x00, 0x00, 0x00, 0x00, 0x00,
    0x00, 0x00, 0x00, 0x00, 0x00, 0x00, 0x00, 0x00, 0x00, 0x00, 0x00, 0x00, 0x00, 0x00, 0x00, 0x00,
    0x00, 0x00, 0x00, 0x00, 0x00, 0x00, 0x00, 0x00, 0x00, 0x00, 0x00, 0x00, 0x00, 0x00, 0x00, 0x00,
    0x00, 0x00, 0x00, 0x00, 0x00, 0x00, 0x00, 0x00, 0x00, 0x00, 0x00, 0x00, 0x00, 0x00, 0x00, 0x00,
    0x00, 0x00, 0x00, 0x00, 0x00, 0x00, 0x00, 0x00, 0x00, 0x00, 0x00, 0x00, 0x00, 0x00, 0x00, 0x00,
    0x00, 0x00, 0x00, 0x00, 0x00, 0x00, 0x00, 0x00, 0x00, 0x00, 0x00, 0x00, 0x00, 0x00, 0x00, 0x00,
    0x00, 0x00, 0x00, 0x00, 0x00, 0x00, 0x00, 0x00, 0x00, 0x00, 0x00, 0x00, 0x00, 0x00, 0x00, 0x00,
    0x00, 0x00, 0x00, 0x00, 0x00, 0x00, 0x00, 0x00, 0x00, 0x00, 0x00, 0x00, 0x00, 0x00, 0x00, 0x00,
    0x00, 0x00, 0x00, 0x00, 0x00, 0x00, 0x00, 0x00, 0x00, 0x00, 0x00, 0x00, 0x00, 0x00, 0x00, 0x00,
    0x00, 0x00, 0x00, 0x00, 0x00, 0x00, 0x00, 0x00, 0x00, 0x00, 0x00, 0x00, 0x00, 0x00, 0x00, 0x00,
    0x00, 0x00, 0x00, 0x00, 0x00, 0x00, 0x00, 0x00, 0x00, 0x00, 0x00, 0x00, 0x00, 0x00, 0x00, 0x00,
    0x00, 0x00, 0x00, 0x00, 0x00, 0x00, 0x00, 0x00, 0x00, 0x00, 0x00, 0x00, 0x00, 0x00, 0x00, 0x00,
    0x00, 0x00, 0x00, 0x00, 0x00, 0x00, 0x00, 0x00, 0x00, 0x00, 0x00, 0x00, 0x00, 0x00, 0x00, 0x00,
    0x00, 0x00, 0x00, 0x00, 0x00, 0x00, 0xA3, 0x08, 0xEC, 0x09, 0xED, 0x01, 0xEE, 0x01, 0xEE, 0x01,
    0x0E, 0x02, 0x14, 0x13, 0x76, 0x1B, 0x75, 0x1B, 0x75, 0x1B, 0x75, 0x1B, 0x75, 0x1B, 0x75, 0x1B,
    0x75, 0x1B, 0x75, 0x1B, 0x75, 0x1B, 0x75, 0x1B, 0x75, 0x1B, 0x75, 0x1B, 0x75, 0x1B, 0x75, 0x13,
    0x56, 0x13, 0x54, 0x23, 0xC8, 0x21, 0x00, 0x00, 0x00, 0x00, 0x00, 0x00, 0x00, 0x00, 0xC4, 0x10,
    0xF2, 0x22, 0x76, 0x1B, 0x75, 0x1B, 0x75, 0x1B, 0x75, 0x1B, 0x75, 0x1B, 0x75, 0x1B, 0x75, 0x1B,
    0x75, 0x1B, 0x56, 0x13, 0x55, 0x1B, 0x6E, 0x22, 0xC4, 0x10, 0x00, 0x00, 0x00, 0x00, 0x00, 0x00,
    0x00, 0x00, 0x00, 0x00, 0x00, 0x00, 0x00, 0x00, 0x00, 0x00, 0x00, 0x00, 0x00, 0x00, 0x00, 0x00,
    0x00, 0x00, 0x00, 0x00, 0x00, 0x00, 0x00, 0x00, 0xC4, 0x08, 0xCC, 0x09, 0xEE, 0x09, 0x0C, 0x1A,
    0x87, 0x21, 0x04, 0x19, 0xE4, 0x18, 0xC9, 0x21, 0xED, 0x09, 0xED, 0x01, 0xEC, 0x11, 0x05, 0x11,
    0x00, 0x00, 0x00, 0x00, 0x00, 0x00, 0x00, 0x00, 0x00, 0x00, 0x00, 0x00, 0x00, 0x00, 0x00, 0x00,
    0x00, 0x00, 0x00, 0x00, 0x00, 0x00, 0x00, 0x00, 0x00, 0x00, 0x00, 0x00, 0x00, 0x00, 0x00, 0x00,
    0x00, 0x00, 0x00, 0x00, 0x00, 0x00, 0x00, 0x00, 0x00, 0x00, 0x00, 0x00, 0x00, 0x00, 0xA3, 0x10,
    0x6D, 0x22, 0x55, 0x1B, 0x76, 0x1B, 0x2C, 0x1A, 0x41, 0x00, 0x00, 0x00, 0x00, 0x00, 0x00, 0x00,
    0x00, 0x00, 0x05, 0x11, 0xF2, 0x1A, 0x56, 0x13, 0x75, 0x1B, 0x75, 0x1B, 0x75, 0x1B, 0x75, 0x1B,
    0x75, 0x1B, 0x75, 0x1B, 0x76, 0x1B, 0x55, 0x1B, 0xCA, 0x19, 0x00, 0x00, 0x00, 0x00, 0x00, 0x00,
    0x62, 0x08, 0x88, 0x19, 0x8F, 0x22, 0x34, 0x1B, 0x75, 0x1B, 0x56, 0x1B, 0x0C, 0x1A, 0x20, 0x00,
    0x00, 0x00, 0x00, 0x00, 0xE4, 0x10, 0xED, 0x09, 0xED, 0x01, 0xEE, 0x01, 0xED, 0x01, 0xED, 0x09,
    0xA4, 0x08, 0x00, 0x00, 0x00, 0x00, 0x00, 0x00, 0x00, 0x00, 0x00, 0x00, 0x00, 0x00, 0x00, 0x00,
    0x00, 0x00, 0x00, 0x00, 0x00, 0x00, 0x00, 0x00, 0x00, 0x00, 0x00, 0x00, 0x00, 0x00, 0x00, 0x00,
    0x00, 0x00, 0x00, 0x00, 0x00, 0x00, 0x00, 0x00, 0x00, 0x00, 0x00, 0x00, 0x00, 0x00, 0x00, 0x00,
    0x00, 0x00, 0x00, 0x00, 0x00, 0x00, 0x00, 0x00, 0x00, 0x00, 0x00, 0x00, 0x00, 0x00, 0x00, 0x00,
    0x00, 0x00, 0x00, 0x00, 0x00, 0x00, 0x00, 0x00, 0x00, 0x00, 0x00, 0x00, 0x00, 0x00, 0x00, 0x00,
    0x00, 0x00, 0x00, 0x00, 0x00, 0x00, 0x00, 0x00, 0x00, 0x00, 0x00, 0x00, 0x00, 0x00, 0x00, 0x00,
    0x00, 0x00, 0x00, 0x00, 0x00, 0x00, 0x00, 0x00, 0x00, 0x00, 0x00, 0x00, 0x00, 0x00, 0x00, 0x00,
    0x00, 0x00, 0x00, 0x00, 0x00, 0x00, 0x00, 0x00, 0x00, 0x00, 0x00, 0x00, 0x00, 0x00, 0x00, 0x00,
    0x00, 0x00, 0x00, 0x00, 0x00, 0x00, 0x00, 0x00, 0x00, 0x00, 0x00, 0x00, 0x00, 0x00, 0x00, 0x00,
    0x00, 0x00, 0x00, 0x00, 0x00, 0x00, 0x00, 0x00, 0x00, 0x00, 0x00, 0x00, 0x00, 0x00, 0x00, 0x00,
    0x00, 0x00, 0x00, 0x00, 0x00, 0x00, 0x00, 0x00, 0x00, 0x00, 0x00, 0x00, 0x00, 0x00, 0x00, 0x00,
    0x00, 0x00, 0x00, 0x00, 0x00, 0x00, 0x00, 0x00, 0x00, 0x00, 0x00, 0x00, 0x00, 0x00, 0x00, 0x00,
    0x00, 0x00, 0x00, 0x00, 0x00, 0x00, 0x00, 0x00, 0x00, 0x00, 0x00, 0x00, 0x00, 0x00, 0x00, 0x00,
    0x00, 0x00, 0x00, 0x00, 0x00, 0x00, 0x00, 0x00, 0x00, 0x00, 0x00, 0x00, 0x00, 0x00, 0x00, 0x00,
    0x00, 0x00, 0x00, 0x00, 0x00, 0x00, 0x00, 0x00, 0x00, 0x00, 0x00, 0x00, 0x00, 0x00, 0x00, 0x00,
    0x00, 0x00, 0x00, 0x00, 0x00, 0x00, 0x00, 0x00, 0x00, 0x00, 0x00, 0x00, 0x00, 0x00, 0x89, 0x11,
    0x0E, 0x02, 0x0E, 0x02, 0x0E, 0x02, 0xED, 0x01, 0x90, 0x0A, 0x55, 0x1B, 0x75, 0x1B, 0x75, 0x1B,
    0x75, 0x1B, 0x75, 0x1B, 0x75, 0x1B, 0x75, 0x1B, 0x75, 0x13, 0x75, 0x1B, 0x55, 0x1B, 0x75, 0x1B,
    0x75, 0x1B, 0x75, 0x1B, 0x75, 0x1B, 0x75, 0x13, 0x55, 0x1B, 0x2C, 0x22, 0x41, 0x08, 0x00, 0x00,
    0x00, 0x00, 0x00, 0x00, 0xA3, 0x08, 0xB0, 0x22, 0x76, 0x1B, 0x75, 0x1B, 0x75, 0x1B, 0x75, 0x1B,
    0x75, 0x1B, 0x75, 0x1B, 0x75, 0x1B, 0x75, 0x1B, 0x56, 0x13, 0x35, 0x1B, 0x0B, 0x1A, 0x41, 0x08,
    0x00, 0x00, 0x00, 0x00, 0x00, 0x00, 0x00, 0x00, 0x00, 0x00, 0x00, 0x00, 0x00, 0x00, 0x00, 0x00,
    0x00, 0x00, 0x00, 0x00, 0x00, 0x00, 0x00, 0x00, 0x00, 0x00, 0x00, 0x00, 0x00, 0x00, 0x00, 0x00,
    0x00, 0x00, 0x26, 0x11, 0x0E, 0x0A, 0x0E, 0x02, 0x0D, 0x0A, 0x0D, 0x12, 0x2D, 0x12, 0x0E, 0x0A,
    0xEE, 0x01, 0xED, 0x01, 0xED, 0x01, 0xEC, 0x09, 0xE5, 0x10, 0x00, 0x00, 0x00, 0x00, 0x00, 0x00,
    0x00, 0x00, 0x00, 0x00, 0x00, 0x00, 0x00, 0x00, 0x00, 0x00, 0x00, 0x00, 0x00, 0x00, 0x00, 0x00,
    0x00, 0x00, 0x00, 0x00, 0x00, 0x00, 0x00, 0x00, 0x00, 0x00, 0x00, 0x00, 0x00, 0x00, 0x00, 0x00,
    0x00, 0x00, 0x00, 0x00, 0x00, 0x00, 0x00, 0x00, 0x41, 0x08, 0xA9, 0x19, 0x0C, 0x22, 0x61, 0x08,
    0x00, 0x00, 0x00, 0x00, 0x00, 0x00, 0x00, 0x00, 0x05, 0x11, 0x12, 0x23, 0x55, 0x13, 0x75, 0x13,
    0x75, 0x1B, 0x75, 0x1B, 0x75, 0x13, 0x75, 0x13, 0x75, 0x13, 0x75, 0x13, 0x75, 0x13, 0x56, 0x13,
    0x33, 0x1B, 0x67, 0x19, 0xE4, 0x10, 0x0B, 0x1A, 0xD1, 0x1A, 0x55, 0x1B, 0x55, 0x13, 0x56, 0x13,
    0x75, 0x13, 0x76, 0x13, 0x34, 0x1B, 0x46, 0x19, 0x00, 0x00, 0x00, 0x00, 0x20, 0x00, 0xAA, 0x11,
    0xED, 0x01, 0x0E, 0x02, 0x0E, 0x02, 0x0E, 0x02, 0x89, 0x11, 0x20, 0x00, 0x00, 0x00, 0x00, 0x00,
    0x00, 0x00, 0x00, 0x00, 0x00, 0x00, 0x00, 0x00, 0x00, 0x00, 0x00, 0x00, 0x00, 0x00, 0x00, 0x00,
    0x00, 0x00, 0x00, 0x00, 0x00, 0x00, 0x00, 0x00, 0x00, 0x00, 0x00, 0x00, 0x00, 0x00, 0x00, 0x00,
    0x00, 0x00, 0x00, 0x00, 0x00, 0x00, 0x00, 0x00, 0x00, 0x00, 0x00, 0x00, 0x00, 0x00, 0x00, 0x00,
    0x00, 0x00, 0x00, 0x00, 0x00, 0x00, 0x00, 0x00, 0x00, 0x00, 0x00, 0x00, 0x00, 0x00, 0x00, 0x00,
    0x00, 0x00, 0x00, 0x00, 0x00, 0x00, 0x00, 0x00, 0x00, 0x00, 0x00, 0x00, 0x00, 0x00, 0x00, 0x00,
    0x00, 0x00, 0x00, 0x00, 0x00, 0x00, 0x00, 0x00, 0x00, 0x00, 0x00, 0x00, 0x00, 0x00, 0x00, 0x00,
    0x00, 0x00, 0x00, 0x00, 0x00, 0x00, 0x00, 0x00, 0x00, 0x00, 0x00, 0x00, 0x00, 0x00, 0x00, 0x00,
    0x00, 0x00, 0x00, 0x00, 0x00, 0x00, 0x00, 0x00, 0x00, 0x00, 0x00, 0x00, 0x00, 0x00, 0x00, 0x00,
    0x00, 0x00, 0x00, 0x00, 0x00, 0x00, 0x00, 0x00, 0x00, 0x00, 0x00, 0x00, 0x00, 0x00, 0x00, 0x00,
    0x00, 0x00, 0x00, 0x00, 0x00, 0x00, 0x00, 0x00, 0x00, 0x00, 0x00, 0x00, 0x00, 0x00, 0x00, 0x00,
    0x00, 0x00, 0x00, 0x00, 0x00, 0x00, 0x00, 0x00, 0x00, 0x00, 0x00, 0x00, 0x00, 0x00, 0x00, 0x00,
    0x00, 0x00, 0x00, 0x00, 0x00, 0x00, 0x00, 0x00, 0x00, 0x00, 0x00, 0x00, 0x00, 0x00, 0x00, 0x00,
    0x00, 0x00, 0x00, 0x00, 0x00, 0x00, 0x00, 0x00, 0x00, 0x00, 0x00, 0x00, 0x00, 0x00, 0x00, 0x00,
    0x00, 0x00, 0x00, 0x00, 0x00, 0x00, 0x00, 0x00, 0x00, 0x00, 0x00, 0x00, 0x00, 0x00, 0x00, 0x00,
    0x00, 0x00, 0x00, 0x00, 0x00, 0x00, 0x00, 0x00, 0x00, 0x00, 0x00, 0x00, 0x00, 0x00, 0x00, 0x00,
    0x00, 0x00, 0x00, 0x00, 0xA3, 0x08, 0x0D, 0x12, 0x0E, 0x02, 0x0E, 0x02, 0x0E, 0x02, 0x0E, 0x02,
    0x13, 0x13, 0x55, 0x1B, 0x55, 0x1B, 0x75, 0x1B, 0x75, 0x1B, 0x75, 0x1B, 0x75, 0x1B, 0x75, 0x1B,
    0x75, 0x1B, 0x75, 0x13, 0x75, 0x1B, 0x75, 0x1B, 0x75, 0x1B, 0x75, 0x1B, 0x55, 0x13, 0x55, 0x13,
    0xF0, 0x2A, 0x82, 0x10, 0x00, 0x00, 0x00, 0x00, 0x00, 0x00, 0x41, 0x08, 0x6E, 0x22, 0x55, 0x1B,
    0x75, 0x13, 0x75, 0x1B, 0x75, 0x1B, 0x75, 0x1B, 0x75, 0x1B, 0x75, 0x1B, 0x75, 0x1B, 0x76, 0x1B,
    0x54, 0x1B, 0xCA, 0x19, 0x20, 0x00, 0x00, 0x00, 0x00, 0x00, 0x00, 0x00, 0x00, 0x00, 0x00, 0x00,
    0x00, 0x00, 0x00, 0x00, 0x00, 0x00, 0x00, 0x00, 0x00, 0x00, 0x00, 0x00, 0x00, 0x00, 0x00, 0x00,
    0x00, 0x00, 0x00, 0x00, 0x00, 0x00, 0x00, 0x00, 0x00, 0x00, 0x00, 0x00, 0x06, 0x11, 0xCC, 0x09,
    0xED, 0x01, 0xEE, 0x01, 0x0E, 0x02, 0xCC, 0x11, 0x27, 0x11, 0x48, 0x11, 0xAB, 0x09, 0x0E, 0x02,
    0x0D, 0x0A, 0xE5, 0x08, 0x00, 0x00, 0x00, 0x00, 0x00, 0x00, 0x00, 0x00, 0x00, 0x00, 0x00, 0x00,
    0x00, 0x00, 0x00, 0x00, 0x00, 0x00, 0x00, 0x00, 0x00, 0x00, 0x00, 0x00, 0x00, 0x00, 0x00, 0x00,
    0x00, 0x00, 0x00, 0x00, 0x00, 0x00, 0x00, 0x00, 0x00, 0x00, 0x00, 0x00, 0x00, 0x00, 0x00, 0x00,
    0x00, 0x00, 0x00, 0x00, 0x00, 0x00, 0x00, 0x00, 0x00, 0x00, 0x00, 0x00, 0x00, 0x00, 0x05, 0x11,
    0xF2, 0x1A, 0x76, 0x13, 0x75, 0x1B, 0x75, 0x1B, 0x75, 0x1B, 0x75, 0x13, 0x55, 0x13, 0x75, 0x13,
    0x75, 0x13, 0x75, 0x1B, 0x76, 0x1B, 0x75, 0x13, 0x56, 0x13, 0x34, 0x23, 0x33, 0x1B, 0x55, 0x1B,
    0x55, 0x13, 0x55, 0x13, 0x55, 0x13, 0x55, 0x13, 0x55, 0x13, 0x75, 0x13, 0x76, 0x1B, 0xB0, 0x22,
    0x41, 0x08, 0x00, 0x00, 0x00, 0x00, 0xE5, 0x10, 0x0D, 0x0A, 0x0E, 0x02, 0x0E, 0x02, 0x0E, 0x02,
    0x0D, 0x0A, 0xC4, 0x08, 0x00, 0x00, 0x00, 0x00, 0x00, 0x00, 0x00, 0x00, 0x00, 0x00, 0x00, 0x00,
    0x00, 0x00, 0x00, 0x00, 0x00, 0x00, 0x00, 0x00, 0x00, 0x00, 0x00, 0x00, 0x00, 0x00, 0x00, 0x00,
    0x00, 0x00, 0x00, 0x00, 0x00, 0x00, 0x00, 0x00, 0x00, 0x00, 0x00, 0x00, 0x00, 0x00, 0x00, 0x00,
    0x00, 0x00, 0x00, 0x00, 0x00, 0x00, 0x00, 0x00, 0x00, 0x00, 0x00, 0x00, 0x00, 0x00, 0x00, 0x00,
    0x00, 0x00, 0x00, 0x00, 0x00, 0x00, 0x00, 0x00, 0x00, 0x00, 0x00, 0x00, 0x00, 0x00, 0x00, 0x00,
    0x00, 0x00, 0x00, 0x00, 0x00, 0x00, 0x00, 0x00, 0x00, 0x00, 0x00, 0x00, 0x00, 0x00, 0x00, 0x00,
    0x00, 0x00, 0x00, 0x00, 0x00, 0x00, 0x00, 0x00, 0x00, 0x00, 0x00, 0x00, 0x00, 0x00, 0x00, 0x00,
    0x00, 0x00, 0x00, 0x00, 0x00, 0x00, 0x00, 0x00, 0x00, 0x00, 0x00, 0x00, 0x00, 0x00, 0x00, 0x00,
    0x00, 0x00, 0x00, 0x00, 0x00, 0x00, 0x00, 0x00, 0x00, 0x00, 0x00, 0x00, 0x00, 0x00, 0x00, 0x00,
    0x00, 0x00, 0x00, 0x00, 0x00, 0x00, 0x00, 0x00, 0x00, 0x00, 0x00, 0x00, 0x00, 0x00, 0x00, 0x00,
    0x00, 0x00, 0x00, 0x00, 0x00, 0x00, 0x00, 0x00, 0x00, 0x00, 0x00, 0x00, 0x00, 0x00, 0x00, 0x00,
    0x00, 0x00, 0x00, 0x00, 0x00, 0x00, 0x00, 0x00, 0x00, 0x00, 0x00, 0x00, 0x00, 0x00, 0x00, 0x00,
    0x00, 0x00, 0x00, 0x00, 0x00, 0x00, 0x00, 0x00, 0x00, 0x00, 0x00, 0x00, 0x00, 0x00, 0x00, 0x00,
    0x00, 0x00, 0x00, 0x00, 0x00, 0x00, 0x00, 0x00, 0x00, 0x00, 0x00, 0x00, 0x00, 0x00, 0x00, 0x00,
    0x00, 0x00, 0x00, 0x00, 0x00, 0x00, 0x00, 0x00, 0x00, 0x00, 0x00, 0x00, 0x00, 0x00, 0x00, 0x00,
    0x00, 0x00, 0x00, 0x00, 0x00, 0x00, 0x00, 0x00, 0x00, 0x00, 0x00, 0x00, 0x47, 0x11, 0x0E, 0x0A,
    0x0E, 0x02, 0x0E, 0x02, 0x0E, 0x02, 0x70, 0x0A, 0x55, 0x1B, 0x55, 0x1B, 0x55, 0x1B, 0x75, 0x1B,
    0x75, 0x1B, 0x75, 0x1B, 0x75, 0x1B, 0x75, 0x1B, 0x75, 0x1B, 0x75, 0x1B, 0x75, 0x1B, 0x75, 0x1B,
    0x75, 0x1B, 0x75, 0x1B, 0x56, 0x13, 0x74, 0x2B, 0xA7, 0x29, 0x20, 0x00, 0x00, 0x00, 0x00, 0x00,
    0x20, 0x00, 0xEA, 0x19, 0x55, 0x1B, 0x55, 0x13, 0x55, 0x13, 0x75, 0x1B, 0x75, 0x1B, 0x75, 0x1B,
    0x75, 0x1B, 0x75, 0x1B, 0x76, 0x1B, 0x54, 0x23, 0xA9, 0x19, 0x00, 0x00, 0x00, 0x00, 0x00, 0x00,
    0x00, 0x00, 0x00, 0x00, 0x00, 0x00, 0x00, 0x00, 0x00, 0x00, 0x00, 0x00, 0x00, 0x00, 0x00, 0x00,
    0x41, 0x00, 0xA3, 0x08, 0x83, 0x08, 0x82, 0x08, 0xA3, 0x08, 0xA3, 0x10, 0xA3, 0x10, 0x82, 0x08,
    0x82, 0x08, 0x82, 0x08, 0x82, 0x08, 0x67, 0x19, 0x0E, 0x0A, 0x0E, 0x02, 0x0D, 0x0A, 0x88, 0x19,
    0x62, 0x08, 0x82, 0x08, 0xE4, 0x10, 0xEA, 0x19, 0x0E, 0x0A, 0xEC, 0x09, 0x05, 0x11, 0x82, 0x08,
    0x82, 0x08, 0x82, 0x08, 0x82, 0x08, 0x82, 0x08, 0x83, 0x08, 0x83, 0x08, 0x83, 0x08, 0xA3, 0x08,
    0xA3, 0x08, 0xA3, 0x08, 0xA3, 0x08, 0x41, 0x08, 0x00, 0x00, 0x00, 0x00, 0x00, 0x00, 0x00, 0x00,
    0x00, 0x00, 0x00, 0x00, 0x00, 0x00, 0x00, 0x00, 0x00, 0x00, 0x00, 0x00, 0x00, 0x00, 0x00, 0x00,
    0x00, 0x00, 0x00, 0x00, 0x05, 0x11, 0xF2, 0x22, 0x55, 0x1B, 0x75, 0x1B, 0x75, 0x1B, 0x75, 0x1B,
    0x75, 0x13, 0x55, 0x13, 0x75, 0x13, 0x75, 0x1B, 0x75, 0x13, 0x75, 0x13, 0x56, 0x13, 0x56, 0x13,
    0x55, 0x13, 0x56, 0x13, 0x56, 0x13, 0x55, 0x13, 0x55, 0x13, 0x55, 0x13, 0x55, 0x13, 0x55, 0x13,
    0x55, 0x13, 0x55, 0x13, 0x56, 0x13, 0x34, 0x1B, 0xC4, 0x08, 0x00, 0x00, 0x00, 0x00, 0x20, 0x00,
    0xAA, 0x11, 0x0E, 0x02, 0x0E, 0x02, 0x0E, 0x02, 0x0E, 0x02, 0x89, 0x11, 0x00, 0x00, 0x00, 0x00,
    0x00, 0x00, 0x00, 0x00, 0x00, 0x00, 0x00, 0x00, 0x00, 0x00, 0x00, 0x00, 0x00, 0x00, 0x00, 0x00,
    0x00, 0x00, 0x00, 0x00, 0x00, 0x00, 0x00, 0x00, 0x00, 0x00, 0x00, 0x00, 0x00, 0x00, 0x00, 0x00,
    0x00, 0x00, 0x00, 0x00, 0x00, 0x00, 0x00, 0x00, 0x00, 0x00, 0x00, 0x00, 0x00, 0x00, 0x00, 0x00,
    0x00, 0x00, 0x00, 0x00, 0x00, 0x00, 0x00, 0x00, 0x00, 0x00, 0x00, 0x00, 0x00, 0x00, 0x00, 0x00,
    0x00, 0x00, 0x00, 0x00, 0x00, 0x00, 0x00, 0x00, 0x00, 0x00, 0x00, 0x00, 0x00, 0x00, 0x00, 0x00,
    0x00, 0x00, 0x00, 0x00, 0x00, 0x00, 0x00, 0x00, 0x00, 0x00, 0x00, 0x00, 0x00, 0x00, 0x00, 0x00,
    0x00, 0x00, 0x00, 0x00, 0x00, 0x00, 0x00, 0x00, 0x00, 0x00, 0x00, 0x00, 0x00, 0x00, 0x00, 0x00,
    0x00, 0x00, 0x00, 0x00, 0x00, 0x00, 0x00, 0x00, 0x00, 0x00, 0x00, 0x00, 0x00, 0x00, 0x00, 0x00,
    0x00, 0x00, 0x00, 0x00, 0x00, 0x00, 0x00, 0x00, 0x00, 0x00, 0x00, 0x00, 0x00, 0x00, 0x00, 0x00,
    0x00, 0x00, 0x00, 0x00, 0x00, 0x00, 0x00, 0x00, 0x00, 0x00, 0x00, 0x00, 0x00, 0x00, 0x00, 0x00,
    0x00, 0x00, 0x00, 0x00, 0x00, 0x00, 0x00, 0x00, 0x00, 0x00, 0x00, 0x00, 0x00, 0x00, 0x00, 0x00,
    0x00, 0x00, 0x00, 0x00, 0x00, 0x00, 0x00, 0x00, 0x00, 0x00, 0x00, 0x00, 0x00, 0x00, 0x00, 0x00,
    0x00, 0x00, 0x00, 0x00, 0x00, 0x00, 0x00, 0x00, 0x00, 0x00, 0x00, 0x00, 0x00, 0x00, 0x00, 0x00,
    0x00, 0x00, 0x00, 0x00, 0x00, 0x00, 0x00, 0x00, 0x00, 0x00, 0x00, 0x00, 0x00, 0x00, 0x00, 0x00,
    0x00, 0x00, 0x00, 0x00, 0x00, 0x00, 0x00, 0x00, 0x00, 0x00, 0x00, 0x00, 0x00, 0x00, 0x00, 0x00,
    0x00, 0x00, 0x82, 0x08, 0xEC, 0x11, 0xEE, 0x01, 0x0E, 0x02, 0x0E, 0x02, 0x0E, 0x02, 0xF3, 0x12,
    0x76, 0x1B, 0x55, 0x1B, 0x55, 0x1B, 0x55, 0x1B, 0x55, 0x1B, 0x55, 0x1B, 0x75, 0x1B, 0x55, 0x1B,
    0x55, 0x1B, 0x75, 0x1B, 0x75, 0x1B, 0x75, 0x1B, 0x75, 0x1B, 0x76, 0x1B, 0x55, 0x1B, 0x8C, 0x32,
    0x61, 0x08, 0x20, 0x00, 0x20, 0x00, 0x00, 0x00, 0x67, 0x19, 0x34, 0x1B, 0x55, 0x1B, 0x55, 0x1B,
    0x55, 0x1B, 0x55, 0x1B, 0x55, 0x13, 0x55, 0x1B, 0x55, 0x13, 0x55, 0x13, 0x34, 0x1B, 0xA8, 0x19,
    0x00, 0x00, 0x00, 0x00, 0x00, 0x00, 0x00, 0x00, 0x00, 0x00, 0x00, 0x00, 0x00, 0x00, 0x00, 0x00,
    0x00, 0x00, 0x00, 0x00, 0x00, 0x00, 0x62, 0x08, 0xAA, 0x11, 0x0D, 0x12, 0xED, 0x09, 0xED, 0x09,
    0x0D, 0x12, 0x0D, 0x12, 0x0D, 0x12, 0x0D, 0x0A, 0xEC, 0x09, 0xEC, 0x09, 0xCC, 0x09, 0x0D, 0x0A,
    0x2E, 0x0A, 0x0E, 0x02, 0x0E, 0x02, 0x0D, 0x0A, 0xED, 0x09, 0xED, 0x09, 0x0D, 0x0A, 0x0E, 0x12,
    0x0E, 0x0A, 0xEE, 0x01, 0xED, 0x09, 0xEC, 0x09, 0xEC, 0x09, 0xEC, 0x09, 0x0D, 0x0A, 0x0D, 0x0A,
    0x0D, 0x0A, 0x0D, 0x0A, 0x0D, 0x0A, 0x0D, 0x0A, 0x0D, 0x12, 0x0D, 0x12, 0x0D, 0x0A, 0xCB, 0x19,
    0x82, 0x08, 0x00, 0x00, 0x00, 0x00, 0x00, 0x00, 0x00, 0x00, 0x00, 0x00, 0x00, 0x00, 0x00, 0x00,
    0x00, 0x00, 0x00, 0x00, 0x00, 0x00, 0x00, 0x00, 0x00, 0x00, 0x05, 0x11, 0xF1, 0x22, 0x76, 0x1B,
    0x75, 0x1B, 0x75, 0x1B, 0x75, 0x1B, 0x75, 0x13, 0x75, 0x13, 0x55, 0x13, 0x55, 0x13, 0x55, 0x13,
    0x55, 0x13, 0x55, 0x1B, 0x54, 0x23, 0x54, 0x23, 0x55, 0x1B, 0x55, 0x13, 0x55, 0x13, 0x55, 0x13,
    0x55, 0x13, 0x55, 0x13, 0x55, 0x13, 0x55, 0x13, 0x55, 0x13, 0x55, 0x13, 0x34, 0x1B, 0xEB, 0x19,
    0x41, 0x00, 0x00, 0x00, 0x00, 0x00, 0x00, 0x00, 0x26, 0x11, 0xED, 0x09, 0xEE, 0x01, 0xEE, 0x01,
    0xED, 0x01, 0xEC, 0x11, 0xA3, 0x08, 0x00, 0x00, 0x00, 0x00, 0x00, 0x00, 0x00, 0x00, 0x00, 0x00,
    0x00, 0x00, 0x00, 0x00, 0x00, 0x00, 0x00, 0x00, 0x00, 0x00, 0x00, 0x00, 0x00, 0x00, 0x00, 0x00,
    0x00, 0x00, 0x00, 0x00, 0x00, 0x00, 0x00, 0x00, 0x00, 0x00, 0x00, 0x00, 0x00, 0x00, 0x00, 0x00,
    0x00, 0x00, 0x00, 0x00, 0x00, 0x00, 0x00, 0x00, 0x00, 0x00, 0x00, 0x00, 0x00, 0x00, 0x00, 0x00,
    0x00, 0x00, 0x00, 0x00, 0x00, 0x00, 0x00, 0x00, 0x00, 0x00, 0x00, 0x00, 0x00, 0x00, 0x00, 0x00,
    0x00, 0x00, 0x00, 0x00, 0x00, 0x00, 0x00, 0x00, 0x00, 0x00, 0x00, 0x00, 0x00, 0x00, 0x00, 0x00,
    0x00, 0x00, 0x00, 0x00, 0x00, 0x00, 0x00, 0x00, 0x00, 0x00, 0x00, 0x00, 0x00, 0x00, 0x00, 0x00,
    0x00, 0x00, 0x00, 0x00, 0x00, 0x00, 0x00, 0x00, 0x00, 0x00, 0x00, 0x00, 0x00, 0x00, 0x00, 0x00,
    0x00, 0x00, 0x00, 0x00, 0x00, 0x00, 0x00, 0x00, 0x00, 0x00, 0x00, 0x00, 0x00, 0x00, 0x00, 0x00,
    0x00, 0x00, 0x00, 0x00, 0x00, 0x00, 0x00, 0x00, 0x00, 0x00, 0x00, 0x00, 0x00, 0x00, 0x00, 0x00,
    0x00, 0x00, 0x00, 0x00, 0x00, 0x00, 0x00, 0x00, 0x00, 0x00, 0x00, 0x00, 0x00, 0x00, 0x00, 0x00,
    0x00, 0x00, 0x00, 0x00, 0x00, 0x00, 0x00, 0x00, 0x00, 0x00, 0x00, 0x00, 0x00, 0x00, 0x00, 0x00,
    0x00, 0x00, 0x00, 0x00, 0x00, 0x00, 0x00, 0x00, 0x00, 0x00, 0x00, 0x00, 0x00, 0x00, 0x00, 0x00,
    0x00, 0x00, 0x00, 0x00, 0x00, 0x00, 0x00, 0x00, 0x00, 0x00, 0x00, 0x00, 0x00, 0x00, 0x00, 0x00,
    0x00, 0x00, 0x00, 0x00, 0x00, 0x00, 0x00, 0x00, 0x00, 0x00, 0x00, 0x00, 0x00, 0x00, 0x00, 0x00,
    0x00, 0x00, 0x00, 0x00, 0x00, 0x00, 0x00, 0x00, 0x00, 0x00, 0xC4, 0x10, 0xED, 0x09, 0xEE, 0x01,
    0x0E, 0x02, 0x0E, 0x02, 0x0E, 0x02, 0x50, 0x0A, 0x14, 0x13, 0x76, 0x1B, 0x75, 0x1B, 0x55, 0x1B,
    0x55, 0x1B, 0x55, 0x1B, 0x55, 0x1B, 0x55, 0x1B, 0x55, 0x1B, 0x55, 0x1B, 0x75, 0x1B, 0x75, 0x1B,
    0x76, 0x1B, 0x76, 0x1B, 0xF1, 0x2A, 0xA3, 0x10, 0x20, 0x00, 0x20, 0x00, 0x00, 0x00, 0xA3, 0x10,
    0xD1, 0x1A, 0x55, 0x13, 0x55, 0x1B, 0x55, 0x1B, 0x55, 0x1B, 0x55, 0x1B, 0x55, 0x13, 0x55, 0x13,
    0x55, 0x13, 0x34, 0x1B, 0x88, 0x19, 0x00, 0x00, 0x00, 0x00, 0x00, 0x00, 0x00, 0x00, 0x00, 0x00,
    0x00, 0x00, 0x00, 0x00, 0x00, 0x00, 0x00, 0x00, 0x00, 0x00, 0x00, 0x00, 0x00, 0x00, 0x26, 0x11,
    0x0E, 0x0A, 0x0E, 0x02, 0x0E, 0x02, 0x0E, 0x02, 0x0E, 0x02, 0x0E, 0x02, 0x0E, 0x02, 0xEE, 0x01,
    0xEE, 0x01, 0xED, 0x01, 0x0E, 0x02, 0x0E, 0x02, 0x0E, 0x02, 0x0E, 0x02, 0x0E, 0x02, 0x0E, 0x02,
    0x0E, 0x02, 0x0E, 0x02, 0x0E, 0x02, 0x0E, 0x02, 0x0E, 0x02, 0x0E, 0x02, 0x0E, 0x02, 0x0E, 0x02,
    0x0E, 0x02, 0x0E, 0x02, 0x0E, 0x02, 0x0E, 0x02, 0x0E, 0x02, 0x0E, 0x02, 0x0E, 0x02, 0x0E, 0x02,
    0x0E, 0x02, 0x0E, 0x02, 0xEE, 0x01, 0xED, 0x09, 0xE5, 0x08, 0x00, 0x00, 0x00, 0x00, 0x00, 0x00,
    0x00, 0x00, 0x00, 0x00, 0x00, 0x00, 0x00, 0x00, 0x00, 0x00, 0x00, 0x00, 0x00, 0x00, 0x00, 0x00,
    0x00, 0x00, 0x26, 0x11, 0x13, 0x1B, 0x76, 0x1B, 0x75, 0x1B, 0x75, 0x1B, 0x75, 0x1B, 0x75, 0x13,
    0x55, 0x13, 0x55, 0x13, 0x55, 0x13, 0x55, 0x13, 0x55, 0x13, 0x73, 0x3B, 0x8B, 0x42, 0xE8, 0x31,
    0xEF, 0x3A, 0x55, 0x1B, 0x55, 0x13, 0x55, 0x13, 0x55, 0x13, 0x55, 0x13, 0x55, 0x13, 0x55, 0x13,
    0x55, 0x13, 0x13, 0x1B, 0x88, 0x19, 0x20, 0x00, 0x00, 0x00, 0x00, 0x00, 0x00, 0x00, 0x05, 0x11,
    0xEC, 0x11, 0x0E, 0x02, 0xEE, 0x01, 0xED, 0x01, 0xED, 0x01, 0xED, 0x09, 0xE5, 0x10, 0x00, 0x00,
    0x00, 0x00, 0x00, 0x00, 0x00, 0x00, 0x00, 0x00, 0x00, 0x00, 0x00, 0x00, 0x00, 0x00, 0x00, 0x00,
    0x00, 0x00, 0x00, 0x00, 0x00, 0x00, 0x00, 0x00, 0x00, 0x00, 0x00, 0x00, 0x00, 0x00, 0x00, 0x00,
    0x00, 0x00, 0x00, 0x00, 0x00, 0x00, 0x00, 0x00, 0x00, 0x00, 0x00, 0x00, 0x00, 0x00, 0x00, 0x00,
    0x00, 0x00, 0x00, 0x00, 0x00, 0x00, 0x00, 0x00, 0x00, 0x00, 0x00, 0x00, 0x00, 0x00, 0x00, 0x00,
    0x00, 0x00, 0x00, 0x00, 0x00, 0x00, 0x00, 0x00, 0x00, 0x00, 0x00, 0x00, 0x00, 0x00, 0x00, 0x00,
    0x00, 0x00, 0x00, 0x00, 0x00, 0x00, 0x00, 0x00, 0x00, 0x00, 0x00, 0x00, 0x00, 0x00, 0x00, 0x00,
    0x00, 0x00, 0x00, 0x00, 0x00, 0x00, 0x00, 0x00, 0x00, 0x00, 0x00, 0x00, 0x00, 0x00, 0x00, 0x00,
    0x00, 0x00, 0x00, 0x00, 0x00, 0x00, 0x00, 0x00, 0x00, 0x00, 0x00, 0x00, 0x00, 0x00, 0x00, 0x00,
    0x00, 0x00, 0x00, 0x00, 0x00, 0x00, 0x00, 0x00, 0x00, 0x00, 0x00, 0x00, 0x00, 0x00, 0x00, 0x00,
    0x00, 0x00, 0x00, 0x00, 0x00, 0x00, 0x00, 0x00, 0x00, 0x00, 0x00, 0x00, 0x00, 0x00, 0x00, 0x00,
    0x00, 0x00, 0x00, 0x00, 0x00, 0x00, 0x00, 0x00, 0x00, 0x00, 0x00, 0x00, 0x00, 0x00, 0x00, 0x00,
    0x00, 0x00, 0x00, 0x00, 0x00, 0x00, 0x00, 0x00, 0x00, 0x00, 0x00, 0x00, 0x00, 0x00, 0x00, 0x00,
    0x00, 0x00, 0x00, 0x00, 0x00, 0x00, 0x00, 0x00, 0x00, 0x00, 0x00, 0x00, 0x00, 0x00, 0x00, 0x00,
    0x00, 0x00, 0x00, 0x00, 0x00, 0x00, 0x00, 0x00, 0x00, 0x00, 0x00, 0x00, 0x00, 0x00, 0x00, 0x00,
    0x00, 0x00, 0x00, 0x00, 0x00, 0x00, 0x00, 0x00, 0x00, 0x00, 0x00, 0x00, 0x00, 0x00, 0x00, 0x00,
    0x00, 0x00, 0x41, 0x00, 0x89, 0x11, 0x0E, 0x0A, 0x0E, 0x02, 0x0E, 0x02, 0x0E, 0x02, 0x0E, 0x02,
    0x2F, 0x0A, 0xF3, 0x12, 0x75, 0x1B, 0x75, 0x1B, 0x75, 0x1B, 0x55, 0x1B, 0x55, 0x1B, 0x55, 0x1B,
    0x55, 0x1B, 0x55, 0x1B, 0x75, 0x1B, 0x75, 0x1B, 0x76, 0x1B, 0x55, 0x23, 0xC8, 0x29, 0x00, 0x00,
    0x20, 0x00, 0x20, 0x00, 0x41, 0x08, 0x4D, 0x22, 0x55, 0x1B, 0x55, 0x13, 0x55, 0x1B, 0x55, 0x1B,
    0x55, 0x1B, 0x55, 0x1B, 0x55, 0x13, 0x55, 0x13, 0x55, 0x13, 0xD1, 0x22, 0x62, 0x08, 0x00, 0x00,
    0x00, 0x00, 0x00, 0x00, 0x00, 0x00, 0x00, 0x00, 0x00, 0x00, 0x00, 0x00, 0x00, 0x00, 0x00, 0x00,
    0x00, 0x00, 0x00, 0x00, 0x00, 0x00, 0x05, 0x11, 0x0E, 0x0A, 0x0E, 0x02, 0x0E, 0x02, 0x0E, 0x02,
    0x0E, 0x02, 0x0E, 0x02, 0xEE, 0x01, 0xED, 0x01, 0xED, 0x01, 0xED, 0x01, 0xEE, 0x01, 0x0E, 0x02,
    0x0E, 0x02, 0x0E, 0x02, 0x0E, 0x02, 0x0E, 0x02, 0x0E, 0x02, 0x0E, 0x02, 0x0E, 0x02, 0x0E, 0x02,
    0x0E, 0x02, 0x0E, 0x02, 0x0E, 0x02, 0x0E, 0x02, 0x0E, 0x02, 0x0E, 0x02, 0x0E, 0x02, 0x0E, 0x02,
    0x0E, 0x02, 0x0E, 0x02, 0x0E, 0x02, 0x0E, 0x02, 0x0E, 0x02, 0x0E, 0x02, 0x0E, 0x02, 0x0E, 0x0A,
    0xC4, 0x08, 0x00, 0x00, 0x00, 0x00, 0x00, 0x00, 0x00, 0x00, 0x00, 0x00, 0x00, 0x00, 0x00, 0x00,
    0x00, 0x00, 0x00, 0x00, 0x00, 0x00, 0x00, 0x00, 0x00, 0x00, 0x00, 0x00, 0xAA, 0x19, 0x55, 0x1B,
    0x75, 0x1B, 0x75, 0x1B, 0x55, 0x13, 0x55, 0x13, 0x55, 0x13, 0x55, 0x13, 0x55, 0x13, 0x55, 0x13,
    0x55, 0x1B, 0x2F, 0x4B, 0xC7, 0x39, 0x24, 0x21, 0x86, 0x29, 0x52, 0x33, 0x56, 0x13, 0x75, 0x13,
    0x75, 0x13, 0x55, 0x13, 0x55, 0x13, 0x76, 0x1B, 0xF2, 0x22, 0x47, 0x19, 0x00, 0x00, 0x00, 0x00,
    0x00, 0x00, 0x20, 0x00, 0x26, 0x11, 0x0D, 0x12, 0x0E, 0x02, 0x0E, 0x02, 0x0E, 0x02, 0x0E, 0x02,
    0xED, 0x09, 0x68, 0x09, 0x41, 0x00, 0x00, 0x00, 0x00, 0x00, 0x00, 0x00, 0x00, 0x00, 0x00, 0x00,
    0x00, 0x00, 0x00, 0x00, 0x00, 0x00, 0x00, 0x00, 0x00, 0x00, 0x00, 0x00, 0x00, 0x00, 0x00, 0x00,
    0x00, 0x00, 0x00, 0x00, 0x00, 0x00, 0x00, 0x00, 0x00, 0x00, 0x00, 0x00, 0x00, 0x00, 0x00, 0x00,
    0x00, 0x00, 0x00, 0x00, 0x00, 0x00, 0x00, 0x00, 0x00, 0x00, 0x00, 0x00, 0x00, 0x00, 0x00, 0x00,
    0x00, 0x00, 0x00, 0x00, 0x00, 0x00, 0x00, 0x00, 0x00, 0x00, 0x00, 0x00, 0x00, 0x00, 0x00, 0x00,
    0x00, 0x00, 0x00, 0x00, 0x00, 0x00, 0x00, 0x00, 0x00, 0x00, 0x00, 0x00, 0x00, 0x00, 0x00, 0x00,
    0x00, 0x00, 0x00, 0x00, 0x00, 0x00, 0x00, 0x00, 0x00, 0x00, 0x00, 0x00, 0x00, 0x00, 0x00, 0x00,
    0x00, 0x00, 0x00, 0x00, 0x00, 0x00, 0x00, 0x00, 0x00, 0x00, 0x00, 0x00, 0x00, 0x00, 0x00, 0x00,
    0x00, 0x00, 0x00, 0x00, 0x00, 0x00, 0x00, 0x00, 0x00, 0x00, 0x00, 0x00, 0x00, 0x00, 0x00, 0x00,
    0x00, 0x00, 0x00, 0x00, 0x00, 0x00, 0x00, 0x00, 0x00, 0x00, 0x00, 0x00, 0x00, 0x00, 0x00, 0x00,
    0x00, 0x00, 0x00, 0x00, 0x00, 0x00, 0x00, 0x00, 0x00, 0x00, 0x00, 0x00, 0x00, 0x00, 0x00, 0x00,
    0x00, 0x00, 0x00, 0x00, 0x00, 0x00, 0x00, 0x00, 0x00, 0x00, 0x00, 0x00, 0x00, 0x00, 0x00, 0x00,
    0x00, 0x00, 0x00, 0x00, 0x00, 0x00, 0x00, 0x00, 0x00, 0x00, 0x00, 0x00, 0x00, 0x00, 0x00, 0x00,
    0x00, 0x00, 0x00, 0x00, 0x00, 0x00, 0x00, 0x00, 0x00, 0x00, 0x00, 0x00, 0x00, 0x00, 0x00, 0x00,
    0x00, 0x00, 0x00, 0x00, 0x00, 0x00, 0x00, 0x00, 0x00, 0x00, 0x00, 0x00, 0x00, 0x00, 0x00, 0x00,
    0x00, 0x00, 0x00, 0x00, 0x00, 0x00, 0x00, 0x00, 0x00, 0x00, 0x00, 0x00, 0x21, 0x00, 0x47, 0x11,
    0x0D, 0x0A, 0x0E, 0x02, 0x0E, 0x02, 0x0E, 0x02, 0xEE, 0x01, 0x0E, 0x02, 0xB2, 0x0A, 0x55, 0x1B,
    0x75, 0x1B, 0x75, 0x1B, 0x55, 0x1B, 0x55, 0x1B, 0x55, 0x13, 0x55, 0x1B, 0x55, 0x13, 0x55, 0x13,
    0x76, 0x1B, 0xCF, 0x32, 0x82, 0x10, 0x20, 0x00, 0x20, 0x00, 0x20, 0x00, 0xA8, 0x21, 0x34, 0x1B,
    0x55, 0x13, 0x55, 0x13, 0x55, 0x1B, 0x55, 0x1B, 0x55, 0x1B, 0x55, 0x1B, 0x55, 0x13, 0x55, 0x13,
    0x55, 0x13, 0x34, 0x1B, 0x88, 0x19, 0x00, 0x00, 0x00, 0x00, 0x00, 0x00, 0x00, 0x00, 0x82, 0x08,
    0x62, 0x08, 0x00, 0x00, 0x00, 0x00, 0x00, 0x00, 0x00, 0x00, 0x00, 0x00, 0x00, 0x00, 0x20, 0x00,
    0xA9, 0x19, 0x2E, 0x0A, 0x0E, 0x02, 0x0E, 0x02, 0xCF, 0x2A, 0x30, 0x4B, 0x0E, 0x43, 0xEE, 0x42,
    0xEE, 0x42, 0xCE, 0x42, 0xCE, 0x42, 0x6E, 0x1A, 0xEE, 0x01, 0x0E, 0x02, 0x0E, 0x02, 0x0E, 0x02,
    0x0E, 0x02, 0x0E, 0x02, 0x0E, 0x02, 0x0E, 0x02, 0x0E, 0x02, 0x0E, 0x02, 0x0E, 0x02, 0x0E, 0x02,
    0x0E, 0x02, 0x0E, 0x02, 0x0E, 0x02, 0x0E, 0x02, 0x0E, 0x02, 0x0E, 0x02, 0x0E, 0x02, 0x0E, 0x02,
    0x0E, 0x02, 0x0E, 0x02, 0x2E, 0x0A, 0xA9, 0x19, 0x20, 0x00, 0x00, 0x00, 0x00, 0x00, 0x00, 0x00,
    0x00, 0x00, 0x00, 0x00, 0x00, 0x00, 0x61, 0x08, 0x62, 0x08, 0x00, 0x00, 0x00, 0x00, 0x00, 0x00,
    0x00, 0x00, 0x20, 0x00, 0x0C, 0x1A, 0x55, 0x1B, 0x55, 0x1B, 0x55, 0x1B, 0x55, 0x13, 0x55, 0x13,
    0x55, 0x13, 0x55, 0x13, 0x55, 0x13, 0x55, 0x13, 0x55, 0x1B, 0x70, 0x4B, 0xE7, 0x39, 0x25, 0x21,
    0x24, 0x21, 0xCC, 0x42, 0x55, 0x1B, 0x76, 0x13, 0x75, 0x1B, 0x76, 0x13, 0x76, 0x1B, 0xB0, 0x22,
    0x05, 0x11, 0x00, 0x00, 0x00, 0x00, 0x00, 0x00, 0x41, 0x08, 0x68, 0x11, 0xED, 0x09, 0xEE, 0x01,
    0x0E, 0x02, 0x0E, 0x02, 0x0E, 0x02, 0x0E, 0x0A, 0x27, 0x11, 0x20, 0x00, 0x00, 0x00, 0x00, 0x00,
    0x00, 0x00, 0x00, 0x00, 0x00, 0x00, 0x00, 0x00, 0x00, 0x00, 0x00, 0x00, 0x00, 0x00, 0x00, 0x00,
    0x00, 0x00, 0x00, 0x00, 0x00, 0x00, 0x00, 0x00, 0x00, 0x00, 0x00, 0x00, 0x00, 0x00, 0x00, 0x00,
    0x00, 0x00, 0x00, 0x00, 0x00, 0x00, 0x00, 0x00, 0x00, 0x00, 0x00, 0x00, 0x00, 0x00, 0x00, 0x00,
    0x00, 0x00, 0x00, 0x00, 0x00, 0x00, 0x00, 0x00, 0x00, 0x00, 0x00, 0x00, 0x00, 0x00, 0x00, 0x00,
    0x00, 0x00, 0x00, 0x00, 0x00, 0x00, 0x00, 0x00, 0x00, 0x00, 0x00, 0x00, 0x00, 0x00, 0x00, 0x00,
    0x00, 0x00, 0x00, 0x00, 0x00, 0x00, 0x00, 0x00, 0x00, 0x00, 0x00, 0x00, 0x00, 0x00, 0x00, 0x00,
    0x00, 0x00, 0x00, 0x00, 0x00, 0x00, 0x00, 0x00, 0x00, 0x00, 0x00, 0x00, 0x00, 0x00, 0x00, 0x00,
    0x00, 0x00, 0x00, 0x00, 0x00, 0x00, 0x00, 0x00, 0x00, 0x00, 0x00, 0x00, 0x00, 0x00, 0x00, 0x00,
    0x00, 0x00, 0x00, 0x00, 0x00, 0x00, 0x00, 0x00, 0x00, 0x00, 0x00, 0x00, 0x00, 0x00, 0x00, 0x00,
    0x00, 0x00, 0x00, 0x00, 0x00, 0x00, 0x00, 0x00, 0x00, 0x00, 0x00, 0x00, 0x00, 0x00, 0x00, 0x00,
    0x00, 0x00, 0x00, 0x00, 0x00, 0x00, 0x00, 0x00, 0x00, 0x00, 0x00, 0x00, 0x00, 0x00, 0x00, 0x00,
    0x00, 0x00, 0x00, 0x00, 0x00, 0x00, 0x00, 0x00, 0x00, 0x00, 0x00, 0x00, 0x00, 0x00, 0x00, 0x00,
    0x00, 0x00, 0x00, 0x00, 0x00, 0x00, 0x00, 0x00, 0x00, 0x00, 0x00, 0x00, 0x00, 0x00, 0x00, 0x00,
    0x00, 0x00, 0x00, 0x00, 0x00, 0x00, 0x00, 0x00, 0x00, 0x00, 0x00, 0x00, 0x00, 0x00, 0x00, 0x00,
    0x00, 0x00, 0x00, 0x00, 0x00, 0x00, 0x00, 0x00, 0x00, 0x00, 0x00, 0x00, 0x00, 0x00, 0x00, 0x00,
    0x00, 0x00, 0x00, 0x00, 0x00, 0x00, 0x00, 0x00, 0xE5, 0x08, 0xCB, 0x09, 0xED, 0x01, 0xED, 0x01,
    0xEE, 0x01, 0x0E, 0x02, 0x0E, 0x02, 0x91, 0x0A, 0x55, 0x13, 0x76, 0x1B, 0x75, 0x1B, 0x75, 0x1B,
    0x55, 0x1B, 0x55, 0x1B, 0x55, 0x1B, 0x55, 0x13, 0x33, 0x23, 0xC8, 0x29, 0x20, 0x00, 0x20, 0x00,
    0x00, 0x00, 0xE4, 0x18, 0x32, 0x2B, 0x55, 0x1B, 0x55, 0x1B, 0x55, 0x1B, 0x55, 0x13, 0x55, 0x13,
    0x55, 0x1B, 0x55, 0x1B, 0x55, 0x1B, 0x55, 0x1B, 0x55, 0x13, 0x55, 0x13, 0xD1, 0x22, 0xA3, 0x10,
    0x00, 0x00, 0x00, 0x00, 0x61, 0x08, 0x0A, 0x22, 0x46, 0x19, 0x00, 0x00, 0x00, 0x00, 0x00, 0x00,
    0x00, 0x00, 0x00, 0x00, 0x00, 0x00, 0x00, 0x00, 0x89, 0x19, 0x0E, 0x02, 0x0E, 0x02, 0x0E, 0x02,
    0x91, 0x53, 0x71, 0x8C, 0x10, 0x84, 0x10, 0x84, 0x10, 0x84, 0xAE, 0x73, 0x8E, 0x6B, 0x8E, 0x22,
    0xEE, 0x01, 0x0E, 0x02, 0x0E, 0x02, 0x0E, 0x02, 0x0E, 0x02, 0x0E, 0x02, 0x0E, 0x02, 0x0E, 0x02,
    0x0E, 0x02, 0x0E, 0x02, 0x0E, 0x02, 0x0E, 0x02, 0x0E, 0x02, 0x0E, 0x02, 0x0E, 0x02, 0x0E, 0x02,
    0x0E, 0x02, 0x0E, 0x02, 0x0E, 0x02, 0x0E, 0x02, 0x0E, 0x02, 0x0E, 0x02, 0x0E, 0x02, 0x89, 0x11,
    0x00, 0x00, 0x00, 0x00, 0x00, 0x00, 0x00, 0x00, 0x00, 0x00, 0x00, 0x00, 0x00, 0x00, 0x46, 0x21,
    0xEA, 0x21, 0x82, 0x08, 0x00, 0x00, 0x00, 0x00, 0x00, 0x00, 0x46, 0x19, 0x34, 0x1B, 0x55, 0x13,
    0x55, 0x1B, 0x55, 0x1B, 0x55, 0x13, 0x55, 0x13, 0x55, 0x13, 0x55, 0x13, 0x55, 0x13, 0x55, 0x13,
    0x55, 0x13, 0x74, 0x2B, 0x29, 0x3A, 0x45, 0x29, 0x45, 0x29, 0x86, 0x31, 0x31, 0x33, 0x76, 0x1B,
    0x76, 0x1B, 0x34, 0x1B, 0x2C, 0x1A, 0xA3, 0x08, 0x00, 0x00, 0x00, 0x00, 0x00, 0x00, 0x82, 0x08,
    0xA9, 0x11, 0x0D, 0x0A, 0xED, 0x01, 0xEE, 0x01, 0xEE, 0x01, 0xEE, 0x01, 0xED, 0x09, 0x05, 0x11,
    0x00, 0x00, 0x00, 0x00, 0x00, 0x00, 0x00, 0x00, 0x00, 0x00, 0x00, 0x00, 0x00, 0x00, 0x00, 0x00,
    0x00, 0x00, 0x00, 0x00, 0x00, 0x00, 0x00, 0x00, 0x00, 0x00, 0x00, 0x00, 0x00, 0x00, 0x00, 0x00,
    0x00, 0x00, 0x00, 0x00, 0x00, 0x00, 0x00, 0x00, 0x00, 0x00, 0x00, 0x00, 0x00, 0x00, 0x00, 0x00,
    0x00, 0x00, 0x00, 0x00, 0x00, 0x00, 0x00, 0x00, 0x00, 0x00, 0x00, 0x00, 0x00, 0x00, 0x00, 0x00,
    0x00, 0x00, 0x00, 0x00, 0x00, 0x00, 0x00, 0x00, 0x00, 0x00, 0x00, 0x00, 0x00, 0x00, 0x00, 0x00,
    0x00, 0x00, 0x00, 0x00, 0x00, 0x00, 0x00, 0x00, 0x00, 0x00, 0x00, 0x00, 0x00, 0x00, 0x00, 0x00,
    0x00, 0x00, 0x00, 0x00, 0x00, 0x00, 0x00, 0x00, 0x00, 0x00, 0x00, 0x00, 0x00, 0x00, 0x00, 0x00,
    0x00, 0x00, 0x00, 0x00, 0x00, 0x00, 0x00, 0x00, 0x00, 0x00, 0x00, 0x00, 0x00, 0x00, 0x00, 0x00,
    0x00, 0x00, 0x00, 0x00, 0x00, 0x00, 0x00, 0x00, 0x00, 0x00, 0x00, 0x00, 0x00, 0x00, 0x00, 0x00,
    0x00, 0x00, 0x00, 0x00, 0x00, 0x00, 0x00, 0x00, 0x00, 0x00, 0x00, 0x00, 0x00, 0x00, 0x00, 0x00,
    0x00, 0x00, 0x00, 0x00, 0x00, 0x00, 0x00, 0x00, 0x00, 0x00, 0x00, 0x00, 0x00, 0x00, 0x00, 0x00,
    0x00, 0x00, 0x00, 0x00, 0x00, 0x00, 0x00, 0x00, 0x00, 0x00, 0x00, 0x00, 0x00, 0x00, 0x00, 0x00,
    0x00, 0x00, 0x00, 0x00, 0x00, 0x00, 0x00, 0x00, 0x00, 0x00, 0x00, 0x00, 0x00, 0x00, 0x00, 0x00,
    0x00, 0x00, 0x00, 0x00, 0x00, 0x00, 0x00, 0x00, 0x00, 0x00, 0x00, 0x00, 0x00, 0x00, 0x00, 0x00,
    0x00, 0x00, 0x00, 0x00, 0x00, 0x00, 0x00, 0x00, 0x00, 0x00, 0x00, 0x00, 0x00, 0x00, 0x00, 0x00,
    0x00, 0x00, 0x00, 0x00, 0x00, 0x00, 0x00, 0x00, 0x00, 0x00, 0x00, 0x00, 0x00, 0x00, 0x00, 0x00,
    0x00, 0x00, 0x83, 0x08, 0xAA, 0x11, 0xEE, 0x01, 0x0E, 0x02, 0x0E, 0x02, 0x0E, 0x02, 0x0E, 0x02,
    0x70, 0x0A, 0x35, 0x13, 0x76, 0x1B, 0x75, 0x1B, 0x55, 0x1B, 0x55, 0x13, 0x55, 0x13, 0x55, 0x1B,
    0xAE, 0x32, 0xA2, 0x10, 0x61, 0x08, 0x41, 0x08, 0x61, 0x10, 0x6C, 0x2A, 0x75, 0x1B, 0x75, 0x1B,
    0x75, 0x1B, 0x55, 0x1B, 0x55, 0x1B, 0x55, 0x13, 0x55, 0x13, 0x55, 0x13, 0x75, 0x13, 0x75, 0x1B,
    0x55, 0x13, 0x55, 0x13, 0x35, 0x1B, 0x0B, 0x22, 0x00, 0x00, 0x41, 0x00, 0x68, 0x11, 0x0D, 0x12,
    0x25, 0x11, 0x00, 0x00, 0x00, 0x00, 0x00, 0x00, 0x00, 0x00, 0x00, 0x00, 0x00, 0x00, 0xA3, 0x08,
    0xEC, 0x09, 0x0E, 0x02, 0x0E, 0x02, 0x2E, 0x12, 0x52, 0x7C, 0xD3, 0x9C, 0xB2, 0x94, 0xB2, 0x94,
    0x92, 0x94, 0xEF, 0x7B, 0x2E, 0x5B, 0x2E, 0x12, 0x0E, 0x02, 0x0E, 0x02, 0x0E, 0x02, 0x0E, 0x02,
    0x0E, 0x02, 0x0E, 0x02, 0x0E, 0x02, 0x0E, 0x02, 0x0E, 0x02, 0x0E, 0x02, 0x0E, 0x02, 0x0E, 0x02,
    0x0E, 0x02, 0x0E, 0x02, 0x0E, 0x02, 0x0E, 0x02, 0x0E, 0x02, 0x0E, 0x02, 0x0E, 0x02, 0x0E, 0x02,
    0x0E, 0x02, 0x0E, 0x02, 0x0E, 0x02, 0xEC, 0x11, 0xA3, 0x08, 0x00, 0x00, 0x00, 0x00, 0x00, 0x00,
    0x00, 0x00, 0x00, 0x00, 0x00, 0x00, 0x05, 0x19, 0xED, 0x11, 0xA9, 0x19, 0x41, 0x08, 0x00, 0x00,
    0x82, 0x08, 0xB0, 0x22, 0x55, 0x13, 0x55, 0x13, 0x55, 0x13, 0x55, 0x1B, 0x55, 0x1B, 0x55, 0x13,
    0x55, 0x13, 0x55, 0x13, 0x55, 0x13, 0x55, 0x13, 0x55, 0x13, 0x55, 0x13, 0x0F, 0x3B, 0xA6, 0x31,
    0x24, 0x21, 0xC3, 0x18, 0xAC, 0x42, 0x75, 0x23, 0x56, 0x13, 0xF1, 0x22, 0x82, 0x08, 0x00, 0x00,
    0x20, 0x00, 0x00, 0x00, 0xC4, 0x10, 0xEB, 0x11, 0x0E, 0x0A, 0x0E, 0x02, 0x0E, 0x02, 0x0E, 0x02,
    0xED, 0x01, 0x8A, 0x09, 0xA4, 0x08, 0x00, 0x00, 0x00, 0x00, 0x00, 0x00, 0x00, 0x00, 0x00, 0x00,
    0x00, 0x00, 0x00, 0x00, 0x00, 0x00, 0x00, 0x00, 0x00, 0x00, 0x00, 0x00, 0x00, 0x00, 0x00, 0x00,
    0x00, 0x00, 0x00, 0x00, 0x00, 0x00, 0x00, 0x00, 0x00, 0x00, 0x00, 0x00, 0x00, 0x00, 0x00, 0x00,
    0x00, 0x00, 0x00, 0x00, 0x00, 0x00, 0x00, 0x00, 0x00, 0x00, 0x00, 0x00, 0x00, 0x00, 0x00, 0x00,
    0x00, 0x00, 0x00, 0x00, 0x00, 0x00, 0x00, 0x00, 0x00, 0x00, 0x00, 0x00, 0x00, 0x00, 0x00, 0x00,
    0x00, 0x00, 0x00, 0x00, 0x00, 0x00, 0x00, 0x00, 0x00, 0x00, 0x00, 0x00, 0x00, 0x00, 0x00, 0x00,
    0x00, 0x00, 0x00, 0x00, 0x00, 0x00, 0x00, 0x00, 0x00, 0x00, 0x00, 0x00, 0x00, 0x00, 0x00, 0x00,
    0x00, 0x00, 0x00, 0x00, 0x00, 0x00, 0x00, 0x00, 0x00, 0x00, 0x00, 0x00, 0x00, 0x00, 0x00, 0x00,
    0x00, 0x00, 0x00, 0x00, 0x00, 0x00, 0x00, 0x00, 0x00, 0x00, 0x00, 0x00, 0x00, 0x00, 0x00, 0x00,
    0x00, 0x00, 0x00, 0x00, 0x00, 0x00, 0x00, 0x00, 0x00, 0x00, 0x00, 0x00, 0x00, 0x00, 0x00, 0x00,
    0x00, 0x00, 0x00, 0x00, 0x00, 0x00, 0x00, 0x00, 0x00, 0x00, 0x00, 0x00, 0x00, 0x00, 0x00, 0x00,
    0x00, 0x00, 0x00, 0x00, 0x00, 0x00, 0x00, 0x00, 0x00, 0x00, 0x00, 0x00, 0x00, 0x00, 0x00, 0x00,
    0x00, 0x00, 0x00, 0x00, 0x00, 0x00, 0x00, 0x00, 0x00, 0x00, 0x00, 0x00, 0x00, 0x00, 0x00, 0x00,
    0x00, 0x00, 0x00, 0x00, 0x00, 0x00, 0x00, 0x00, 0x00, 0x00, 0x00, 0x00, 0x00, 0x00, 0x00, 0x00,
    0x00, 0x00, 0x00, 0x00, 0x00, 0x00, 0x00, 0x00, 0x00, 0x00, 0x00, 0x00, 0x00, 0x00, 0x00, 0x00,
    0x00, 0x00, 0x00, 0x00, 0x00, 0x00, 0x00, 0x00, 0x00, 0x00, 0x00, 0x00, 0x00, 0x00, 0x00, 0x00,
    0x00, 0x00, 0x00, 0x00, 0x00, 0x00, 0x00, 0x00, 0x00, 0x00, 0x00, 0x00, 0x62, 0x08, 0xAA, 0x11,
    0x0E, 0x0A, 0x0E, 0x02, 0x0E, 0x02, 0x0E, 0x02, 0x0E, 0x02, 0x70, 0x0A, 0x55, 0x1B, 0x75, 0x1B,
    0x75, 0x1B, 0x75, 0x1B, 0x76, 0x13, 0x94, 0x2B, 0x6A, 0x42, 0xA2, 0x10, 0x82, 0x10, 0x41, 0x08,
    0x46, 0x21, 0x53, 0x23, 0x55, 0x1B, 0x75, 0x1B, 0x75, 0x1B, 0x75, 0x1B, 0x55, 0x1B, 0x75, 0x1B,
    0x75, 0x1B, 0x75, 0x1B, 0x75, 0x1B, 0x75, 0x1B, 0x55, 0x13, 0x55, 0x13, 0x55, 0x13, 0x12, 0x1B,
    0x25, 0x19, 0x47, 0x11, 0xED, 0x09, 0x0D, 0x0A, 0x05, 0x11, 0x00, 0x00, 0x00, 0x00, 0x00, 0x00,
    0x00, 0x00, 0x00, 0x00, 0x20, 0x00, 0x68, 0x11, 0xED, 0x01, 0xED, 0x01, 0xED, 0x01, 0xD0, 0x32,
    0x14, 0x9D, 0xF3, 0x9C, 0xF3, 0x9C, 0xD3, 0x9C, 0xD3, 0x9C, 0x14, 0xA5, 0x71, 0x53, 0x0E, 0x02,
    0x0E, 0x02, 0x0E, 0x02, 0x0E, 0x02, 0x0E, 0x02, 0x0E, 0x02, 0x0E, 0x02, 0x0E, 0x02, 0x0E, 0x02,
    0x0E, 0x02, 0x0E, 0x02, 0x0E, 0x02, 0x0E, 0x02, 0x0E, 0x02, 0x0E, 0x02, 0x0E, 0x02, 0x0E, 0x02,
    0x0E, 0x02, 0x0E, 0x02, 0x0E, 0x02, 0x0E, 0x02, 0x0E, 0x02, 0x0E, 0x02, 0x0E, 0x02, 0xED, 0x01,
    0x88, 0x11, 0x20, 0x00, 0x00, 0x00, 0x00, 0x00, 0x00, 0x00, 0x00, 0x00, 0x00, 0x00, 0x05, 0x11,
    0x0E, 0x0A, 0x2E, 0x0A, 0x88, 0x19, 0x20, 0x00, 0xEA, 0x21, 0x55, 0x1B, 0x55, 0x13, 0x55, 0x13,
    0x55, 0x13, 0x55, 0x13, 0x55, 0x13, 0x55, 0x13, 0x55, 0x13, 0x55, 0x13, 0x55, 0x13, 0x55, 0x13,
    0x55, 0x13, 0x56, 0x13, 0x75, 0x2B, 0x2A, 0x3A, 0xE3, 0x18, 0xC3, 0x18, 0x86, 0x31, 0x31, 0x3B,
    0x76, 0x13, 0x54, 0x1B, 0x46, 0x19, 0x00, 0x00, 0x00, 0x00, 0x41, 0x08, 0xCA, 0x19, 0x0E, 0x02,
    0x0E, 0x02, 0x0E, 0x02, 0x0E, 0x02, 0x0E, 0x02, 0x8A, 0x09, 0x62, 0x00, 0x00, 0x00, 0x00, 0x00,
    0x00, 0x00, 0x00, 0x00, 0x00, 0x00, 0x00, 0x00, 0x00, 0x00, 0x00, 0x00, 0x00, 0x00, 0x00, 0x00,
    0x00, 0x00, 0x00, 0x00, 0x00, 0x00, 0x00, 0x00, 0x00, 0x00, 0x00, 0x00, 0x00, 0x00, 0x00, 0x00,
    0x00, 0x00, 0x00, 0x00, 0x00, 0x00, 0x00, 0x00, 0x00, 0x00, 0x00, 0x00, 0x00, 0x00, 0x00, 0x00,
    0x00, 0x00, 0x00, 0x00, 0x00, 0x00, 0x00, 0x00, 0x00, 0x00, 0x00, 0x00, 0x00, 0x00, 0x00, 0x00,
    0x00, 0x00, 0x00, 0x00, 0x00, 0x00, 0x00, 0x00, 0x00, 0x00, 0x00, 0x00, 0x00, 0x00, 0x00, 0x00,
    0x00, 0x00, 0x00, 0x00, 0x00, 0x00, 0x00, 0x00, 0x00, 0x00, 0x00, 0x00, 0x00, 0x00, 0x00, 0x00,
    0x00, 0x00, 0x00, 0x00, 0x00, 0x00, 0x00, 0x00, 0x00, 0x00, 0x00, 0x00, 0x00, 0x00, 0x00, 0x00,
    0x00, 0x00, 0x00, 0x00, 0x00, 0x00, 0x00, 0x00, 0x00, 0x00, 0x00, 0x00, 0x00, 0x00, 0x00, 0x00,
    0x00, 0x00, 0x00, 0x00, 0x00, 0x00, 0x00, 0x00, 0x00, 0x00, 0x00, 0x00, 0x00, 0x00, 0x00, 0x00,
    0x00, 0x00, 0x00, 0x00, 0x00, 0x00, 0x00, 0x00, 0x00, 0x00, 0x00, 0x00, 0x00, 0x00, 0x00, 0x00,
    0x00, 0x00, 0x00, 0x00, 0x00, 0x00, 0x00, 0x00, 0x00, 0x00, 0x00, 0x00, 0x00, 0x00, 0x00, 0x00,
    0x00, 0x00, 0x00, 0x00, 0x00, 0x00, 0x00, 0x00, 0x00, 0x00, 0x00, 0x00, 0x00, 0x00, 0x00, 0x00,
    0x00, 0x00, 0x00, 0x00, 0x00, 0x00, 0x00, 0x00, 0x00, 0x00, 0x00, 0x00, 0x00, 0x00, 0x00, 0x00,
    0x00, 0x00, 0x00, 0x00, 0x00, 0x00, 0x00, 0x00, 0x00, 0x00, 0x00, 0x00, 0x00, 0x00, 0x00, 0x00,
    0x00, 0x00, 0x00, 0x00, 0x00, 0x00, 0x00, 0x00, 0x00, 0x00, 0x00, 0x00, 0x00, 0x00, 0x00, 0x00,
    0x00, 0x00, 0x00, 0x00, 0x00, 0x00, 0x00, 0x00, 0x00, 0x00, 0x00, 0x00, 0x00, 0x00, 0x00, 0x00,
    0x00, 0x00, 0x00, 0x00, 0x00, 0x00, 0x41, 0x00, 0x68, 0x11, 0x0E, 0x0A, 0x0E, 0x02, 0xEE, 0x01,
    0xED, 0x01, 0x91, 0x0A, 0x55, 0x1B, 0x75, 0x1B, 0x75, 0x1B, 0x75, 0x1B, 0x76, 0x1B, 0x30, 0x3B,
    0xA6, 0x31, 0x04, 0x21, 0xC3, 0x18, 0x04, 0x21, 0x8D, 0x2A, 0x55, 0x1B, 0x55, 0x13, 0x55, 0x1B,
    0x75, 0x1B, 0x75, 0x1B, 0x75, 0x1B, 0x75, 0x1B, 0x76, 0x1B, 0x72, 0x3B, 0x72, 0x4B, 0x35, 0x1B,
    0x55, 0x13, 0x55, 0x13, 0x55, 0x13, 0x34, 0x1B, 0x8F, 0x1A, 0xEC, 0x09, 0xED, 0x01, 0xED, 0x09,
    0x05, 0x11, 0x00, 0x00, 0x00, 0x00, 0x00, 0x00, 0x00, 0x00, 0x00, 0x00, 0xE4, 0x10, 0xED, 0x09,
    0xED, 0x01, 0xED, 0x01, 0xED, 0x09, 0x12, 0x6C, 0x34, 0xA5, 0x14, 0xA5, 0x14, 0xA5, 0x14, 0xA5,
    0x55, 0xAD, 0x76, 0xAD, 0xF0, 0x2A, 0x0E, 0x02, 0x0E, 0x02, 0x0E, 0x02, 0x0E, 0x02, 0x0E, 0x02,
    0x0E, 0x02, 0x0E, 0x02, 0x0E, 0x02, 0x0E, 0x02, 0x0E, 0x02, 0x0E, 0x02, 0x0E, 0x02, 0x0E, 0x02,
    0x0E, 0x02, 0x0E, 0x02, 0x0E, 0x02, 0x0E, 0x02, 0x0E, 0x02, 0x0E, 0x02, 0x0E, 0x02, 0x0E, 0x02,
    0x0E, 0x02, 0x0E, 0x02, 0x0E, 0x02, 0xED, 0x01, 0xCC, 0x09, 0xE4, 0x10, 0x00, 0x00, 0x00, 0x00,
    0x00, 0x00, 0x00, 0x00, 0x00, 0x00, 0x26, 0x19, 0x2E, 0x0A, 0x0E, 0x02, 0xED, 0x09, 0xCA, 0x21,
    0x12, 0x1B, 0x55, 0x13, 0x55, 0x13, 0x55, 0x13, 0x55, 0x13, 0x75, 0x1B, 0x94, 0x33, 0x55, 0x1B,
    0x55, 0x13, 0x55, 0x1B, 0x55, 0x1B, 0x55, 0x13, 0x55, 0x13, 0x55, 0x13, 0x55, 0x13, 0xF0, 0x32,
    0x86, 0x31, 0x24, 0x21, 0xE3, 0x18, 0x6B, 0x3A, 0x95, 0x23, 0x56, 0x13, 0x6D, 0x22, 0x41, 0x08,
    0x00, 0x00, 0x20, 0x00, 0xCA, 0x21, 0x2E, 0x0A, 0x0E, 0x02, 0x0E, 0x02, 0x0E, 0x0A, 0x48, 0x09,
    0x41, 0x00, 0x00, 0x00, 0x00, 0x00, 0x00, 0x00, 0x00, 0x00, 0x00, 0x00, 0x00, 0x00, 0x00, 0x00,
    0x00, 0x00, 0x00, 0x00, 0x00, 0x00, 0x00, 0x00, 0x00, 0x00, 0x00, 0x00, 0x00, 0x00, 0x00, 0x00,
    0x00, 0x00, 0x00, 0x00, 0x00, 0x00, 0x00, 0x00, 0x00, 0x00, 0x00, 0x00, 0x00, 0x00, 0x00, 0x00,
    0x00, 0x00, 0x00, 0x00, 0x00, 0x00, 0x00, 0x00, 0x00, 0x00, 0x00, 0x00, 0x00, 0x00, 0x00, 0x00,
    0x00, 0x00, 0x00, 0x00, 0x00, 0x00, 0x00, 0x00, 0x00, 0x00, 0x00, 0x00, 0x00, 0x00, 0x00, 0x00,
    0x00, 0x00, 0x00, 0x00, 0x00, 0x00, 0x00, 0x00, 0x00, 0x00, 0x00, 0x00, 0x00, 0x00, 0x00, 0x00,
    0x00, 0x00, 0x00, 0x00, 0x00, 0x00, 0x00, 0x00, 0x00, 0x00, 0x00, 0x00, 0x00, 0x00, 0x00, 0x00,
    0x00, 0x00, 0x00, 0x00, 0x00, 0x00, 0x00, 0x00, 0x00, 0x00, 0x00, 0x00, 0x00, 0x00, 0x00, 0x00,
    0x00, 0x00, 0x00, 0x00, 0x00, 0x00, 0x00, 0x00, 0x00, 0x00, 0x00, 0x00, 0x00, 0x00, 0x00, 0x00,
    0x00, 0x00, 0x00, 0x00, 0x00, 0x00, 0x00, 0x00, 0x00, 0x00, 0x00, 0x00, 0x00, 0x00, 0x00, 0x00,
    0x00, 0x00, 0x00, 0x00, 0x00, 0x00, 0x00, 0x00, 0x00, 0x00, 0x00, 0x00, 0x00, 0x00, 0x00, 0x00,
    0x00, 0x00, 0x00, 0x00, 0x00, 0x00, 0x00, 0x00, 0x00, 0x00, 0x00, 0x00, 0x00, 0x00, 0x00, 0x00,
    0x00, 0x00, 0x00, 0x00, 0x00, 0x00, 0x00, 0x00, 0x00, 0x00, 0x00, 0x00, 0x00, 0x00, 0x00, 0x00,
    0x00, 0x00, 0x00, 0x00, 0x00, 0x00, 0x00, 0x00, 0x00, 0x00, 0x00, 0x00, 0x00, 0x00, 0x00, 0x00,
    0x00, 0x00, 0x00, 0x00, 0x00, 0x00, 0x00, 0x00, 0x00, 0x00, 0x00, 0x00, 0x00, 0x00, 0x00, 0x00,
    0x00, 0x00, 0x00, 0x00, 0x00, 0x00, 0x00, 0x00, 0x00, 0x00, 0x00, 0x00, 0x00, 0x00, 0x00, 0x00,
    0x00, 0x00, 0x00, 0x00, 0x00, 0x00, 0x00, 0x00, 0x00, 0x00, 0x00, 0x00, 0x00, 0x00, 0x00, 0x00,
    0x62, 0x08, 0xCC, 0x11, 0xED, 0x01, 0xED, 0x01, 0x0E, 0x02, 0xF3, 0x12, 0x55, 0x1B, 0x55, 0x1B,
    0x55, 0x1B, 0x76, 0x13, 0xB6, 0x2B, 0x0D, 0x53, 0xC7, 0x39, 0xE7, 0x39, 0x45, 0x29, 0x4A, 0x3A,
    0x53, 0x2B, 0x55, 0x13, 0x55, 0x13, 0x55, 0x13, 0x55, 0x13, 0x75, 0x1B, 0x75, 0x1B, 0x76, 0x13,
    0x95, 0x2B, 0x0D, 0x53, 0x8B, 0x4A, 0x94, 0x2B, 0x55, 0x13, 0x55, 0x13, 0x55, 0x13, 0x34, 0x13,
    0x2F, 0x0A, 0xED, 0x01, 0xED, 0x01, 0xED, 0x09, 0x05, 0x11, 0x00, 0x00, 0x00, 0x00, 0x00, 0x00,
    0x00, 0x00, 0x41, 0x08, 0xCA, 0x11, 0x0E, 0x02, 0x0E, 0x02, 0xED, 0x01, 0x31, 0x43, 0x96, 0xAD,
    0x75, 0xAD, 0x75, 0xAD, 0x75, 0xAD, 0x55, 0xA5, 0x55, 0xAD, 0x53, 0x74, 0x0E, 0x0A, 0x0E, 0x02,
    0x0E, 0x02, 0x0E, 0x02, 0x0E, 0x02, 0x0E, 0x02, 0x0E, 0x02, 0x0E, 0x02, 0x0E, 0x02, 0x0E, 0x02,
    0x0E, 0x02, 0x0E, 0x02, 0x0E, 0x02, 0x0E, 0x02, 0x0E, 0x02, 0x0E, 0x02, 0x0E, 0x02, 0x0E, 0x02,
    0x0E, 0x02, 0x0E, 0x02, 0x0E, 0x02, 0x0E, 0x02, 0x0E, 0x02, 0x0E, 0x02, 0x0E, 0x02, 0x0E, 0x02,
    0xED, 0x01, 0xAA, 0x11, 0x41, 0x08, 0x00, 0x00, 0x00, 0x00, 0x00, 0x00, 0x00, 0x00, 0x46, 0x19,
    0x2E, 0x0A, 0x0E, 0x02, 0xEE, 0x01, 0x2E, 0x0A, 0x13, 0x13, 0x55, 0x13, 0x55, 0x13, 0x55, 0x13,
    0x55, 0x13, 0x72, 0x3B, 0x0D, 0x53, 0x74, 0x2B, 0x56, 0x13, 0x55, 0x1B, 0x55, 0x1B, 0x55, 0x13,
    0x55, 0x13, 0x55, 0x13, 0x55, 0x13, 0x54, 0x23, 0xC8, 0x29, 0xC3, 0x18, 0xE3, 0x18, 0x29, 0x42,
    0xB3, 0x43, 0x35, 0x13, 0x13, 0x1B, 0xE4, 0x10, 0x20, 0x00, 0x20, 0x00, 0x66, 0x21, 0x4E, 0x12,
    0x0E, 0x02, 0x0E, 0x02, 0xEC, 0x09, 0x82, 0x08, 0x00, 0x00, 0x00, 0x00, 0x00, 0x00, 0x00, 0x00,
    0x00, 0x00, 0x00, 0x00, 0x00, 0x00, 0x00, 0x00, 0x00, 0x00, 0x00, 0x00, 0x00, 0x00, 0x00, 0x00,
    0x00, 0x00, 0x00, 0x00, 0x00, 0x00, 0x00, 0x00, 0x00, 0x00, 0x00, 0x00, 0x00, 0x00, 0x00, 0x00,
    0x00, 0x00, 0x00, 0x00, 0x00, 0x00, 0x00, 0x00, 0x00, 0x00, 0x00, 0x00, 0x00, 0x00, 0x00, 0x00,
    0x00, 0x00, 0x00, 0x00, 0x00, 0x00, 0x00, 0x00, 0x00, 0x00, 0x00, 0x00, 0x00, 0x00, 0x00, 0x00,
    0x00, 0x00, 0x00, 0x00, 0x00, 0x00, 0x00, 0x00, 0x00, 0x00, 0x00, 0x00, 0x00, 0x00, 0x00, 0x00,
    0x00, 0x00, 0x00, 0x00, 0x00, 0x00, 0x00, 0x00, 0x00, 0x00, 0x00, 0x00, 0x00, 0x00, 0x00, 0x00,
    0x00, 0x00, 0x00, 0x00, 0x00, 0x00, 0x00, 0x00, 0x00, 0x00, 0x00, 0x00, 0x00, 0x00, 0x00, 0x00,
    0x00, 0x00, 0x00, 0x00, 0x00, 0x00, 0x00, 0x00, 0x00, 0x00, 0x00, 0x00, 0x00, 0x00, 0x00, 0x00,
    0x00, 0x00, 0x00, 0x00, 0x00, 0x00, 0x00, 0x00, 0x00, 0x00, 0x00, 0x00, 0x00, 0x00, 0x00, 0x00,
    0x00, 0x00, 0x00, 0x00, 0x00, 0x00, 0x00, 0x00, 0x00, 0x00, 0x00, 0x00, 0x00, 0x00, 0x00, 0x00,
    0x00, 0x00, 0x00, 0x00, 0x00, 0x00, 0x00, 0x00, 0x00, 0x00, 0x00, 0x00, 0x00, 0x00, 0x00, 0x00,
    0x00, 0x00, 0x00, 0x00, 0x00, 0x00, 0x00, 0x00, 0x00, 0x00, 0x00, 0x00, 0x00, 0x00, 0x00, 0x00,
    0x00, 0x00, 0x00, 0x00, 0x00, 0x00, 0x00, 0x00, 0x00, 0x00, 0x00, 0x00, 0x00, 0x00, 0x00, 0x00,
    0x00, 0x00, 0x00, 0x00, 0x00, 0x00, 0x00, 0x00, 0x00, 0x00, 0x00, 0x00, 0x00, 0x00, 0x00, 0x00,
    0x00, 0x00, 0x00, 0x00, 0x00, 0x00, 0x00, 0x00, 0x00, 0x00, 0x00, 0x00, 0x00, 0x00, 0x00, 0x00,
    0x00, 0x00, 0x00, 0x00, 0x00, 0x00, 0x00, 0x00, 0x00, 0x00, 0x00, 0x00, 0x00, 0x00, 0x00, 0x00,
    0x00, 0x00, 0x00, 0x00, 0x00, 0x00, 0x00, 0x00, 0xA4, 0x08, 0xED, 0x09, 0x0E, 0x02, 0xEE, 0x01,
    0x50, 0x0A, 0x55, 0x13, 0x55, 0x1B, 0x55, 0x1B, 0x55, 0x1B, 0x55, 0x13, 0x72, 0x3B, 0xAA, 0x52,
    0xAA, 0x52, 0x0C, 0x5B, 0x69, 0x4A, 0x0F, 0x43, 0x55, 0x1B, 0x55, 0x13, 0x55, 0x13, 0x55, 0x13,
    0x55, 0x13, 0x55, 0x13, 0x55, 0x13, 0x75, 0x1B, 0x92, 0x4B, 0x8A, 0x52, 0x48, 0x42, 0xD2, 0x5B,
    0x75, 0x1B, 0x75, 0x1B, 0x76, 0x1B, 0xD2, 0x12, 0x0E, 0x02, 0x0E, 0x02, 0xED, 0x01, 0xED, 0x09,
    0x05, 0x11, 0x00, 0x00, 0x00, 0x00, 0x00, 0x00, 0x00, 0x00, 0xE5, 0x10, 0x0D, 0x0A, 0x0E, 0x02,
    0x0E, 0x02, 0x4E, 0x12, 0x77, 0x9D, 0x9A, 0xD6, 0x79, 0xCE, 0x59, 0xCE, 0x38, 0xC6, 0xF3, 0x9C,
    0x92, 0x8C, 0xCF, 0x32, 0xCD, 0x01, 0xED, 0x01, 0xEE, 0x01, 0xEE, 0x01, 0xEE, 0x01, 0xEE, 0x01,
    0xEE, 0x01, 0xEE, 0x01, 0xEE, 0x01, 0xED, 0x01, 0xED, 0x01, 0xED, 0x01, 0xED, 0x01, 0xED, 0x01,
    0xEE, 0x01, 0xEE, 0x01, 0xEE, 0x01, 0xEE, 0x01, 0xEE, 0x01, 0x0E, 0x02, 0x0E, 0x02, 0x0E, 0x02,
    0x0E, 0x02, 0x0E, 0x02, 0x0E, 0x02, 0x0E, 0x02, 0x0E, 0x02, 0x0D, 0x0A, 0x25, 0x19, 0x00, 0x00,
    0x00, 0x00, 0x00, 0x00, 0x00, 0x00, 0x87, 0x21, 0x0D, 0x0A, 0xEE, 0x01, 0xED, 0x01, 0xED, 0x01,
    0x90, 0x0A, 0x14, 0x13, 0x55, 0x13, 0x55, 0x13, 0x75, 0x23, 0x0D, 0x53, 0x69, 0x4A, 0x50, 0x43,
    0x55, 0x1B, 0x55, 0x13, 0x55, 0x13, 0x55, 0x13, 0x55, 0x13, 0x55, 0x13, 0x55, 0x13, 0x76, 0x1B,
    0x4C, 0x22, 0xA2, 0x10, 0xC3, 0x18, 0x65, 0x29, 0xCD, 0x42, 0x34, 0x1B, 0x35, 0x1B, 0xA9, 0x19,
    0x41, 0x08, 0x20, 0x00, 0xE3, 0x18, 0x0C, 0x1A, 0xED, 0x01, 0xED, 0x01, 0xED, 0x09, 0xE5, 0x10,
    0x00, 0x00, 0x00, 0x00, 0x00, 0x00, 0x00, 0x00, 0x00, 0x00, 0x00, 0x00, 0x00, 0x00, 0x00, 0x00,
    0x00, 0x00, 0x00, 0x00, 0x00, 0x00, 0x00, 0x00, 0x00, 0x00, 0x00, 0x00, 0x00, 0x00, 0x00, 0x00,
    0x00, 0x00, 0x00, 0x00, 0x00, 0x00, 0x00, 0x00, 0x00, 0x00, 0x00, 0x00, 0x00, 0x00, 0x00, 0x00,
    0x00, 0x00, 0x00, 0x00, 0x00, 0x00, 0x00, 0x00, 0x00, 0x00, 0x00, 0x00, 0x00, 0x00, 0x00, 0x00,
    0x00, 0x00, 0x00, 0x00, 0x00, 0x00, 0x00, 0x00, 0x00, 0x00, 0x00, 0x00, 0x00, 0x00, 0x00, 0x00,
    0x00, 0x00, 0x00, 0x00, 0x00, 0x00, 0x00, 0x00, 0x00, 0x00, 0x00, 0x00, 0x00, 0x00, 0x00, 0x00,
    0x00, 0x00, 0x00, 0x00, 0x00, 0x00, 0x00, 0x00, 0x00, 0x00, 0x00, 0x00, 0x00, 0x00, 0x00, 0x00,
    0x00, 0x00, 0x00, 0x00, 0x00, 0x00, 0x00, 0x00, 0x00, 0x00, 0x00, 0x00, 0x00, 0x00, 0x00, 0x00,
    0x00, 0x00, 0x00, 0x00, 0x00, 0x00, 0x00, 0x00, 0x00, 0x00, 0x00, 0x00, 0x00, 0x00, 0x00, 0x00,
    0x00, 0x00, 0x00, 0x00, 0x00, 0x00, 0x00, 0x00, 0x00, 0x00, 0x00, 0x00, 0x00, 0x00, 0x00, 0x00,
    0x00, 0x00, 0x00, 0x00, 0x00, 0x00, 0x00, 0x00, 0x00, 0x00, 0x00, 0x00, 0x00, 0x00, 0x00, 0x00,
    0x00, 0x00, 0x00, 0x00, 0x00, 0x00, 0x00, 0x00, 0x00, 0x00, 0x00, 0x00, 0x00, 0x00, 0x00, 0x00,
    0x00, 0x00, 0x00, 0x00, 0x00, 0x00, 0x00, 0x00, 0x00, 0x00, 0x00, 0x00, 0x00, 0x00, 0x00, 0x00,
    0x00, 0x00, 0x00, 0x00, 0x00, 0x00, 0x00, 0x00, 0x00, 0x00, 0x00, 0x00, 0x00, 0x00, 0x00, 0x00,
    0x00, 0x00, 0x00, 0x00, 0x00, 0x00, 0x00, 0x00, 0x00, 0x00, 0x00, 0x00, 0x00, 0x00, 0x00, 0x00,
    0x00, 0x00, 0x00, 0x00, 0x00, 0x00, 0x00, 0x00, 0x00, 0x00, 0x00, 0x00, 0x00, 0x00, 0x00, 0x00,
    0x00, 0x00, 0x00, 0x00, 0x00, 0x00, 0x00, 0x00, 0x00, 0x00, 0x00, 0x00, 0x00, 0x00, 0x00, 0x00,
    0x48, 0x11, 0x0E, 0x0A, 0x0E, 0x02, 0x0E, 0x02, 0xD2, 0x12, 0x76, 0x1B, 0x55, 0x1B, 0x55, 0x1B,
    0x55, 0x13, 0x55, 0x1B, 0xAD, 0x3A, 0xE7, 0x39, 0x8A, 0x52, 0x2C, 0x63, 0x31, 0x7C, 0x94, 0x33,
    0x56, 0x13, 0x75, 0x1B, 0x55, 0x1B, 0x55, 0x13, 0x55, 0x13, 0x55, 0x13, 0x55, 0x13, 0x75, 0x2B,
    0xCC, 0x52, 0x28, 0x42, 0x28, 0x42, 0xAB, 0x4A, 0x73, 0x33, 0x76, 0x1B, 0x34, 0x13, 0x4F, 0x0A,
    0x0E, 0x02, 0x0E, 0x02, 0xEE, 0x01, 0xED, 0x09, 0x05, 0x19, 0x00, 0x00, 0x00, 0x00, 0x00, 0x00,
    0x20, 0x00, 0x89, 0x11, 0x0E, 0x02, 0x0E, 0x02, 0xEE, 0x01, 0x92, 0x4B, 0x59, 0xC6, 0x79, 0xCE,
    0x59, 0xCE, 0x59, 0xCE, 0x38, 0xC6, 0x75, 0xAD, 0xD4, 0x8C, 0x91, 0x4B, 0x51, 0x43, 0x71, 0x43,
    0x92, 0x4B, 0xD3, 0x53, 0xD3, 0x53, 0xD3, 0x53, 0xD3, 0x53, 0xD3, 0x53, 0x92, 0x4B, 0x71, 0x4B,
    0x71, 0x4B, 0x71, 0x4B, 0x51, 0x43, 0x92, 0x4B, 0xB2, 0x53, 0xB2, 0x53, 0xD3, 0x53, 0xD3, 0x53,
    0xF0, 0x32, 0x0E, 0x02, 0x0E, 0x02, 0x0E, 0x02, 0x0E, 0x02, 0x0E, 0x02, 0x0E, 0x02, 0x0E, 0x02,
    0x0E, 0x02, 0x0E, 0x02, 0x0B, 0x22, 0x61, 0x08, 0x00, 0x00, 0x00, 0x00, 0x00, 0x00, 0x67, 0x21,
    0xED, 0x09, 0xED, 0x01, 0xEE, 0x01, 0xED, 0x01, 0x0E, 0x02, 0xD3, 0x12, 0x55, 0x13, 0x55, 0x1B,
    0xB2, 0x53, 0xAA, 0x52, 0x28, 0x42, 0xAB, 0x4A, 0x94, 0x33, 0x55, 0x13, 0x55, 0x13, 0x55, 0x1B,
    0x55, 0x1B, 0x55, 0x13, 0x55, 0x13, 0x55, 0x13, 0xF1, 0x22, 0x25, 0x21, 0x82, 0x10, 0xC3, 0x18,
    0xA7, 0x31, 0x32, 0x2B, 0x55, 0x13, 0xAF, 0x2A, 0xC3, 0x18, 0x20, 0x00, 0x41, 0x08, 0xA9, 0x19,
    0xED, 0x09, 0xED, 0x01, 0xED, 0x01, 0x68, 0x11, 0x00, 0x00, 0x00, 0x00, 0x00, 0x00, 0x00, 0x00,
    0x00, 0x00, 0x00, 0x00, 0x00, 0x00, 0x00, 0x00, 0x00, 0x00, 0x00, 0x00, 0x00, 0x00, 0x00, 0x00,
    0x00, 0x00, 0x00, 0x00, 0x00, 0x00, 0x00, 0x00, 0x00, 0x00, 0x00, 0x00, 0x00, 0x00, 0x00, 0x00,
    0x00, 0x00, 0x00, 0x00, 0x00, 0x00, 0x00, 0x00, 0x00, 0x00, 0x00, 0x00, 0x00, 0x00, 0x00, 0x00,
    0x00, 0x00, 0x00, 0x00, 0x00, 0x00, 0x00, 0x00, 0x00, 0x00, 0x00, 0x00, 0x00, 0x00, 0x00, 0x00,
    0x00, 0x00, 0x00, 0x00, 0x00, 0x00, 0x00, 0x00, 0x00, 0x00, 0x00, 0x00, 0x00, 0x00, 0x00, 0x00,
    0x00, 0x00, 0x00, 0x00, 0x00, 0x00, 0x00, 0x00, 0x00, 0x00, 0x00, 0x00, 0x00, 0x00, 0x00, 0x00,
    0x00, 0x00, 0x00, 0x00, 0x00, 0x00, 0x00, 0x00, 0x00, 0x00, 0x00, 0x00, 0x00, 0x00, 0x00, 0x00,
    0x00, 0x00, 0x00, 0x00, 0x00, 0x00, 0x00, 0x00, 0x00, 0x00, 0x00, 0x00, 0x00, 0x00, 0x00, 0x00,
    0x00, 0x00, 0x00, 0x00, 0x00, 0x00, 0x00, 0x00, 0x00, 0x00, 0x00, 0x00, 0x00, 0x00, 0x00, 0x00,
    0x00, 0x00, 0x00, 0x00, 0x00, 0x00, 0x00, 0x00, 0x00, 0x00, 0x00, 0x00, 0x00, 0x00, 0x00, 0x00,
    0x00, 0x00, 0x00, 0x00, 0x00, 0x00, 0x00, 0x00, 0x00, 0x00, 0x00, 0x00, 0x00, 0x00, 0x00, 0x00,
    0x00, 0x00, 0x00, 0x00, 0x00, 0x00, 0x00, 0x00, 0x00, 0x00, 0x00, 0x00, 0x00, 0x00, 0x00, 0x00,
    0x00, 0x00, 0x00, 0x00, 0x00, 0x00, 0x00, 0x00, 0x00, 0x00, 0x00, 0x00, 0x00, 0x00, 0x00, 0x00,
    0x00, 0x00, 0x00, 0x00, 0x00, 0x00, 0x00, 0x00, 0x00, 0x00, 0x00, 0x00, 0x00, 0x00, 0x00, 0x00,
    0x00, 0x00, 0x00, 0x00, 0x00, 0x00, 0x00, 0x00, 0x00, 0x00, 0x00, 0x00, 0x00, 0x00, 0x00, 0x00,
    0x00, 0x00, 0x00, 0x00, 0x00, 0x00, 0x00, 0x00, 0x00, 0x00, 0x00, 0x00, 0x00, 0x00, 0x00, 0x00,
    0x00, 0x00, 0x00, 0x00, 0x00, 0x00, 0x41, 0x00, 0xAB, 0x11, 0xEE, 0x01, 0x0E, 0x02, 0x2F, 0x02,
    0x34, 0x13, 0x76, 0x1B, 0x75, 0x1B, 0x75, 0x1B, 0x55, 0x13, 0x95, 0x33, 0x6A, 0x42, 0x45, 0x29,
    0xA6, 0x31, 0x8A, 0x52, 0x33, 0x6C, 0x96, 0x23, 0x75, 0x1B, 0x75, 0x1B, 0x75, 0x1B, 0x55, 0x13,
    0x55, 0x13, 0x55, 0x13, 0x35, 0x13, 0xB2, 0x53, 0xCB, 0x5A, 0x28, 0x42, 0x28, 0x42, 0x08, 0x42,
    0x70, 0x5B, 0x54, 0x23, 0x70, 0x0A, 0x0E, 0x02, 0x0E, 0x02, 0x0E, 0x02, 0x0E, 0x02, 0xED, 0x09,
    0xE4, 0x10, 0x00, 0x00, 0x00, 0x00, 0x00, 0x00, 0x61, 0x08, 0xAB, 0x09, 0x0E, 0x02, 0x0E, 0x02,
    0x4E, 0x12, 0xF5, 0x8C, 0x58, 0xCE, 0x79, 0xCE, 0x38, 0xC6, 0x59, 0xCE, 0x9A, 0xD6, 0x79, 0xCE,
    0x18, 0xC6, 0x38, 0xC6, 0x38, 0xC6, 0x38, 0xC6, 0x79, 0xCE, 0x1C, 0xE7, 0x1C, 0xE7, 0x3C, 0xE7,
    0x3C, 0xE7, 0x3C, 0xE7, 0x79, 0xCE, 0x59, 0xCE, 0x59, 0xCE, 0x59, 0xC6, 0x38, 0xC6, 0xDB, 0xDE,
    0x3C, 0xE7, 0x3C, 0xE7, 0x3D, 0xE7, 0x5D, 0xEF, 0x7A, 0xC6, 0xCF, 0x2A, 0xEE, 0x01, 0x0E, 0x02,
    0x0E, 0x02, 0x0E, 0x02, 0x0E, 0x02, 0x0E, 0x02, 0x0E, 0x02, 0x0E, 0x02, 0x0D, 0x12, 0xC3, 0x10,
    0x20, 0x00, 0x20, 0x00, 0x00, 0x00, 0xE4, 0x10, 0xEC, 0x09, 0xED, 0x01, 0x0E, 0x02, 0x0E, 0x02,
    0x0E, 0x02, 0x4F, 0x0A, 0xF3, 0x12, 0x12, 0x23, 0x6A, 0x42, 0x28, 0x42, 0x08, 0x42, 0x49, 0x4A,
    0x30, 0x4B, 0x34, 0x1B, 0x55, 0x13, 0x55, 0x13, 0x55, 0x13, 0x55, 0x13, 0x55, 0x13, 0x55, 0x13,
    0x55, 0x1B, 0x0B, 0x2A, 0x82, 0x10, 0xE3, 0x18, 0x86, 0x31, 0x30, 0x3B, 0x55, 0x13, 0x13, 0x23,
    0x25, 0x19, 0x00, 0x00, 0x00, 0x00, 0x05, 0x19, 0x0D, 0x12, 0x0E, 0x02, 0x0E, 0x02, 0xEC, 0x11,
    0x41, 0x08, 0x00, 0x00, 0x00, 0x00, 0x00, 0x00, 0x00, 0x00, 0x00, 0x00, 0x00, 0x00, 0x00, 0x00,
    0x00, 0x00, 0x00, 0x00, 0x00, 0x00, 0x00, 0x00, 0x00, 0x00, 0x00, 0x00, 0x00, 0x00, 0x00, 0x00,
    0x00, 0x00, 0x00, 0x00, 0x00, 0x00, 0x00, 0x00, 0x00, 0x00, 0x00, 0x00, 0x00, 0x00, 0x00, 0x00,
    0x00, 0x00, 0x00, 0x00, 0x00, 0x00, 0x00, 0x00, 0x00, 0x00, 0x00, 0x00, 0x00, 0x00, 0x00, 0x00,
    0x00, 0x00, 0x00, 0x00, 0x00, 0x00, 0x00, 0x00, 0x00, 0x00, 0x00, 0x00, 0x00, 0x00, 0x00, 0x00,
    0x00, 0x00, 0x00, 0x00, 0x00, 0x00, 0x00, 0x00, 0x00, 0x00, 0x00, 0x00, 0x00, 0x00, 0x00, 0x00,
    0x00, 0x00, 0x00, 0x00, 0x00, 0x00, 0x00, 0x00, 0x00, 0x00, 0x00, 0x00, 0x00, 0x00, 0x00, 0x00,
    0x00, 0x00, 0x00, 0x00, 0x00, 0x00, 0x00, 0x00, 0x00, 0x00, 0x00, 0x00, 0x00, 0x00, 0x00, 0x00,
    0x00, 0x00, 0x00, 0x00, 0x00, 0x00, 0x00, 0x00, 0x00, 0x00, 0x00, 0x00, 0x00, 0x00, 0x00, 0x00,
    0x00, 0x00, 0x00, 0x00, 0x00, 0x00, 0x00, 0x00, 0x00, 0x00, 0x00, 0x00, 0x00, 0x00, 0x00, 0x00,
    0x00, 0x00, 0x00, 0x00, 0x00, 0x00, 0x00, 0x00, 0x00, 0x00, 0x00, 0x00, 0x00, 0x00, 0x00, 0x00,
    0x00, 0x00, 0x00, 0x00, 0x00, 0x00, 0x00, 0x00, 0x00, 0x00, 0x00, 0x00, 0x00, 0x00, 0x00, 0x00,
    0x00, 0x00, 0x00, 0x00, 0x00, 0x00, 0x00, 0x00, 0x00, 0x00, 0x00, 0x00, 0x00, 0x00, 0x00, 0x00,
    0x00, 0x00, 0x00, 0x00, 0x00, 0x00, 0x00, 0x00, 0x00, 0x00, 0x00, 0x00, 0x00, 0x00, 0x00, 0x00,
    0x00, 0x00, 0x00, 0x00, 0x00, 0x00, 0x00, 0x00, 0x00, 0x00, 0x00, 0x00, 0x00, 0x00, 0x00, 0x00,
    0x00, 0x00, 0x00, 0x00, 0x00, 0x00, 0x00, 0x00, 0x00, 0x00, 0x00, 0x00, 0x00, 0x00, 0x00, 0x00,
    0x00, 0x00, 0x00, 0x00, 0x00, 0x00, 0x00, 0x00, 0x00, 0x00, 0x00, 0x00, 0x00, 0x00, 0xA3, 0x08,
    0xEC, 0x09, 0xEE, 0x01, 0xEE, 0x01, 0x4F, 0x0A, 0x55, 0x1B, 0x75, 0x1B, 0x75, 0x1B, 0x75, 0x1B,
    0x76, 0x1B, 0xB3, 0x4B, 0x8A, 0x4A, 0x65, 0x29, 0x86, 0x31, 0xEB, 0x5A, 0xB3, 0x43, 0x55, 0x13,
    0x75, 0x1B, 0x75, 0x1B, 0x75, 0x1B, 0x75, 0x1B, 0x55, 0x1B, 0x55, 0x13, 0x94, 0x2B, 0x6E, 0x63,
    0x69, 0x4A, 0x49, 0x42, 0x28, 0x42, 0x28, 0x42, 0xAF, 0x73, 0xD0, 0x2A, 0x0E, 0x02, 0x0E, 0x02,
    0x0E, 0x02, 0x0E, 0x02, 0x0E, 0x02, 0xAA, 0x11, 0x61, 0x08, 0x00, 0x00, 0x00, 0x00, 0x00, 0x00,
    0xC4, 0x10, 0xEC, 0x09, 0xED, 0x01, 0xED, 0x01, 0xAF, 0x22, 0xD8, 0xB5, 0x79, 0xCE, 0x9A, 0xD6,
    0x9A, 0xD6, 0x9A, 0xD6, 0xBA, 0xD6, 0x9A, 0xCE, 0x38, 0xC6, 0x38, 0xC6, 0x38, 0xC6, 0x18, 0xBE,
    0x59, 0xC6, 0xFC, 0xDE, 0x1C, 0xDF, 0x1C, 0xE7, 0x1C, 0xE7, 0xFB, 0xDE, 0x59, 0xC6, 0x39, 0xC6,
    0x59, 0xC6, 0x59, 0xC6, 0x59, 0xC6, 0xDB, 0xDE, 0x3C, 0xE7, 0x3C, 0xE7, 0x3C, 0xE7, 0x3D, 0xE7,
    0x5A, 0xC6, 0xD0, 0x2A, 0x0E, 0x02, 0x0E, 0x02, 0x0E, 0x02, 0x0E, 0x02, 0x0E, 0x02, 0x0E, 0x02,
    0x0E, 0x02, 0x0E, 0x02, 0xED, 0x09, 0x25, 0x19, 0x82, 0x10, 0x61, 0x08, 0x20, 0x00, 0x82, 0x08,
    0xCA, 0x19, 0x0E, 0x02, 0x0E, 0x02, 0x0E, 0x02, 0x0E, 0x02, 0x0E, 0x02, 0x6F, 0x12, 0xAD, 0x42,
    0x86, 0x31, 0x08, 0x42, 0x28, 0x42, 0x08, 0x42, 0x29, 0x3A, 0x53, 0x2B, 0x55, 0x13, 0x55, 0x13,
    0x55, 0x13, 0x55, 0x13, 0x55, 0x1B, 0x55, 0x1B, 0x76, 0x1B, 0xAF, 0x22, 0x04, 0x19, 0xC3, 0x18,
    0x45, 0x29, 0xED, 0x4A, 0x55, 0x1B, 0x35, 0x1B, 0xA8, 0x21, 0x00, 0x00, 0x00, 0x00, 0x82, 0x08,
    0x0C, 0x12, 0x0E, 0x02, 0x0E, 0x02, 0x2E, 0x0A, 0xC4, 0x10, 0x00, 0x00, 0x00, 0x00, 0x00, 0x00,
    0x00, 0x00, 0x00, 0x00, 0x00, 0x00, 0x00, 0x00, 0x00, 0x00, 0x00, 0x00, 0x00, 0x00, 0x00, 0x00,
    0x00, 0x00, 0x00, 0x00, 0x00, 0x00, 0x00, 0x00, 0x00, 0x00, 0x00, 0x00, 0x00, 0x00, 0x00, 0x00,
    0x00, 0x00, 0x00, 0x00, 0x00, 0x00, 0x00, 0x00, 0x00, 0x00, 0x00, 0x00, 0x00, 0x00, 0x00, 0x00,
    0x00, 0x00, 0x00, 0x00, 0x00, 0x00, 0x00, 0x00, 0x00, 0x00, 0x00, 0x00, 0x00, 0x00, 0x00, 0x00,
    0x00, 0x00, 0x00, 0x00, 0x00, 0x00, 0x00, 0x00, 0x00, 0x00, 0x00, 0x00, 0x00, 0x00, 0x00, 0x00,
    0x00, 0x00, 0x00, 0x00, 0x00, 0x00, 0x00, 0x00, 0x00, 0x00, 0x00, 0x00, 0x00, 0x00, 0x00, 0x00,
    0x00, 0x00, 0x00, 0x00, 0x00, 0x00, 0x00, 0x00, 0x00, 0x00, 0x00, 0x00, 0x00, 0x00, 0x00, 0x00,
    0x00, 0x00, 0x00, 0x00, 0x00, 0x00, 0x00, 0x00, 0x00, 0x00, 0x00, 0x00, 0x00, 0x00, 0x00, 0x00,
    0x00, 0x00, 0x00, 0x00, 0x00, 0x00, 0x00, 0x00, 0x00, 0x00, 0x00, 0x00, 0x00, 0x00, 0x00, 0x00,
    0x00, 0x00, 0x00, 0x00, 0x00, 0x00, 0x00, 0x00, 0x00, 0x00, 0x00, 0x00, 0x00, 0x00, 0x00, 0x00,
    0x00, 0x00, 0x00, 0x00, 0x00, 0x00, 0x00, 0x00, 0x00, 0x00, 0x00, 0x00, 0x00, 0x00, 0x00, 0x00,
    0x00, 0x00, 0x00, 0x00, 0x00, 0x00, 0x00, 0x00, 0x00, 0x00, 0x00, 0x00, 0x00, 0x00, 0x00, 0x00,
    0x00, 0x00, 0x00, 0x00, 0x00, 0x00, 0x00, 0x00, 0x00, 0x00, 0x00, 0x00, 0x00, 0x00, 0x00, 0x00,
    0x00, 0x00, 0x00, 0x00, 0x00, 0x00, 0x00, 0x00, 0x00, 0x00, 0x00, 0x00, 0x00, 0x00, 0x00, 0x00,
    0x00, 0x00, 0x00, 0x00, 0x00, 0x00, 0x00, 0x00, 0x00, 0x00, 0x00, 0x00, 0x00, 0x00, 0x00, 0x00,
    0x00, 0x00, 0x00, 0x00, 0x00, 0x00, 0x00, 0x00, 0x00, 0x00, 0x00, 0x00, 0x00, 0x00, 0x00, 0x00,
    0x00, 0x00, 0x00, 0x00, 0x00, 0x00, 0x06, 0x11, 0x0E, 0x0A, 0x0E, 0x02, 0xEE, 0x01, 0xB1, 0x0A,
    0x55, 0x1B, 0x55, 0x1B, 0x75, 0x1B, 0x75, 0x1B, 0x75, 0x1B, 0xB1, 0x63, 0xAA, 0x52, 0x08, 0x3A,
    0x8A, 0x52, 0x52, 0x7C, 0x75, 0x2B, 0x55, 0x13, 0x55, 0x1B, 0x75, 0x1B, 0x75, 0x1B, 0x75, 0x1B,
    0x75, 0x1B, 0x75, 0x1B, 0x34, 0x5C, 0x2C, 0x63, 0x49, 0x4A, 0x49, 0x4A, 0x49, 0x4A, 0x8A, 0x52,
    0xB0, 0x63, 0x2E, 0x12, 0x0E, 0x02, 0x0E, 0x02, 0x0E, 0x02, 0x0E, 0x02, 0xED, 0x09, 0xE4, 0x10,
    0x00, 0x00, 0x00, 0x00, 0x00, 0x00, 0x00, 0x00, 0x26, 0x19, 0xED, 0x09, 0xED, 0x01, 0xED, 0x01,
    0x2E, 0x12, 0x30, 0x3B, 0x51, 0x43, 0x71, 0x43, 0x71, 0x43, 0x71, 0x43, 0x72, 0x43, 0x51, 0x43,
    0x51, 0x3B, 0x51, 0x3B, 0x51, 0x3B, 0x31, 0x3B, 0x31, 0x3B, 0x51, 0x43, 0x51, 0x43, 0x71, 0x43,
    0x71, 0x43, 0x71, 0x43, 0x51, 0x43, 0x51, 0x43, 0x51, 0x43, 0x51, 0x43, 0x51, 0x43, 0x71, 0x43,
    0x92, 0x4B, 0x92, 0x4B, 0x92, 0x4B, 0x92, 0x4B, 0xF0, 0x2A, 0x0E, 0x0A, 0x0E, 0x02, 0x0E, 0x02,
    0x0E, 0x02, 0x0E, 0x02, 0x0E, 0x02, 0x0E, 0x02, 0x0E, 0x02, 0x0E, 0x02, 0xCD, 0x09, 0x87, 0x21,
    0x04, 0x21, 0xE3, 0x18, 0xA2, 0x10, 0xA2, 0x10, 0x6A, 0x42, 0x6F, 0x1A, 0x0E, 0x02, 0x0E, 0x02,
    0x0E, 0x02, 0x0E, 0x02, 0x0E, 0x0A, 0xAC, 0x42, 0xC7, 0x39, 0x49, 0x4A, 0x49, 0x4A, 0x08, 0x3A,
    0xC7, 0x39, 0x71, 0x4B, 0x55, 0x1B, 0x55, 0x13, 0x55, 0x13, 0x55, 0x1B, 0x55, 0x1B, 0x55, 0x1B,
    0x56, 0x13, 0x13, 0x23, 0xC8, 0x29, 0x82, 0x10, 0x04, 0x21, 0x8A, 0x4A, 0x74, 0x33, 0x55, 0x1B,
    0x6D, 0x2A, 0x61, 0x08, 0x00, 0x00, 0x41, 0x08, 0xA9, 0x19, 0x0E, 0x02, 0x0E, 0x02, 0x0E, 0x0A,
    0x26, 0x11, 0x00, 0x00, 0x00, 0x00, 0x00, 0x00, 0x00, 0x00, 0x00, 0x00, 0x00, 0x00, 0x00, 0x00,
    0x00, 0x00, 0x00, 0x00, 0x00, 0x00, 0x00, 0x00, 0x00, 0x00, 0x00, 0x00, 0x00, 0x00, 0x00, 0x00,
    0x00, 0x00, 0x00, 0x00, 0x00, 0x00, 0x00, 0x00, 0x00, 0x00, 0x00, 0x00, 0x00, 0x00, 0x00, 0x00,
    0x00, 0x00, 0x00, 0x00, 0x00, 0x00, 0x00, 0x00, 0x00, 0x00, 0x00, 0x00, 0x00, 0x00, 0x00, 0x00,
    0x00, 0x00, 0x00, 0x00, 0x00, 0x00, 0x00, 0x00, 0x00, 0x00, 0x00, 0x00, 0x00, 0x00, 0x00, 0x00,
    0x00, 0x00, 0x00, 0x00, 0x00, 0x00, 0x00, 0x00, 0x00, 0x00, 0x00, 0x00, 0x00, 0x00, 0x00, 0x00,
    0x00, 0x00, 0x00, 0x00, 0x00, 0x00, 0x00, 0x00, 0x00, 0x00, 0x00, 0x00, 0x00, 0x00, 0x00, 0x00,
    0x00, 0x00, 0x00, 0x00, 0x00, 0x00, 0x00, 0x00, 0x00, 0x00, 0x00, 0x00, 0x00, 0x00, 0x00, 0x00,
    0x00, 0x00, 0x00, 0x00, 0x00, 0x00, 0x00, 0x00, 0x00, 0x00, 0x00, 0x00, 0x00, 0x00, 0x00, 0x00,
    0x00, 0x00, 0x00, 0x00, 0x00, 0x00, 0x00, 0x00, 0x00, 0x00, 0x00, 0x00, 0x00, 0x00, 0x00, 0x00,
    0x00, 0x00, 0x00, 0x00, 0x00, 0x00, 0x00, 0x00, 0x00, 0x00, 0x00, 0x00, 0x00, 0x00, 0x00, 0x00,
    0x00, 0x00, 0x00, 0x00, 0x00, 0x00, 0x00, 0x00, 0x00, 0x00, 0x00, 0x00, 0x00, 0x00, 0x00, 0x00,
    0x00, 0x00, 0x00, 0x00, 0x00, 0x00, 0x00, 0x00, 0x00, 0x00, 0x00, 0x00, 0x00, 0x00, 0x00, 0x00,
    0x00, 0x00, 0x00, 0x00, 0x00, 0x00, 0x00, 0x00, 0x00, 0x00, 0x00, 0x00, 0x00, 0x00, 0x00, 0x00,
    0x00, 0x00, 0x00, 0x00, 0x00, 0x00, 0x00, 0x00, 0x00, 0x00, 0x00, 0x00, 0x00, 0x00, 0x00, 0x00,
    0x00, 0x00, 0x00, 0x00, 0x00, 0x00, 0x00, 0x00, 0x00, 0x00, 0x00, 0x00, 0x00, 0x00, 0x00, 0x00,
    0x00, 0x00, 0x00, 0x00, 0x00, 0x00, 0x00, 0x00, 0x00, 0x00, 0x00, 0x00, 0x00, 0x00, 0x69, 0x11,
    0x0E, 0x02, 0x0E, 0x02, 0x0E, 0x02, 0xF3, 0x12, 0x55, 0x1B, 0x55, 0x1B, 0x75, 0x1B, 0x56, 0x13,
    0xD6, 0x33, 0xF0, 0x73, 0xEB, 0x5A, 0xAA, 0x52, 0x6D, 0x6B, 0x75, 0x6C, 0x55, 0x1B, 0x55, 0x1B,
    0x55, 0x1B, 0x55, 0x1B, 0x75, 0x1B, 0x75, 0x1B, 0x76, 0x1B, 0x55, 0x23, 0x6F, 0x5B, 0xAA, 0x52,
    0x8A, 0x52, 0x8A, 0x52, 0x8A, 0x52, 0x4D, 0x6B, 0xEF, 0x32, 0xED, 0x01, 0x0E, 0x02, 0x0E, 0x02,
    0x0E, 0x02, 0x0E, 0x0A, 0x68, 0x11, 0x20, 0x00, 0x00, 0x00, 0x00, 0x00, 0x00, 0x00, 0x00, 0x00,
    0x46, 0x19, 0xED, 0x09, 0xED, 0x01, 0xED, 0x01, 0xCD, 0x01, 0xCD, 0x01, 0xCD, 0x01, 0xED, 0x01,
    0xEE, 0x01, 0xEE, 0x01, 0xCE, 0x01, 0xED, 0x01, 0xED, 0x01, 0xEE, 0x01, 0xEE, 0x01, 0xEE, 0x01,
    0xEE, 0x01, 0xED, 0x01, 0xEE, 0x01, 0xEE, 0x01, 0xEE, 0x01, 0xEE, 0x01, 0xEE, 0x01, 0xEE, 0x01,
    0xEE, 0x01, 0xEE, 0x01, 0xEE, 0x01, 0xEE, 0x01, 0xEE, 0x01, 0xEE, 0x01, 0xEE, 0x01, 0xEE, 0x01,
    0xEE, 0x01, 0x0E, 0x02, 0x0E, 0x02, 0x0E, 0x02, 0x0E, 0x02, 0x0E, 0x02, 0x0E, 0x02, 0x0E, 0x02,
    0x0E, 0x02, 0xEE, 0x01, 0xCD, 0x01, 0x0A, 0x32, 0x86, 0x31, 0x65, 0x29, 0x65, 0x29, 0x86, 0x31,
    0x49, 0x4A, 0xEE, 0x42, 0x2E, 0x0A, 0x0E, 0x02, 0x0E, 0x02, 0xEE, 0x01, 0xED, 0x01, 0x6D, 0x22,
    0xAA, 0x52, 0xAA, 0x52, 0x69, 0x4A, 0x08, 0x42, 0xC7, 0x39, 0xAC, 0x4A, 0x54, 0x23, 0x55, 0x1B,
    0x75, 0x1B, 0x75, 0x1B, 0x55, 0x13, 0x55, 0x13, 0x55, 0x13, 0x35, 0x13, 0xCE, 0x3A, 0x03, 0x21,
    0x24, 0x21, 0xC7, 0x39, 0xCD, 0x42, 0x91, 0x53, 0x2E, 0x5B, 0x04, 0x21, 0x41, 0x08, 0x20, 0x00,
    0x46, 0x19, 0x0E, 0x0A, 0x0E, 0x02, 0xEE, 0x01, 0x69, 0x11, 0x20, 0x00, 0x00, 0x00, 0x00, 0x00,
    0x00, 0x00, 0x00, 0x00, 0x00, 0x00, 0x00, 0x00, 0x00, 0x00, 0x00, 0x00, 0x00, 0x00, 0x00, 0x00,
    0x00, 0x00, 0x00, 0x00, 0x00, 0x00, 0x00, 0x00, 0x00, 0x00, 0x00, 0x00, 0x00, 0x00, 0x00, 0x00,
    0x00, 0x00, 0x00, 0x00, 0x00, 0x00, 0x00, 0x00, 0x00, 0x00, 0x00, 0x00, 0x00, 0x00, 0x00, 0x00,
    0x00, 0x00, 0x00, 0x00, 0x00, 0x00, 0x00, 0x00, 0x00, 0x00, 0x00, 0x00, 0x00, 0x00, 0x00, 0x00,
    0x00, 0x00, 0x00, 0x00, 0x00, 0x00, 0x00, 0x00, 0x00, 0x00, 0x00, 0x00, 0x00, 0x00, 0x00, 0x00,
    0x00, 0x00, 0x00, 0x00, 0x00, 0x00, 0x00, 0x00, 0x00, 0x00, 0x00, 0x00, 0x00, 0x00, 0x00, 0x00,
    0x00, 0x00, 0x00, 0x00, 0x00, 0x00, 0x00, 0x00, 0x00, 0x00, 0x00, 0x00, 0x00, 0x00, 0x00, 0x00,
    0x00, 0x00, 0x00, 0x00, 0x00, 0x00, 0x00, 0x00, 0x00, 0x00, 0x00, 0x00, 0x00, 0x00, 0x00, 0x00,
    0x00, 0x00, 0x00, 0x00, 0x00, 0x00, 0x00, 0x00, 0x00, 0x00, 0x00, 0x00, 0x00, 0x00, 0x00, 0x00,
    0x00, 0x00, 0x00, 0x00, 0x00, 0x00, 0x00, 0x00, 0x00, 0x00, 0x00, 0x00, 0x00, 0x00, 0x00, 0x00,
    0x00, 0x00, 0x00, 0x00, 0x00, 0x00, 0x00, 0x00, 0x00, 0x00, 0x00, 0x00, 0x00, 0x00, 0x00, 0x00,
    0x00, 0x00, 0x00, 0x00, 0x00, 0x00, 0x00, 0x00, 0x00, 0x00, 0x00, 0x00, 0x00, 0x00, 0x00, 0x00,
    0x00, 0x00, 0x00, 0x00, 0x00, 0x00, 0x00, 0x00, 0x00, 0x00, 0x00, 0x00, 0x00, 0x00, 0x00, 0x00,
    0x00, 0x00, 0x00, 0x00, 0x00, 0x00, 0x00, 0x00, 0x00, 0x00, 0x00, 0x00, 0x00, 0x00, 0x00, 0x00,
    0x00, 0x00, 0x00, 0x00, 0x00, 0x00, 0x00, 0x00, 0x00, 0x00, 0x00, 0x00, 0x00, 0x00, 0x00, 0x00,
    0x00, 0x00, 0x00, 0x00, 0x00, 0x00, 0x00, 0x00, 0x00, 0x00, 0x00, 0x00, 0x00, 0x00, 0x00, 0x00,
    0x00, 0x00, 0x00, 0x00, 0x41, 0x00, 0xCB, 0x11, 0x0E, 0x02, 0x0E, 0x02, 0x2F, 0x0A, 0x34, 0x13,
    0x55, 0x1B, 0x55, 0x1B, 0x55, 0x1B, 0x55, 0x13, 0x55, 0x5C, 0xCF, 0x7B, 0xCB, 0x5A, 0xEB, 0x5A,
    0x8E, 0x73, 0xF5, 0x43, 0x55, 0x13, 0x55, 0x1B, 0x55, 0x1B, 0x55, 0x13, 0x55, 0x1B, 0x75, 0x1B,
    0x76, 0x1B, 0x93, 0x3B, 0xCB, 0x52, 0xAA, 0x52, 0xCB, 0x5A, 0xCB, 0x5A, 0xEB, 0x5A, 0xF0, 0x6B,
    0x2D, 0x12, 0xED, 0x01, 0x0E, 0x02, 0x0E, 0x02, 0xEE, 0x01, 0xEC, 0x11, 0xC3, 0x10, 0x00, 0x00,
    0x00, 0x00, 0x00, 0x00, 0x00, 0x00, 0x00, 0x00, 0x67, 0x19, 0xED, 0x09, 0xEE, 0x01, 0xED, 0x01,
    0xCD, 0x01, 0xED, 0x09, 0xED, 0x09, 0x0E, 0x0A, 0x0E, 0x0A, 0x0E, 0x0A, 0x0E, 0x0A, 0xEE, 0x09,
    0xED, 0x01, 0x0E, 0x02, 0x0E, 0x02, 0x0E, 0x02, 0x0E, 0x02, 0x0E, 0x02, 0x0E, 0x02, 0x0E, 0x02,
    0x0E, 0x02, 0x0E, 0x02, 0x0E, 0x02, 0x0E, 0x02, 0x0E, 0x02, 0x0E, 0x02, 0x0E, 0x02, 0x0E, 0x02,
    0x0E, 0x02, 0x0E, 0x02, 0x0E, 0x02, 0x0E, 0x02, 0x0E, 0x02, 0x0E, 0x02, 0x0E, 0x02, 0x0E, 0x02,
    0x0E, 0x02, 0x0E, 0x02, 0x0E, 0x02, 0x0E, 0x02, 0x0E, 0x02, 0xEE, 0x01, 0xED, 0x09, 0x4B, 0x3A,
    0xA6, 0x31, 0xA6, 0x31, 0xC7, 0x39, 0xE7, 0x39, 0x08, 0x42, 0x0C, 0x5B, 0x6E, 0x22, 0xEE, 0x01,
    0xEE, 0x01, 0xED, 0x01, 0xED, 0x01, 0x0D, 0x0A, 0x4E, 0x5B, 0xAA, 0x52, 0x69, 0x4A, 0x08, 0x42,
    0xE7, 0x39, 0xC7, 0x31, 0x32, 0x33, 0x76, 0x1B, 0x75, 0x1B, 0x55, 0x13, 0x55, 0x1B, 0x54, 0x23,
    0x73, 0x33, 0xB3, 0x43, 0x6F, 0x5B, 0xC7, 0x39, 0x45, 0x29, 0x86, 0x31, 0xE7, 0x39, 0x69, 0x4A,
    0xAA, 0x52, 0x45, 0x29, 0xA2, 0x10, 0x61, 0x08, 0xE4, 0x18, 0x0D, 0x12, 0xED, 0x01, 0xED, 0x01,
    0xCB, 0x11, 0x61, 0x08, 0x00, 0x00, 0x00, 0x00, 0x00, 0x00, 0x00, 0x00, 0x00, 0x00, 0x00, 0x00,
    0x00, 0x00, 0x00, 0x00, 0x00, 0x00, 0x00, 0x00, 0x00, 0x00, 0x00, 0x00, 0x00, 0x00, 0x00, 0x00,
    0x00, 0x00, 0x00, 0x00, 0x00, 0x00, 0x00, 0x00, 0x00, 0x00, 0x00, 0x00, 0x00, 0x00, 0x00, 0x00,
    0x00, 0x00, 0x00, 0x00, 0x00, 0x00, 0x00, 0x00, 0x00, 0x00, 0x00, 0x00, 0x00, 0x00, 0x00, 0x00,
    0x00, 0x00, 0x00, 0x00, 0x00, 0x00, 0x00, 0x00, 0x00, 0x00, 0x00, 0x00, 0x00, 0x00, 0x00, 0x00,
    0x00, 0x00, 0x00, 0x00, 0x00, 0x00, 0x00, 0x00, 0x00, 0x00, 0x00, 0x00, 0x00, 0x00, 0x00, 0x00,
    0x00, 0x00, 0x00, 0x00, 0x00, 0x00, 0x00, 0x00, 0x00, 0x00, 0x00, 0x00, 0x00, 0x00, 0x00, 0x00,
    0x00, 0x00, 0x00, 0x00, 0x00, 0x00, 0x00, 0x00, 0x00, 0x00, 0x00, 0x00, 0x00, 0x00, 0x00, 0x00,
    0x00, 0x00, 0x00, 0x00, 0x00, 0x00, 0x00, 0x00, 0x00, 0x00, 0x00, 0x00, 0x00, 0x00, 0x00, 0x00,
    0x00, 0x00, 0x00, 0x00, 0x00, 0x00, 0x00, 0x00, 0x00, 0x00, 0x00, 0x00, 0x00, 0x00, 0x00, 0x00,
    0x00, 0x00, 0x00, 0x00, 0x00, 0x00, 0x00, 0x00, 0x00, 0x00, 0x00, 0x00, 0x00, 0x00, 0x00, 0x00,
    0x00, 0x00, 0x00, 0x00, 0x00, 0x00, 0x00, 0x00, 0x00, 0x00, 0x00, 0x00, 0x00, 0x00, 0x00, 0x00,
    0x00, 0x00, 0x00, 0x00, 0x00, 0x00, 0x00, 0x00, 0x00, 0x00, 0x00, 0x00, 0x00, 0x00, 0x00, 0x00,
    0x00, 0x00, 0x00, 0x00, 0x00, 0x00, 0x00, 0x00, 0x00, 0x00, 0x00, 0x00, 0x00, 0x00, 0x00, 0x00,
    0x00, 0x00, 0x00, 0x00, 0x00, 0x00, 0x00, 0x00, 0x00, 0x00, 0x00, 0x00, 0x00, 0x00, 0x00, 0x00,
    0x00, 0x00, 0x00, 0x00, 0x00, 0x00, 0x00, 0x00, 0x00, 0x00, 0x00, 0x00, 0x00, 0x00, 0x00, 0x00,
    0x00, 0x00, 0x00, 0x00, 0x00, 0x00, 0x00, 0x00, 0x00, 0x00, 0x00, 0x00, 0x82, 0x08, 0xCC, 0x09,
    0x0E, 0x02, 0x0E, 0x02, 0x70, 0x0A, 0x55, 0x1B, 0x55, 0x1B, 0x55, 0x1B, 0x55, 0x1B, 0x35, 0x1B,
    0x54, 0x6C, 0x8E, 0x73, 0xCB, 0x5A, 0xEB, 0x5A, 0xD0, 0x73, 0x95, 0x2B, 0x76, 0x1B, 0x55, 0x1B,
    0x55, 0x1B, 0x55, 0x13, 0x55, 0x1B, 0x55, 0x1B, 0x75, 0x1B, 0x13, 0x64, 0xAA, 0x52, 0x8A, 0x52,
    0xCB, 0x5A, 0xCB, 0x5A, 0xEB, 0x5A, 0x50, 0x4B, 0xEE, 0x01, 0xEE, 0x01, 0xEE, 0x01, 0xED, 0x01,
    0xED, 0x09, 0x47, 0x11, 0x20, 0x00, 0x00, 0x00, 0x00, 0x00, 0x00, 0x00, 0x00, 0x00, 0x00, 0x00,
    0x67, 0x19, 0x0E, 0x0A, 0x0E, 0x02, 0xED, 0x01, 0x71, 0x4B, 0x98, 0x9D, 0x16, 0x95, 0xD5, 0x8C,
    0xF5, 0x8C, 0x16, 0x8D, 0x16, 0x8D, 0xB5, 0x7C, 0x4F, 0x1A, 0x0E, 0x02, 0x0E, 0x02, 0x0E, 0x02,
    0x0E, 0x02, 0x0E, 0x02, 0x0E, 0x02, 0x0E, 0x02, 0x0E, 0x02, 0x0E, 0x02, 0x0E, 0x02, 0x0E, 0x02,
    0x0E, 0x02, 0x0E, 0x02, 0x0E, 0x02, 0x0E, 0x02, 0x0E, 0x02, 0x0E, 0x02, 0x0E, 0x02, 0x0E, 0x02,
    0x0E, 0x02, 0x0E, 0x02, 0x0E, 0x02, 0x0E, 0x02, 0x0E, 0x02, 0x0E, 0x02, 0x0E, 0x02, 0x0E, 0x02,
    0x0E, 0x02, 0x0E, 0x02, 0xED, 0x09, 0x8B, 0x3A, 0xC7, 0x39, 0xA6, 0x31, 0xE7, 0x39, 0x08, 0x42,
    0x28, 0x42, 0x69, 0x4A, 0x8C, 0x3A, 0xED, 0x09, 0xEE, 0x01, 0xEE, 0x01, 0xED, 0x01, 0xED, 0x01,
    0xEF, 0x3A, 0xAA, 0x52, 0x8A, 0x4A, 0x08, 0x42, 0xC7, 0x39, 0xA6, 0x31, 0x50, 0x53, 0x75, 0x1B,
    0x55, 0x13, 0x55, 0x13, 0x72, 0x43, 0x6F, 0x63, 0x4D, 0x63, 0x4D, 0x6B, 0xEB, 0x5A, 0x08, 0x42,
    0x65, 0x29, 0xA6, 0x31, 0xA6, 0x31, 0xE7, 0x39, 0x49, 0x4A, 0x45, 0x29, 0xA2, 0x10, 0xA2, 0x10,
    0xE3, 0x18, 0x2C, 0x22, 0xED, 0x01, 0xED, 0x01, 0xCC, 0x09, 0x83, 0x08, 0x00, 0x00, 0x00, 0x00,
    0x00, 0x00, 0x00, 0x00, 0x00, 0x00, 0x00, 0x00, 0x00, 0x00, 0x00, 0x00, 0x00, 0x00, 0x00, 0x00,
    0x00, 0x00, 0x00, 0x00, 0x00, 0x00, 0x00, 0x00, 0x00, 0x00, 0x00, 0x00, 0x00, 0x00, 0x00, 0x00,
    0x00, 0x00, 0x00, 0x00, 0x00, 0x00, 0x00, 0x00, 0x00, 0x00, 0x00, 0x00, 0x00, 0x00, 0x00, 0x00,
    0x00, 0x00, 0x00, 0x00, 0x00, 0x00, 0x00, 0x00, 0x00, 0x00, 0x00, 0x00, 0x00, 0x00, 0x00, 0x00,
    0x00, 0x00, 0x00, 0x00, 0x00, 0x00, 0x00, 0x00, 0x00, 0x00, 0x00, 0x00, 0x00, 0x00, 0x00, 0x00,
    0x00, 0x00, 0x00, 0x00, 0x00, 0x00, 0x00, 0x00, 0x00, 0x00, 0x00, 0x00, 0x00, 0x00, 0x00, 0x00,
    0x00, 0x00, 0x00, 0x00, 0x00, 0x00, 0x00, 0x00, 0x00, 0x00, 0x00, 0x00, 0x00, 0x00, 0x00, 0x00,
    0x00, 0x00, 0x00, 0x00, 0x00, 0x00, 0x00, 0x00, 0x00, 0x00, 0x00, 0x00, 0x00, 0x00, 0x00, 0x00,
    0x00, 0x00, 0x00, 0x00, 0x00, 0x00, 0x00, 0x00, 0x00, 0x00, 0x00, 0x00, 0x00, 0x00, 0x00, 0x00,
    0x00, 0x00, 0x00, 0x00, 0x00, 0x00, 0x00, 0x00, 0x00, 0x00, 0x00, 0x00, 0x00, 0x00, 0x00, 0x00,
    0x00, 0x00, 0x00, 0x00, 0x00, 0x00, 0x00, 0x00, 0x00, 0x00, 0x00, 0x00, 0x00, 0x00, 0x00, 0x00,
    0x00, 0x00, 0x00, 0x00, 0x00, 0x00, 0x00, 0x00, 0x00, 0x00, 0x00, 0x00, 0x00, 0x00, 0x00, 0x00,
    0x00, 0x00, 0x00, 0x00, 0x00, 0x00, 0x00, 0x00, 0x00, 0x00, 0x00, 0x00, 0x00, 0x00, 0x00, 0x00,
    0x00, 0x00, 0x00, 0x00, 0x00, 0x00, 0x00, 0x00, 0x00, 0x00, 0x00, 0x00, 0x00, 0x00, 0x00, 0x00,
    0x00, 0x00, 0x00, 0x00, 0x00, 0x00, 0x00, 0x00, 0x00, 0x00, 0x00, 0x00, 0x00, 0x00, 0x00, 0x00,
    0x00, 0x00, 0x00, 0x00, 0x00, 0x00, 0x00, 0x00, 0x00, 0x00, 0x00, 0x00, 0x00, 0x00, 0x00, 0x00,
    0x00, 0x00, 0x00, 0x00, 0xC4, 0x08, 0xED, 0x09, 0xED, 0x01, 0xED, 0x01, 0x91, 0x0A, 0x75, 0x1B,
    0x75, 0x1B, 0x55, 0x1B, 0x55, 0x13, 0x75, 0x23, 0x93, 0x84, 0x4D, 0x6B, 0xEB, 0x5A, 0x2C, 0x63,
    0x53, 0x74, 0x76, 0x1B, 0x75, 0x1B, 0x75, 0x1B, 0x55, 0x1B, 0x55, 0x1B, 0x55, 0x1B, 0x55, 0x13,
    0x75, 0x2B, 0xD0, 0x6B, 0x49, 0x4A, 0x8A, 0x52, 0xAA, 0x52, 0xCB, 0x5A, 0xEC, 0x52, 0x6E, 0x1A,
    0x0E, 0x02, 0x0E, 0x02, 0xEE, 0x01, 0xED, 0x01, 0xEC, 0x11, 0xC3, 0x10, 0x00, 0x00, 0x00, 0x00,
    0x00, 0x00, 0x00, 0x00, 0x00, 0x00, 0x00, 0x00, 0x26, 0x11, 0xED, 0x09, 0xEE, 0x01, 0xED, 0x01,
    0x74, 0x6C, 0x9E, 0xF7, 0xFB, 0xDE, 0x79, 0xCE, 0x79, 0xCE, 0x79, 0xCE, 0x9A, 0xD6, 0x39, 0xBE,
    0xB0, 0x1A, 0x0E, 0x02, 0x0E, 0x02, 0x0E, 0x02, 0x0E, 0x02, 0x0E, 0x02, 0x0E, 0x02, 0x0E, 0x02,
    0x0E, 0x02, 0x0E, 0x02, 0x0E, 0x02, 0x0E, 0x02, 0x0E, 0x02, 0x0E, 0x02, 0x0E, 0x02, 0x0E, 0x02,
    0x0E, 0x02, 0x0E, 0x02, 0x0E, 0x02, 0x0E, 0x02, 0x0E, 0x02, 0x0E, 0x02, 0x0E, 0x02, 0x0E, 0x02,
    0x0E, 0x02, 0x0E, 0x02, 0x0E, 0x02, 0x0E, 0x02, 0x0E, 0x02, 0x0E, 0x02, 0xED, 0x09, 0x6B, 0x3A,
    0xA6, 0x31, 0xA6, 0x31, 0xE7, 0x39, 0x28, 0x42, 0x49, 0x4A, 0x49, 0x4A, 0x0C, 0x5B, 0x6E, 0x22,
    0xED, 0x01, 0x0E, 0x02, 0x0E, 0x02, 0x0E, 0x02, 0x4E, 0x12, 0xAB, 0x52, 0x8A, 0x52, 0x08, 0x42,
    0xE7, 0x39, 0xE7, 0x39, 0x4E, 0x63, 0x74, 0x23, 0x55, 0x13, 0x35, 0x13, 0xD3, 0x53, 0xAE, 0x73,
    0xEB, 0x5A, 0xAA, 0x52, 0x8A, 0x4A, 0xC7, 0x39, 0x45, 0x29, 0x86, 0x31, 0xA6, 0x31, 0xE7, 0x39,
    0x28, 0x42, 0x65, 0x29, 0x04, 0x21, 0x86, 0x31, 0x49, 0x42, 0xAE, 0x32, 0xEE, 0x01, 0x0E, 0x02,
    0x0E, 0x0A, 0xE5, 0x08, 0x00, 0x00, 0x00, 0x00, 0x00, 0x00, 0x00, 0x00, 0x00, 0x00, 0x00, 0x00,
    0x00, 0x00, 0x00, 0x00, 0x00, 0x00, 0x00, 0x00, 0x00, 0x00, 0x00, 0x00, 0x00, 0x00, 0x00, 0x00,
    0x00, 0x00, 0x00, 0x00, 0x00, 0x00, 0x00, 0x00, 0x00, 0x00, 0x00, 0x00, 0x00, 0x00, 0x00, 0x00,
    0x00, 0x00, 0x00, 0x00, 0x00, 0x00, 0x00, 0x00, 0x00, 0x00, 0x00, 0x00, 0x00, 0x00, 0x00, 0x00,
    0x00, 0x00, 0x00, 0x00, 0x00, 0x00, 0x00, 0x00, 0x00, 0x00, 0x00, 0x00, 0x00, 0x00, 0x00, 0x00,
    0x00, 0x00, 0x00, 0x00, 0x00, 0x00, 0x00, 0x00, 0x00, 0x00, 0x00, 0x00, 0x00, 0x00, 0x00, 0x00,
    0x00, 0x00, 0x00, 0x00, 0x00, 0x00, 0x00, 0x00, 0x00, 0x00, 0x00, 0x00, 0x00, 0x00, 0x00, 0x00,
    0x00, 0x00, 0x00, 0x00, 0x00, 0x00, 0x00, 0x00, 0x00, 0x00, 0x00, 0x00, 0x00, 0x00, 0x00, 0x00,
    0x00, 0x00, 0x00, 0x00, 0x00, 0x00, 0x00, 0x00, 0x00, 0x00, 0x00, 0x00, 0x00, 0x00, 0x00, 0x00,
    0x00, 0x00, 0x00, 0x00, 0x00, 0x00, 0x00, 0x00, 0x00, 0x00, 0x00, 0x00, 0x00, 0x00, 0x00, 0x00,
    0x00, 0x00, 0x00, 0x00, 0x00, 0x00, 0x00, 0x00, 0x00, 0x00, 0x00, 0x00, 0x00, 0x00, 0x00, 0x00,
    0x00, 0x00, 0x00, 0x00, 0x00, 0x00, 0x00, 0x00, 0x00, 0x00, 0x00, 0x00, 0x00, 0x00, 0x00, 0x00,
    0x00, 0x00, 0x00, 0x00, 0x00, 0x00, 0x00, 0x00, 0x00, 0x00, 0x00, 0x00, 0x00, 0x00, 0x00, 0x00,
    0x00, 0x00, 0x00, 0x00, 0x00, 0x00, 0x00, 0x00, 0x00, 0x00, 0x00, 0x00, 0x00, 0x00, 0x00, 0x00,
    0x00, 0x00, 0x00, 0x00, 0x00, 0x00, 0x00, 0x00, 0x00, 0x00, 0x00, 0x00, 0x00, 0x00, 0x00, 0x00,
    0x00, 0x00, 0x00, 0x00, 0x00, 0x00, 0x00, 0x00, 0x00, 0x00, 0x00, 0x00, 0x00, 0x00, 0x00, 0x00,
    0x00, 0x00, 0x00, 0x00, 0x00, 0x00, 0x41, 0x08, 0x62, 0x08, 0xA3, 0x08, 0x89, 0x11, 0x0E, 0x0A,
    0x0E, 0x02, 0xEE, 0x01, 0xD2, 0x12, 0x75, 0x1B, 0x75, 0x1B, 0x75, 0x1B, 0x55, 0x13, 0xD5, 0x3B,
    0xF4, 0x94, 0x6D, 0x6B, 0x0C, 0x63, 0x4D, 0x6B, 0x55, 0x5C, 0x76, 0x1B, 0x75, 0x1B, 0x75, 0x1B,
    0x75, 0x1B, 0x55, 0x1B, 0x55, 0x1B, 0x55, 0x13, 0x93, 0x3B, 0x2D, 0x63, 0x8A, 0x4A, 0xAA, 0x52,
    0xCB, 0x5A, 0x2C, 0x63, 0x90, 0x5B, 0x2E, 0x0A, 0x0E, 0x02, 0x0E, 0x02, 0x0E, 0x02, 0x0E, 0x02,
    0x88, 0x19, 0x41, 0x08, 0x00, 0x00, 0x00, 0x00, 0x00, 0x00, 0x00, 0x00, 0x00, 0x00, 0x00, 0x00,
    0x26, 0x11, 0x0E, 0x0A, 0x0E, 0x02, 0xCD, 0x01, 0x34, 0x6C, 0x9E, 0xEF, 0xDB, 0xDE, 0x59, 0xCE,
    0x59, 0xCE, 0x79, 0xCE, 0x79, 0xCE, 0x19, 0xBE, 0x8F, 0x22, 0x0E, 0x02, 0x0E, 0x02, 0x0E, 0x02,
    0x0E, 0x02, 0x0E, 0x02, 0x0E, 0x02, 0x0E, 0x02, 0x0E, 0x02, 0x0E, 0x02, 0x0E, 0x02, 0x0E, 0x02,
    0x0E, 0x02, 0x0E, 0x02, 0x0E, 0x02, 0x0E, 0x02, 0x0E, 0x02, 0x0E, 0x02, 0x0E, 0x02, 0x0E, 0x02,
    0x0E, 0x02, 0x0E, 0x02, 0x0E, 0x02, 0x0E, 0x02, 0x0E, 0x02, 0x0E, 0x02, 0x0E, 0x02, 0x0E, 0x02,
    0x0E, 0x02, 0x0E, 0x02, 0xED, 0x09, 0x8C, 0x42, 0x08, 0x42, 0xE7, 0x39, 0x08, 0x42, 0x69, 0x4A,
    0xAA, 0x52, 0xCB, 0x5A, 0x4D, 0x6B, 0x0F, 0x4B, 0xEE, 0x01, 0x0E, 0x02, 0x0E, 0x02, 0x0E, 0x02,
    0x0E, 0x0A, 0x2E, 0x4B, 0xAA, 0x52, 0x28, 0x42, 0x08, 0x42, 0x28, 0x42, 0x8A, 0x52, 0x32, 0x33,
    0x55, 0x13, 0x55, 0x13, 0xF5, 0x43, 0x30, 0x84, 0xEB, 0x5A, 0xAA, 0x52, 0xAA, 0x52, 0x28, 0x42,
    0xA6, 0x31, 0x08, 0x42, 0x49, 0x4A, 0xCC, 0x52, 0x4E, 0x5B, 0x0E, 0x4B, 0x30, 0x3B, 0x93, 0x3B,
    0x95, 0x33, 0xF3, 0x1A, 0x0E, 0x02, 0x0E, 0x02, 0x0E, 0x02, 0xCA, 0x11, 0xA3, 0x08, 0x41, 0x08,
    0x20, 0x00, 0x00, 0x00, 0x00, 0x00, 0x00, 0x00, 0x00, 0x00, 0x00, 0x00, 0x00, 0x00, 0x00, 0x00,
    0x00, 0x00, 0x00, 0x00, 0x00, 0x00, 0x00, 0x00, 0x00, 0x00, 0x00, 0x00, 0x00, 0x00, 0x00, 0x00,
    0x00, 0x00, 0x00, 0x00, 0x00, 0x00, 0x00, 0x00, 0x00, 0x00, 0x00, 0x00, 0x00, 0x00, 0x00, 0x00,
    0x00, 0x00, 0x00, 0x00, 0x00, 0x00, 0x00, 0x00, 0x00, 0x00, 0x00, 0x00, 0x00, 0x00, 0x00, 0x00,
    0x00, 0x00, 0x00, 0x00, 0x00, 0x00, 0x00, 0x00, 0x00, 0x00, 0x00, 0x00, 0x00, 0x00, 0x00, 0x00,
    0x00, 0x00, 0x00, 0x00, 0x00, 0x00, 0x00, 0x00, 0x00, 0x00, 0x00, 0x00, 0x00, 0x00, 0x00, 0x00,
    0x00, 0x00, 0x00, 0x00, 0x00, 0x00, 0x00, 0x00, 0x00, 0x00, 0x00, 0x00, 0x00, 0x00, 0x00, 0x00,
    0x00, 0x00, 0x00, 0x00, 0x00, 0x00, 0x00, 0x00, 0x00, 0x00, 0x00, 0x00, 0x00, 0x00, 0x00, 0x00,
    0x00, 0x00, 0x00, 0x00, 0x00, 0x00, 0x00, 0x00, 0x00, 0x00, 0x00, 0x00, 0x00, 0x00, 0x00, 0x00,
    0x00, 0x00, 0x00, 0x00, 0x00, 0x00, 0x00, 0x00, 0x00, 0x00, 0x00, 0x00, 0x00, 0x00, 0x00, 0x00,
    0x00, 0x00, 0x00, 0x00, 0x00, 0x00, 0x00, 0x00, 0x00, 0x00, 0x00, 0x00, 0x00, 0x00, 0x00, 0x00,
    0x00, 0x00, 0x00, 0x00, 0x00, 0x00, 0x00, 0x00, 0x00, 0x00, 0x00, 0x00, 0x00, 0x00, 0x00, 0x00,
    0x00, 0x00, 0x00, 0x00, 0x00, 0x00, 0x00, 0x00, 0x00, 0x00, 0x00, 0x00, 0x00, 0x00, 0x00, 0x00,
    0x00, 0x00, 0x00, 0x00, 0x00, 0x00, 0x00, 0x00, 0x00, 0x00, 0x00, 0x00, 0x00, 0x00, 0x00, 0x00,
    0x00, 0x00, 0x00, 0x00, 0x00, 0x00, 0x00, 0x00, 0x00, 0x00, 0x00, 0x00, 0x00, 0x00, 0x00, 0x00,
    0x00, 0x00, 0x00, 0x00, 0x41, 0x08, 0xC3, 0x10, 0x45, 0x19, 0xA8, 0x21, 0xCA, 0x21, 0x0C, 0x1A,
    0x0D, 0x12, 0x0D, 0x0A, 0x0E, 0x0A, 0x0E, 0x02, 0x0E, 0x02, 0x0E, 0x02, 0x13, 0x13, 0x55, 0x1B,
    0x55, 0x1B, 0x75, 0x1B, 0x55, 0x13, 0x36, 0x4C, 0xD3, 0x94, 0x8E, 0x73, 0x6D, 0x6B, 0xEF, 0x7B,
    0xD5, 0x43, 0x76, 0x13, 0x75, 0x1B, 0x75, 0x1B, 0x75, 0x1B, 0x75, 0x1B, 0x55, 0x1B, 0x55, 0x1B,
    0x92, 0x4B, 0x69, 0x4A, 0x49, 0x4A, 0x8A, 0x52, 0xAA, 0x52, 0x2C, 0x63, 0x30, 0x43, 0x0E, 0x02,
    0x0E, 0x02, 0x0E, 0x02, 0x0E, 0x02, 0x0D, 0x0A, 0xE4, 0x10, 0x00, 0x00, 0x00, 0x00, 0x00, 0x00,
    0x00, 0x00, 0x00, 0x00, 0x00, 0x00, 0x00, 0x00, 0x26, 0x11, 0x0E, 0x0A, 0x0E, 0x02, 0xEE, 0x01,
    0xF3, 0x5B, 0xDB, 0xDE, 0xDB, 0xDE, 0xFB, 0xDE, 0xFB, 0xDE, 0xFB, 0xDE, 0x1C, 0xE7, 0x7A, 0xC6,
    0x6F, 0x1A, 0xEE, 0x01, 0x0E, 0x02, 0x0E, 0x02, 0x0E, 0x02, 0x0E, 0x02, 0x0E, 0x02, 0x0E, 0x02,
    0x0E, 0x02, 0x0E, 0x02, 0x0E, 0x02, 0x0E, 0x02, 0x0E, 0x02, 0x0E, 0x02, 0x0E, 0x02, 0x0E, 0x02,
    0x0E, 0x02, 0x0E, 0x02, 0x0E, 0x02, 0x0E, 0x02, 0x0E, 0x02, 0x0E, 0x02, 0x0E, 0x02, 0x0E, 0x02,
    0x0E, 0x02, 0x0E, 0x02, 0x0E, 0x02, 0x0E, 0x02, 0x0E, 0x02, 0x0E, 0x02, 0x0D, 0x0A, 0xAC, 0x42,
    0x69, 0x4A, 0x08, 0x42, 0x28, 0x42, 0x69, 0x4A, 0xCB, 0x5A, 0x2C, 0x63, 0x6D, 0x6B, 0xAF, 0x6B,
    0x6F, 0x1A, 0x0E, 0x02, 0x0E, 0x02, 0x0E, 0x02, 0x0E, 0x02, 0xEF, 0x32, 0x0C, 0x63, 0xAA, 0x52,
    0xEB, 0x5A, 0xCB, 0x5A, 0x69, 0x52, 0x71, 0x4B, 0x55, 0x1B, 0x55, 0x13, 0xD6, 0x33, 0x31, 0x7C,
    0x2C, 0x6B, 0x0C, 0x63, 0x2D, 0x63, 0x2D, 0x5B, 0x4F, 0x53, 0xD2, 0x53, 0xB4, 0x43, 0x94, 0x33,
    0x75, 0x23, 0x75, 0x1B, 0x55, 0x1B, 0x55, 0x13, 0x76, 0x1B, 0x34, 0x13, 0x2F, 0x02, 0x0E, 0x02,
    0x0E, 0x02, 0x0E, 0x0A, 0x0D, 0x0A, 0xCC, 0x09, 0x8A, 0x11, 0x68, 0x11, 0x26, 0x11, 0xC4, 0x10,
    0x82, 0x08, 0x41, 0x08, 0x00, 0x00, 0x00, 0x00, 0x00, 0x00, 0x00, 0x00, 0x00, 0x00, 0x00, 0x00,
    0x00, 0x00, 0x00, 0x00, 0x00, 0x00, 0x00, 0x00, 0x00, 0x00, 0x00, 0x00, 0x00, 0x00, 0x00, 0x00,
    0x00, 0x00, 0x00, 0x00, 0x00, 0x00, 0x00, 0x00, 0x00, 0x00, 0x00, 0x00, 0x00, 0x00, 0x00, 0x00,
    0x00, 0x00, 0x00, 0x00, 0x00, 0x00, 0x00, 0x00, 0x00, 0x00, 0x00, 0x00, 0x00, 0x00, 0x00, 0x00,
    0x00, 0x00, 0x00, 0x00, 0x00, 0x00, 0x00, 0x00, 0x00, 0x00, 0x00, 0x00, 0x00, 0x00, 0x00, 0x00,
    0x00, 0x00, 0x00, 0x00, 0x00, 0x00, 0x00, 0x00, 0x00, 0x00, 0x00, 0x00, 0x00, 0x00, 0x00, 0x00,
    0x00, 0x00, 0x00, 0x00, 0x00, 0x00, 0x00, 0x00, 0x00, 0x00, 0x00, 0x00, 0x00, 0x00, 0x00, 0x00,
    0x00, 0x00, 0x00, 0x00, 0x00, 0x00, 0x00, 0x00, 0x00, 0x00, 0x00, 0x00, 0x00, 0x00, 0x00, 0x00,
    0x00, 0x00, 0x00, 0x00, 0x00, 0x00, 0x00, 0x00, 0x00, 0x00, 0x00, 0x00, 0x00, 0x00, 0x00, 0x00,
    0x00, 0x00, 0x00, 0x00, 0x00, 0x00, 0x00, 0x00, 0x00, 0x00, 0x00, 0x00, 0x00, 0x00, 0x00, 0x00,
    0x00, 0x00, 0x00, 0x00, 0x00, 0x00, 0x00, 0x00, 0x00, 0x00, 0x00, 0x00, 0x00, 0x00, 0x00, 0x00,
    0x00, 0x00, 0x00, 0x00, 0x00, 0x00, 0x00, 0x00, 0x00, 0x00, 0x00, 0x00, 0x00, 0x00, 0x00, 0x00,
    0x00, 0x00, 0x00, 0x00, 0x00, 0x00, 0x00, 0x00, 0x00, 0x00, 0x00, 0x00, 0x00, 0x00, 0x00, 0x00,
    0x00, 0x00, 0x00, 0x00, 0x00, 0x00, 0x00, 0x00, 0x00, 0x00, 0x00, 0x00, 0x00, 0x00, 0x00, 0x00,
    0x00, 0x00, 0x00, 0x00, 0x00, 0x00, 0x00, 0x00, 0x41, 0x00, 0xA8, 0x19, 0x0C, 0x1A, 0x2D, 0x1A,
    0x2D, 0x12, 0x2E, 0x0A, 0x0E, 0x0A, 0x0E, 0x02, 0x0E, 0x02, 0x0E, 0x02, 0x0E, 0x02, 0x0E, 0x02,
    0x0E, 0x02, 0x2F, 0x0A, 0x35, 0x13, 0x75, 0x1B, 0x55, 0x1B, 0x55, 0x1B, 0x55, 0x13, 0x76, 0x64,
    0x71, 0x8C, 0xAE, 0x73, 0xAE, 0x73, 0x51, 0x7C, 0x95, 0x2B, 0x55, 0x13, 0x75, 0x1B, 0x75, 0x1B,
    0x75, 0x1B, 0x75, 0x1B, 0x75, 0x1B, 0x75, 0x23, 0xD1, 0x63, 0x08, 0x42, 0xE7, 0x39, 0x28, 0x42,
    0x69, 0x4A, 0xCB, 0x52, 0x6E, 0x1A, 0x0E, 0x02, 0x0E, 0x02, 0x0E, 0x02, 0x0E, 0x02, 0x0C, 0x1A,
    0x82, 0x10, 0x00, 0x00, 0x00, 0x00, 0x00, 0x00, 0x00, 0x00, 0x00, 0x00, 0x00, 0x00, 0x00, 0x00,
    0x06, 0x11, 0xED, 0x09, 0x0E, 0x02, 0xEE, 0x01, 0xF3, 0x5B, 0x9A, 0xD6, 0xFB, 0xDE, 0x5D, 0xEF,
    0x5C, 0xE7, 0x5D, 0xEF, 0x7D, 0xEF, 0xBB, 0xCE, 0x6F, 0x1A, 0xEE, 0x01, 0x0E, 0x02, 0x0E, 0x02,
    0x0E, 0x02, 0x0E, 0x02, 0x0E, 0x02, 0x0E, 0x02, 0x0E, 0x02, 0x0E, 0x02, 0x0E, 0x02, 0x0E, 0x02,
    0xEE, 0x01, 0x0E, 0x02, 0x0E, 0x02, 0x0E, 0x02, 0x0E, 0x02, 0x0E, 0x02, 0x0E, 0x02, 0x0E, 0x02,
    0x0E, 0x02, 0x0E, 0x02, 0x0E, 0x02, 0x0E, 0x02, 0x0E, 0x02, 0x0E, 0x02, 0x0E, 0x02, 0x0E, 0x02,
    0x0E, 0x02, 0x0E, 0x02, 0x0D, 0x0A, 0xAC, 0x42, 0x49, 0x4A, 0xE7, 0x39, 0xE7, 0x39, 0x28, 0x42,
    0xCB, 0x5A, 0x2C, 0x63, 0x4D, 0x6B, 0xEF, 0x7B, 0x10, 0x3B, 0x0E, 0x02, 0x0E, 0x02, 0x0E, 0x02,
    0xEE, 0x01, 0x4E, 0x1A, 0x2D, 0x5B, 0x4D, 0x6B, 0x8E, 0x73, 0x6D, 0x6B, 0xEB, 0x5A, 0x12, 0x6C,
    0x75, 0x23, 0x76, 0x1B, 0x96, 0x23, 0x55, 0x64, 0x13, 0x64, 0xB3, 0x43, 0x94, 0x33, 0x75, 0x23,
    0x75, 0x23, 0x76, 0x1B, 0x56, 0x1B, 0x55, 0x13, 0x55, 0x13, 0x55, 0x1B, 0x55, 0x1B, 0x55, 0x1B,
    0x75, 0x1B, 0x55, 0x13, 0x4F, 0x0A, 0x0E, 0x02, 0x0E, 0x02, 0x0E, 0x02, 0x0E, 0x02, 0xEE, 0x01,
    0xED, 0x01, 0xED, 0x01, 0xEE, 0x09, 0x0E, 0x0A, 0x2D, 0x12, 0x2C, 0x22, 0xEA, 0x21, 0x82, 0x08,
    0x00, 0x00, 0x00, 0x00, 0x00, 0x00, 0x00, 0x00, 0x00, 0x00, 0x00, 0x00, 0x00, 0x00, 0x00, 0x00,
    0x00, 0x00, 0x00, 0x00, 0x00, 0x00, 0x00, 0x00, 0x00, 0x00, 0x00, 0x00, 0x00, 0x00, 0x00, 0x00,
    0x00, 0x00, 0x00, 0x00, 0x00, 0x00, 0x00, 0x00, 0x00, 0x00, 0x00, 0x00, 0x00, 0x00, 0x00, 0x00,
    0x00, 0x00, 0x00, 0x00, 0x00, 0x00, 0x00, 0x00, 0x00, 0x00, 0x00, 0x00, 0x00, 0x00, 0x00, 0x00,
    0x00, 0x00, 0x00, 0x00, 0x00, 0x00, 0x00, 0x00, 0x00, 0x00, 0x00, 0x00, 0x00, 0x00, 0x00, 0x00,
    0x00, 0x00, 0x00, 0x00, 0x00, 0x00, 0x00, 0x00, 0x00, 0x00, 0x00, 0x00, 0x00, 0x00, 0x00, 0x00,
    0x00, 0x00, 0x00, 0x00, 0x00, 0x00, 0x00, 0x00, 0x00, 0x00, 0x00, 0x00, 0x00, 0x00, 0x00, 0x00,
    0x00, 0x00, 0x00, 0x00, 0x00, 0x00, 0x00, 0x00, 0x00, 0x00, 0x00, 0x00, 0x00, 0x00, 0x00, 0x00,
    0x00, 0x00, 0x00, 0x00, 0x00, 0x00, 0x00, 0x00, 0x00, 0x00, 0x00, 0x00, 0x00, 0x00, 0x00, 0x00,
    0x00, 0x00, 0x00, 0x00, 0x00, 0x00, 0x00, 0x00, 0x00, 0x00, 0x00, 0x00, 0x00, 0x00, 0x00, 0x00,
    0x00, 0x00, 0x00, 0x00, 0x00, 0x00, 0x00, 0x00, 0x00, 0x00, 0x00, 0x00, 0x00, 0x00, 0x00, 0x00,
    0x00, 0x00, 0x00, 0x00, 0x00, 0x00, 0x00, 0x00, 0x00, 0x00, 0x00, 0x00, 0x00, 0x00, 0x00, 0x00,
    0x00, 0x00, 0x00, 0x00, 0x00, 0x00, 0x00, 0x00, 0x00, 0x00, 0x00, 0x00, 0x00, 0x00, 0x00, 0x00,
    0x00, 0x00, 0x00, 0x00, 0x00, 0x00, 0x00, 0x00, 0x00, 0x00, 0x00, 0x00, 0x00, 0x00, 0x00, 0x00,
    0xE5, 0x08, 0x0E, 0x0A, 0xEE, 0x01, 0xED, 0x01, 0xED, 0x01, 0xEE, 0x01, 0x0E, 0x02, 0x0E, 0x02,
    0x0E, 0x02, 0x0E, 0x02, 0x0E, 0x02, 0x0E, 0x02, 0x0E, 0x02, 0x50, 0x0A, 0x55, 0x1B, 0x75, 0x1B,
    0x75, 0x1B, 0x55, 0x1B, 0x55, 0x1B, 0x95, 0x74, 0x0F, 0x84, 0x8E, 0x6B, 0xCF, 0x7B, 0x32, 0x74,
    0x54, 0x1B, 0x55, 0x13, 0x55, 0x1B, 0x75, 0x1B, 0x75, 0x1B, 0x75, 0x1B, 0x76, 0x1B, 0x95, 0x2B,
    0x8E, 0x6B, 0x08, 0x42, 0xE7, 0x39, 0xE7, 0x39, 0x69, 0x4A, 0xCC, 0x4A, 0xED, 0x09, 0xED, 0x01,
    0x0E, 0x02, 0x0E, 0x02, 0x0E, 0x0A, 0xEA, 0x21, 0x41, 0x08, 0x00, 0x00, 0x00, 0x00, 0x00, 0x00,
    0x00, 0x00, 0x00, 0x00, 0x00, 0x00, 0x00, 0x00, 0x06, 0x11, 0xED, 0x09, 0x0E, 0x02, 0xEE, 0x01,
    0xF3, 0x5B, 0xBA, 0xD6, 0xFB, 0xDE, 0x5D, 0xEF, 0x3C, 0xE7, 0x3C, 0xE7, 0x7D, 0xEF, 0x9B, 0xCE,
    0x6F, 0x1A, 0xEE, 0x01, 0x0E, 0x02, 0x0E, 0x02, 0x0E, 0x02, 0x0E, 0x02, 0x0E, 0x02, 0x0E, 0x02,
    0x0E, 0x02, 0x0E, 0x02, 0xED, 0x01, 0x6F, 0x1A, 0xF0, 0x2A, 0xF0, 0x2A, 0x2E, 0x12, 0xEE, 0x01,
    0x0E, 0x02, 0x0E, 0x02, 0x0E, 0x02, 0x0E, 0x02, 0x0E, 0x02, 0x0E, 0x02, 0x0E, 0x02, 0x0E, 0x02,
    0x0E, 0x02, 0x0E, 0x02, 0x0E, 0x02, 0x0E, 0x02, 0x0E, 0x02, 0x0E, 0x02, 0xED, 0x09, 0xCC, 0x42,
    0x69, 0x4A, 0x08, 0x42, 0xE7, 0x39, 0x28, 0x42, 0xCB, 0x5A, 0x2C, 0x63, 0x6D, 0x6B, 0xCF, 0x7B,
    0x70, 0x5B, 0x0E, 0x0A, 0x0E, 0x02, 0x0E, 0x02, 0xEE, 0x01, 0xED, 0x09, 0x0D, 0x53, 0x6D, 0x6B,
    0x6D, 0x6B, 0x6D, 0x6B, 0x6D, 0x6B, 0x72, 0x84, 0xB5, 0x2B, 0x76, 0x1B, 0x75, 0x1B, 0x75, 0x1B,
    0x75, 0x1B, 0x55, 0x13, 0x55, 0x13, 0x55, 0x13, 0x55, 0x1B, 0x75, 0x1B, 0x75, 0x1B, 0x75, 0x1B,
    0x55, 0x1B, 0x55, 0x1B, 0x55, 0x1B, 0x75, 0x1B, 0x75, 0x1B, 0x55, 0x1B, 0x50, 0x0A, 0xEE, 0x01,
    0x0E, 0x02, 0xEE, 0x01, 0xEE, 0x01, 0x0E, 0x02, 0xED, 0x01, 0xEE, 0x01, 0x0E, 0x02, 0x0E, 0x02,
    0x0E, 0x02, 0xEE, 0x01, 0x0E, 0x0A, 0x46, 0x19, 0x00, 0x00, 0x00, 0x00, 0x00, 0x00, 0x00, 0x00,
    0x00, 0x00, 0x00, 0x00, 0x00, 0x00, 0x00, 0x00, 0x00, 0x00, 0x00, 0x00, 0x00, 0x00, 0x00, 0x00,
    0x00, 0x00, 0x00, 0x00, 0x00, 0x00, 0x00, 0x00, 0x00, 0x00, 0x00, 0x00, 0x00, 0x00, 0x00, 0x00,
    0x00, 0x00, 0x00, 0x00, 0x00, 0x00, 0x00, 0x00, 0x00, 0x00, 0x00, 0x00, 0x00, 0x00, 0x00, 0x00,
    0x00, 0x00, 0x00, 0x00, 0x00, 0x00, 0x00, 0x00, 0x00, 0x00, 0x00, 0x00, 0x00, 0x00, 0x00, 0x00,
    0x00, 0x00, 0x00, 0x00, 0x00, 0x00, 0x00, 0x00, 0x00, 0x00, 0x00, 0x00, 0x00, 0x00, 0x00, 0x00,
    0x00, 0x00, 0x00, 0x00, 0x00, 0x00, 0x00, 0x00, 0x00, 0x00, 0x00, 0x00, 0x00, 0x00, 0x00, 0x00,
    0x00, 0x00, 0x00, 0x00, 0x00, 0x00, 0x00, 0x00, 0x00, 0x00, 0x00, 0x00, 0x00, 0x00, 0x00, 0x00,
    0x00, 0x00, 0x00, 0x00, 0x00, 0x00, 0x00, 0x00, 0x00, 0x00, 0x00, 0x00, 0x00, 0x00, 0x00, 0x00,
    0x00, 0x00, 0x00, 0x00, 0x00, 0x00, 0x00, 0x00, 0x00, 0x00, 0x00, 0x00, 0x00, 0x00, 0x00, 0x00,
    0x00, 0x00, 0x00, 0x00, 0x00, 0x00, 0x00, 0x00, 0x00, 0x00, 0x00, 0x00, 0x00, 0x00, 0x00, 0x00,
    0x00, 0x00, 0x00, 0x00, 0x00, 0x00, 0x00, 0x00, 0x00, 0x00, 0x00, 0x00, 0x00, 0x00, 0x00, 0x00,
    0x00, 0x00, 0x00, 0x00, 0x00, 0x00, 0x00, 0x00, 0x00, 0x00, 0x00, 0x00, 0x00, 0x00, 0x00, 0x00,
    0x00, 0x00, 0x00, 0x00, 0x00, 0x00, 0x00, 0x00, 0x00, 0x00, 0x00, 0x00, 0x00, 0x00, 0x00, 0x00,
    0x00, 0x00, 0x00, 0x00, 0x00, 0x00, 0x00, 0x00, 0x27, 0x11, 0x2E, 0x0A, 0x0E, 0x02, 0x0E, 0x02,
    0x0E, 0x02, 0xEE, 0x01, 0xED, 0x01, 0xED, 0x01, 0xEE, 0x01, 0x0E, 0x02, 0x0E, 0x02, 0x2F, 0x0A,
    0x70, 0x0A, 0xD2, 0x12, 0x75, 0x1B, 0x75, 0x1B, 0x75, 0x1B, 0x75, 0x1B, 0x75, 0x23, 0x93, 0x7C,
    0xAE, 0x73, 0x4D, 0x6B, 0xCF, 0x7B, 0x33, 0x6C, 0x34, 0x1B, 0x55, 0x1B, 0x55, 0x1B, 0x75, 0x1B,
    0x75, 0x1B, 0x75, 0x1B, 0x76, 0x1B, 0x52, 0x33, 0xAA, 0x52, 0x08, 0x42, 0xE7, 0x39, 0xE7, 0x39,
    0x69, 0x4A, 0xAD, 0x3A, 0xED, 0x01, 0xED, 0x01, 0xEE, 0x01, 0xEE, 0x01, 0x0D, 0x0A, 0x46, 0x19,
    0x00, 0x00, 0x00, 0x00, 0x00, 0x00, 0x00, 0x00, 0x00, 0x00, 0x00, 0x00, 0x00, 0x00, 0x00, 0x00,
    0x26, 0x11, 0x0E, 0x0A, 0x0E, 0x02, 0xEE, 0x01, 0xF3, 0x5B, 0x9A, 0xD6, 0xFB, 0xDE, 0x5D, 0xEF,
    0x3C, 0xE7, 0x5D, 0xE7, 0x7D, 0xEF, 0x9B, 0xCE, 0x6F, 0x1A, 0xEE, 0x01, 0x0E, 0x02, 0x0E, 0x02,
    0x0E, 0x02, 0x0E, 0x02, 0x0E, 0x02, 0x0E, 0x02, 0xEE, 0x01, 0xED, 0x09, 0x92, 0x4B, 0x97, 0xA5,
    0x39, 0xC6, 0x18, 0xBE, 0x36, 0x95, 0xF0, 0x32, 0xEE, 0x01, 0x0E, 0x02, 0x0E, 0x02, 0x0E, 0x02,
    0x0E, 0x02, 0x0E, 0x02, 0x0E, 0x02, 0x0E, 0x02, 0x0E, 0x02, 0x0E, 0x02, 0x0E, 0x02, 0x0E, 0x02,
    0x0E, 0x02, 0x0E, 0x02, 0xED, 0x09, 0xAC, 0x42, 0x89, 0x52, 0x08, 0x42, 0x08, 0x3A, 0x49, 0x42,
    0xEB, 0x5A, 0x4D, 0x6B, 0x6D, 0x6B, 0x8E, 0x73, 0x8F, 0x6B, 0x2E, 0x12, 0xEE, 0x01, 0xEE, 0x01,
    0xED, 0x01, 0xCD, 0x01, 0x2F, 0x4B, 0xAE, 0x73, 0x6D, 0x6B, 0x6D, 0x6B, 0xAE, 0x73, 0x92, 0x8C,
    0xD5, 0x43, 0x56, 0x13, 0x55, 0x1B, 0x55, 0x1B, 0x75, 0x1B, 0x75, 0x1B, 0x75, 0x1B, 0x75, 0x1B,
    0x55, 0x1B, 0x55, 0x1B, 0x55, 0x1B, 0x55, 0x1B, 0x75, 0x1B, 0x75, 0x1B, 0x75, 0x1B, 0x75, 0x1B,
    0x75, 0x1B, 0x75, 0x1B, 0xD2, 0x12, 0x4F, 0x0A, 0x2E, 0x0A, 0x0E, 0x02, 0xED, 0x01, 0xED, 0x01,
    0xED, 0x01, 0xED, 0x01, 0xEE, 0x01, 0x0E, 0x02, 0xEE, 0x01, 0xED, 0x01, 0xED, 0x09, 0x47, 0x11,
    0x00, 0x00, 0x00, 0x00, 0x00, 0x00, 0x00, 0x00, 0x00, 0x00, 0x00, 0x00, 0x00, 0x00, 0x00, 0x00,
    0x00, 0x00, 0x00, 0x00, 0x00, 0x00, 0x00, 0x00, 0x00, 0x00, 0x00, 0x00, 0x00, 0x00, 0x00, 0x00,
    0x00, 0x00, 0x00, 0x00, 0x00, 0x00, 0x00, 0x00, 0x00, 0x00, 0x00, 0x00, 0x00, 0x00, 0x00, 0x00,
    0x00, 0x00, 0x00, 0x00, 0x00, 0x00, 0x00, 0x00, 0x00, 0x00, 0x00, 0x00, 0x00, 0x00, 0x00, 0x00,
    0x00, 0x00, 0x00, 0x00, 0x00, 0x00, 0x00, 0x00, 0x00, 0x00, 0x00, 0x00, 0x00, 0x00, 0x00, 0x00,
    0x00, 0x00, 0x00, 0x00, 0x00, 0x00, 0x00, 0x00, 0x00, 0x00, 0x00, 0x00, 0x00, 0x00, 0x00, 0x00,
    0x00, 0x00, 0x00, 0x00, 0x00, 0x00, 0x00, 0x00, 0x00, 0x00, 0x00, 0x00, 0x00, 0x00, 0x00, 0x00,
    0x00, 0x00, 0x00, 0x00, 0x00, 0x00, 0x00, 0x00, 0x00, 0x00, 0x00, 0x00, 0x00, 0x00, 0x00, 0x00,
    0x00, 0x00, 0x00, 0x00, 0x00, 0x00, 0x00, 0x00, 0x00, 0x00, 0x00, 0x00, 0x00, 0x00, 0x00, 0x00,
    0x00, 0x00, 0x00, 0x00, 0x00, 0x00, 0x00, 0x00, 0x00, 0x00, 0x00, 0x00, 0x00, 0x00, 0x00, 0x00,
    0x00, 0x00, 0x00, 0x00, 0x00, 0x00, 0x00, 0x00, 0x00, 0x00, 0x00, 0x00, 0x00, 0x00, 0x00, 0x00,
    0x00, 0x00, 0x00, 0x00, 0x00, 0x00, 0x00, 0x00, 0x00, 0x00, 0x00, 0x00, 0x00, 0x00, 0x00, 0x00,
    0x00, 0x00, 0x00, 0x00, 0x00, 0x00, 0x00, 0x00, 0x00, 0x00, 0x00, 0x00, 0x00, 0x00, 0x00, 0x00,
    0x00, 0x00, 0x00, 0x00, 0x00, 0x00, 0x00, 0x00, 0x00, 0x00, 0x00, 0x00, 0x00, 0x00, 0x00, 0x00,
    0x89, 0x11, 0x0E, 0x02, 0x0E, 0x02, 0x0E, 0x02, 0x0E, 0x02, 0x0E, 0x02, 0x0E, 0x0A, 0x4F, 0x0A,
    0x70, 0x0A, 0xD2, 0x12, 0x13, 0x13, 0x34, 0x13, 0x55, 0x1B, 0x75, 0x1B, 0x75, 0x1B, 0x75, 0x1B,
    0x75, 0x1B, 0x76, 0x1B, 0x95, 0x2B, 0x52, 0x84, 0x6D, 0x6B, 0x2C, 0x63, 0xCF, 0x7B, 0x14, 0x64,
    0x35, 0x13, 0x55, 0x1B, 0x55, 0x1B, 0x55, 0x1B, 0x55, 0x1B, 0x75, 0x1B, 0x76, 0x1B, 0x11, 0x33,
    0x49, 0x4A, 0x08, 0x42, 0xE7, 0x39, 0x08, 0x42, 0x8A, 0x52, 0xAE, 0x32, 0xED, 0x01, 0xEE, 0x01,
    0xEE, 0x01, 0xED, 0x01, 0xEC, 0x11, 0xC3, 0x10, 0x00, 0x00, 0x00, 0x00, 0x00, 0x00, 0x00, 0x00,
    0x00, 0x00, 0x00, 0x00, 0x00, 0x00, 0x00, 0x00, 0x26, 0x11, 0x0E, 0x0A, 0x0E, 0x02, 0xEE, 0x01,
    0xF3, 0x5B, 0x9A, 0xD6, 0xFB, 0xDE, 0x5D, 0xEF, 0x5D, 0xEF, 0x5D, 0xEF, 0x7D, 0xEF, 0x9B, 0xCE,
    0x6F, 0x1A, 0xEE, 0x01, 0x0E, 0x02, 0x0E, 0x02, 0x0E, 0x02, 0x0E, 0x02, 0x0E, 0x02, 0x0E, 0x02,
    0xED, 0x01, 0x92, 0x4B, 0x39, 0xC6, 0x79, 0xCE, 0x59, 0xCE, 0x59, 0xCE, 0x79, 0xCE, 0x59, 0xBE,
    0x51, 0x43, 0xEE, 0x01, 0x0E, 0x02, 0x0E, 0x02, 0x0E, 0x02, 0x0E, 0x02, 0x0E, 0x02, 0x0E, 0x02,
    0x0E, 0x02, 0x0E, 0x02, 0x0E, 0x02, 0x0E, 0x02, 0x0E, 0x02, 0x0E, 0x02, 0xED, 0x09, 0xCC, 0x42,
    0x8A, 0x52, 0x49, 0x42, 0x28, 0x42, 0x8A, 0x52, 0x2C, 0x63, 0xAE, 0x73, 0xCF, 0x7B, 0xEF, 0x7B,
    0x30, 0x84, 0x8E, 0x22, 0xED, 0x01, 0xEE, 0x01, 0x0E, 0x02, 0xCD, 0x01, 0x10, 0x43, 0x71, 0x8C,
    0xEF, 0x7B, 0x10, 0x84, 0x71, 0x8C, 0x34, 0xA5, 0x35, 0x5C, 0x55, 0x13, 0x55, 0x1B, 0x55, 0x1B,
    0x75, 0x1B, 0x75, 0x1B, 0x55, 0x1B, 0x55, 0x1B, 0x75, 0x1B, 0x55, 0x1B, 0x75, 0x1B, 0x55, 0x1B,
    0x75, 0x1B, 0x75, 0x1B, 0x75, 0x1B, 0x75, 0x1B, 0x75, 0x1B, 0x55, 0x1B, 0x55, 0x1B, 0x55, 0x1B,
    0x34, 0x13, 0xF3, 0x12, 0xB2, 0x12, 0x90, 0x0A, 0x4F, 0x0A, 0x2F, 0x0A, 0x0E, 0x02, 0xEE, 0x01,
    0xEE, 0x01, 0xEE, 0x01, 0x0E, 0x02, 0x68, 0x11, 0x00, 0x00, 0x00, 0x00, 0x00, 0x00, 0x00, 0x00,
    0x00, 0x00, 0x00, 0x00, 0x00, 0x00, 0x00, 0x00, 0x00, 0x00, 0x00, 0x00, 0x00, 0x00, 0x00, 0x00,
    0x00, 0x00, 0x00, 0x00, 0x00, 0x00, 0x00, 0x00, 0x00, 0x00, 0x00, 0x00, 0x00, 0x00, 0x00, 0x00,
    0x00, 0x00, 0x00, 0x00, 0x00, 0x00, 0x00, 0x00, 0x00, 0x00, 0x00, 0x00, 0x00, 0x00, 0x00, 0x00,
    0x00, 0x00, 0x00, 0x00, 0x00, 0x00, 0x00, 0x00, 0x00, 0x00, 0x00, 0x00, 0x00, 0x00, 0x00, 0x00,
    0x00, 0x00, 0x00, 0x00, 0x00, 0x00, 0x00, 0x00, 0x00, 0x00, 0x00, 0x00, 0x00, 0x00, 0x00, 0x00,
    0x00, 0x00, 0x00, 0x00, 0x00, 0x00, 0x00, 0x00, 0x00, 0x00, 0x00, 0x00, 0x00, 0x00, 0x00, 0x00,
    0x00, 0x00, 0x00, 0x00, 0x00, 0x00, 0x00, 0x00, 0x00, 0x00, 0x00, 0x00, 0x00, 0x00, 0x00, 0x00,
    0x00, 0x00, 0x00, 0x00, 0x00, 0x00, 0x00, 0x00, 0x00, 0x00, 0x00, 0x00, 0x00, 0x00, 0x00, 0x00,
    0x00, 0x00, 0x00, 0x00, 0x00, 0x00, 0x00, 0x00, 0x00, 0x00, 0x00, 0x00, 0x00, 0x00, 0x00, 0x00,
    0x00, 0x00, 0x00, 0x00, 0x00, 0x00, 0x00, 0x00, 0x00, 0x00, 0x00, 0x00, 0x00, 0x00, 0x00, 0x00,
    0x00, 0x00, 0x00, 0x00, 0x00, 0x00, 0x00, 0x00, 0x00, 0x00, 0x00, 0x00, 0x00, 0x00, 0x00, 0x00,
    0x00, 0x00, 0x00, 0x00, 0x00, 0x00, 0x00, 0x00, 0x00, 0x00, 0x00, 0x00, 0x00, 0x00, 0x00, 0x00,
    0x00, 0x00, 0x00, 0x00, 0x00, 0x00, 0x00, 0x00, 0x00, 0x00, 0x00, 0x00, 0x00, 0x00, 0x00, 0x00,
    0x00, 0x00, 0x00, 0x00, 0x00, 0x00, 0x00, 0x00, 0xAA, 0x11, 0x0E, 0x02, 0x0E, 0x02, 0x0E, 0x02,
    0x2F, 0x02, 0xF3, 0x12, 0x34, 0x13, 0x55, 0x13, 0x55, 0x1B, 0x55, 0x1B, 0x55, 0x1B, 0x55, 0x1B,
    0x55, 0x1B, 0x55, 0x1B, 0x55, 0x1B, 0x75, 0x1B, 0x75, 0x1B, 0x76, 0x1B, 0xB5, 0x2B, 0x52, 0x84,
    0x6D, 0x6B, 0x4D, 0x6B, 0xCF, 0x7B, 0x14, 0x5C, 0x55, 0x13, 0x55, 0x1B, 0x55, 0x1B, 0x55, 0x1B,
    0x55, 0x1B, 0x55, 0x1B, 0x55, 0x1B, 0x0F, 0x3B, 0xC7, 0x39, 0xA6, 0x31, 0xC7, 0x39, 0x28, 0x42,
    0xEB, 0x5A, 0xCF, 0x2A, 0xEE, 0x01, 0x0E, 0x02, 0x0E, 0x02, 0xED, 0x01, 0xEB, 0x19, 0x82, 0x10,
    0x20, 0x00, 0x20, 0x00, 0x00, 0x00, 0x00, 0x00, 0x00, 0x00, 0x00, 0x00, 0x20, 0x00, 0x00, 0x00,
    0x06, 0x11, 0xED, 0x09, 0x0E, 0x02, 0xEE, 0x01, 0x13, 0x64, 0xFB, 0xDE, 0xFB, 0xDE, 0xFB, 0xDE,
    0xDB, 0xDE, 0xDB, 0xDE, 0x1C, 0xE7, 0x7A, 0xC6, 0x8F, 0x1A, 0x0E, 0x02, 0x0E, 0x02, 0x0E, 0x02,
    0x0E, 0x02, 0x0E, 0x02, 0x0E, 0x02, 0x0E, 0x02, 0x0E, 0x0A, 0x36, 0x95, 0xBA, 0xDE, 0x9A, 0xD6,
    0x9A, 0xD6, 0x9A, 0xD6, 0x9A, 0xD6, 0xDB, 0xDE, 0x19, 0xBE, 0xF0, 0x32, 0xEE, 0x01, 0x0E, 0x02,
    0x0E, 0x02, 0x0E, 0x02, 0x0E, 0x02, 0x0E, 0x02, 0x0E, 0x02, 0x0E, 0x02, 0x0E, 0x02, 0x0E, 0x02,
    0x0E, 0x02, 0x0E, 0x02, 0xED, 0x09, 0x0D, 0x4B, 0xCB, 0x5A, 0x8A, 0x52, 0xAA, 0x52, 0xEB, 0x5A,
    0x4D, 0x6B, 0x8E, 0x73, 0xAF, 0x73, 0xEF, 0x7B, 0x51, 0x8C, 0x0F, 0x3B, 0xED, 0x01, 0x0E, 0x02,
    0x0E, 0x02, 0xEE, 0x01, 0xD0, 0x2A, 0xD3, 0x94, 0x71, 0x8C, 0xB2, 0x94, 0x14, 0xA5, 0xD7, 0xBD,
    0x17, 0x7D, 0x55, 0x13, 0x55, 0x1B, 0x55, 0x1B, 0x75, 0x1B, 0x55, 0x1B, 0x55, 0x1B, 0x55, 0x1B,
    0x55, 0x1B, 0x75, 0x1B, 0x75, 0x1B, 0x75, 0x1B, 0x75, 0x1B, 0x75, 0x1B, 0x75, 0x1B, 0x75, 0x1B,
    0x75, 0x1B, 0x75, 0x1B, 0x55, 0x1B, 0x55, 0x1B, 0x55, 0x1B, 0x55, 0x1B, 0x55, 0x1B, 0x55, 0x1B,
    0x55, 0x13, 0x34, 0x13, 0xD2, 0x12, 0x0E, 0x02, 0xEE, 0x01, 0x0E, 0x02, 0x0E, 0x02, 0x8A, 0x11,
    0x00, 0x00, 0x00, 0x00, 0x00, 0x00, 0x00, 0x00, 0x00, 0x00, 0x00, 0x00, 0x00, 0x00, 0x00, 0x00,
    0x00, 0x00, 0x00, 0x00, 0x00, 0x00, 0x00, 0x00, 0x00, 0x00, 0x00, 0x00, 0x00, 0x00, 0x00, 0x00,
    0x00, 0x00, 0x00, 0x00, 0x00, 0x00, 0x00, 0x00, 0x00, 0x00, 0x00, 0x00, 0x00, 0x00, 0x00, 0x00,
    0x00, 0x00, 0x00, 0x00, 0x00, 0x00, 0x00, 0x00, 0x00, 0x00, 0x00, 0x00, 0x00, 0x00, 0x00, 0x00,
    0x00, 0x00, 0x00, 0x00, 0x00, 0x00, 0x00, 0x00, 0x00, 0x00, 0x00, 0x00, 0x00, 0x00, 0x00, 0x00,
    0x00, 0x00, 0x00, 0x00, 0x00, 0x00, 0x00, 0x00, 0x00, 0x00, 0x00, 0x00, 0x00, 0x00, 0x00, 0x00,
    0x00, 0x00, 0x00, 0x00, 0x00, 0x00, 0x00, 0x00, 0x00, 0x00, 0x00, 0x00, 0x00, 0x00, 0x00, 0x00,
    0x00, 0x00, 0x00, 0x00, 0x00, 0x00, 0x00, 0x00, 0x00, 0x00, 0x00, 0x00, 0x00, 0x00, 0x00, 0x00,
    0x00, 0x00, 0x00, 0x00, 0x00, 0x00, 0x00, 0x00, 0x00, 0x00, 0x00, 0x00, 0x00, 0x00, 0x00, 0x00,
    0x00, 0x00, 0x00, 0x00, 0x00, 0x00, 0x00, 0x00, 0x00, 0x00, 0x00, 0x00, 0x00, 0x00, 0x00, 0x00,
    0x00, 0x00, 0x00, 0x00, 0x00, 0x00, 0x00, 0x00, 0x00, 0x00, 0x00, 0x00, 0x00, 0x00, 0x00, 0x00,
    0x00, 0x00, 0x00, 0x00, 0x00, 0x00, 0x00, 0x00, 0x00, 0x00, 0x00, 0x00, 0x00, 0x00, 0x00, 0x00,
    0x00, 0x00, 0x00, 0x00, 0x00, 0x00, 0x00, 0x00, 0x00, 0x00, 0x00, 0x00, 0x00, 0x00, 0x00, 0x00,
    0x00, 0x00, 0x00, 0x00, 0x00, 0x00, 0x00, 0x00, 0x00, 0x00, 0x00, 0x00, 0x00, 0x00, 0x20, 0x00,
    0xAA, 0x09, 0x0E, 0x02, 0x0E, 0x02, 0x0E, 0x02, 0x4F, 0x0A, 0x55, 0x13, 0x76, 0x1B, 0x75, 0x1B,
    0x55, 0x1B, 0x55, 0x1B, 0x55, 0x1B, 0x55, 0x1B, 0x55, 0x1B, 0x55, 0x1B, 0x55, 0x1B, 0x55, 0x1B,
    0x75, 0x1B, 0x76, 0x13, 0xB5, 0x33, 0x72, 0x84, 0xAE, 0x73, 0x8E, 0x73, 0xCF, 0x7B, 0x15, 0x54,
    0x55, 0x13, 0x75, 0x1B, 0x75, 0x1B, 0x55, 0x1B, 0x55, 0x1B, 0x55, 0x1B, 0x55, 0x1B, 0xAD, 0x3A,
    0x24, 0x21, 0xE3, 0x18, 0x24, 0x21, 0x08, 0x42, 0x0C, 0x5B, 0xAF, 0x22, 0x0E, 0x02, 0x0E, 0x02,
    0x0E, 0x02, 0x0E, 0x02, 0xEA, 0x21, 0x61, 0x08, 0x20, 0x00, 0x00, 0x00, 0x00, 0x00, 0x00, 0x00,
    0x20, 0x00, 0x20, 0x00, 0x20, 0x00, 0x20, 0x00, 0x06, 0x11, 0xCD, 0x09, 0xED, 0x01, 0xED, 0x01,
    0x54, 0x6C, 0x9E, 0xF7, 0xFB, 0xDE, 0x59, 0xCE, 0x59, 0xCE, 0x59, 0xCE, 0x79, 0xCE, 0x39, 0xBE,
    0xB0, 0x22, 0x0E, 0x02, 0x0E, 0x02, 0x0E, 0x02, 0xEE, 0x01, 0xEE, 0x01, 0xEE, 0x01, 0xED, 0x01,
    0x2E, 0x12, 0x97, 0xA5, 0x1C, 0xE7, 0x3C, 0xE7, 0x77, 0x9D, 0x57, 0x95, 0xFB, 0xDE, 0x59, 0xCE,
    0x18, 0xC6, 0x97, 0xAD, 0x10, 0x33, 0xEE, 0x01, 0x0E, 0x02, 0x0E, 0x02, 0x0E, 0x02, 0x0E, 0x02,
    0x0E, 0x02, 0x0E, 0x02, 0x0E, 0x02, 0x0E, 0x02, 0x0E, 0x02, 0x0E, 0x02, 0xED, 0x09, 0x4F, 0x5B,
    0x0C, 0x63, 0xAA, 0x52, 0xCB, 0x5A, 0x0C, 0x63, 0x2C, 0x63, 0x0C, 0x63, 0x2C, 0x63, 0x4D, 0x6B,
    0x10, 0x7C, 0x91, 0x53, 0xEE, 0x01, 0x0E, 0x02, 0x0E, 0x02, 0x0E, 0x02, 0x6F, 0x1A, 0x72, 0x84,
    0x10, 0x84, 0x30, 0x84, 0x92, 0x94, 0xB6, 0xB5, 0x98, 0x9D, 0x55, 0x1B, 0x55, 0x1B, 0x75, 0x1B,
    0x75, 0x1B, 0x75, 0x1B, 0x75, 0x1B, 0x75, 0x1B, 0x75, 0x1B, 0x75, 0x1B, 0x75, 0x1B, 0x75, 0x1B,
    0x75, 0x1B, 0x75, 0x1B, 0x75, 0x1B, 0x55, 0x1B, 0x55, 0x1B, 0x75, 0x1B, 0x75, 0x1B, 0x75, 0x1B,
    0x55, 0x1B, 0x55, 0x1B, 0x55, 0x1B, 0x55, 0x1B, 0x75, 0x1B, 0x75, 0x1B, 0x34, 0x13, 0x2F, 0x0A,
    0x0E, 0x02, 0x0E, 0x02, 0x0E, 0x02, 0xEB, 0x11, 0x41, 0x08, 0x00, 0x00, 0x00, 0x00, 0x00, 0x00,
    0x00, 0x00, 0x00, 0x00, 0x00, 0x00, 0x00, 0x00, 0x00, 0x00, 0x00, 0x00, 0x00, 0x00, 0x00, 0x00,
    0x00, 0x00, 0x00, 0x00, 0x00, 0x00, 0x00, 0x00, 0x00, 0x00, 0x00, 0x00, 0x00, 0x00, 0x00, 0x00,
    0x00, 0x00, 0x00, 0x00, 0x00, 0x00, 0x00, 0x00, 0x00, 0x00, 0x00, 0x00, 0x00, 0x00, 0x00, 0x00,
    0x00, 0x00, 0x00, 0x00, 0x00, 0x00, 0x00, 0x00, 0x00, 0x00, 0x00, 0x00, 0x00, 0x00, 0x00, 0x00,
    0x00, 0x00, 0x00, 0x00, 0x00, 0x00, 0x00, 0x00, 0x00, 0x00, 0x00, 0x00, 0x00, 0x00, 0x00, 0x00,
    0x00, 0x00, 0x00, 0x00, 0x00, 0x00, 0x00, 0x00, 0x00, 0x00, 0x00, 0x00, 0x00, 0x00, 0x00, 0x00,
    0x00, 0x00, 0x00, 0x00, 0x00, 0x00, 0x00, 0x00, 0x00, 0x00, 0x00, 0x00, 0x00, 0x00, 0x00, 0x00,
    0x00, 0x00, 0x00, 0x00, 0x00, 0x00, 0x00, 0x00, 0x00, 0x00, 0x00, 0x00, 0x00, 0x00, 0x00, 0x00,
    0x00, 0x00, 0x00, 0x00, 0x00, 0x00, 0x00, 0x00, 0x00, 0x00, 0x00, 0x00, 0x00, 0x00, 0x00, 0x00,
    0x00, 0x00, 0x00, 0x00, 0x00, 0x00, 0x00, 0x00, 0x00, 0x00, 0x00, 0x00, 0x00, 0x00, 0x00, 0x00,
    0x00, 0x00, 0x00, 0x00, 0x00, 0x00, 0x00, 0x00, 0x00, 0x00, 0x00, 0x00, 0x00, 0x00, 0x00, 0x00,
    0x00, 0x00, 0x00, 0x00, 0x00, 0x00, 0x00, 0x00, 0x00, 0x00, 0x00, 0x00, 0x00, 0x00, 0x00, 0x00,
    0x00, 0x00, 0x00, 0x00, 0x00, 0x00, 0x00, 0x00, 0x00, 0x00, 0x00, 0x00, 0x00, 0x00, 0x00, 0x00,
    0x00, 0x00, 0x00, 0x00, 0x00, 0x00, 0x41, 0x00, 0xAA, 0x09, 0xED, 0x01, 0x0E, 0x02, 0x0E, 0x02,
    0x50, 0x0A, 0x56, 0x13, 0x76, 0x1B, 0x76, 0x13, 0x55, 0x13, 0x55, 0x13, 0x55, 0x13, 0x55, 0x13,
    0x56, 0x1B, 0x55, 0x13, 0x55, 0x13, 0x55, 0x13, 0x55, 0x13, 0x55, 0x13, 0x94, 0x33, 0x31, 0x84,
    0x6D, 0x6B, 0x2C, 0x63, 0x6D, 0x6B, 0x16, 0x4C, 0x76, 0x13, 0x75, 0x1B, 0x75, 0x1B, 0x55, 0x1B,
    0x55, 0x1B, 0x55, 0x13, 0x75, 0x1B, 0xCD, 0x42, 0x24, 0x21, 0xC3, 0x18, 0xE3, 0x18, 0x49, 0x4A,
    0x8E, 0x63, 0x6F, 0x1A, 0x0E, 0x02, 0x0E, 0x02, 0x0E, 0x02, 0x2E, 0x0A, 0xEA, 0x29, 0x41, 0x08,
    0x20, 0x00, 0x00, 0x00, 0x00, 0x00, 0x20, 0x00, 0x41, 0x08, 0x41, 0x08, 0x41, 0x08, 0x41, 0x08,
    0x26, 0x11, 0xCD, 0x01, 0xEE, 0x01, 0xED, 0x01, 0x54, 0x6C, 0x9E, 0xF7, 0xFB, 0xDE, 0x59, 0xCE,
    0x79, 0xCE, 0x79, 0xCE, 0x79, 0xCE, 0x19, 0xBE, 0x6F, 0x1A, 0xCD, 0x01, 0xCD, 0x01, 0xCD, 0x01,
    0xCD, 0x01, 0xEE, 0x01, 0xEE, 0x01, 0xCD, 0x01, 0x4E, 0x12, 0xB7, 0xAD, 0xFB, 0xDE, 0x1C, 0xE7,
    0x94, 0x7C, 0x2D, 0x12, 0x36, 0x95, 0x59, 0xCE, 0x17, 0xC6, 0x38, 0xC6, 0xB7, 0xAD, 0x11, 0x33,
    0xEE, 0x01, 0x0E, 0x02, 0x0E, 0x02, 0x0E, 0x02, 0x0E, 0x02, 0x0E, 0x02, 0x0E, 0x02, 0x0E, 0x02,
    0x0E, 0x02, 0xEE, 0x01, 0xED, 0x09, 0x6F, 0x5B, 0x4D, 0x6B, 0xCB, 0x5A, 0xAA, 0x52, 0xEB, 0x5A,
    0x2C, 0x63, 0x0C, 0x63, 0x0C, 0x63, 0x2C, 0x63, 0xCF, 0x7B, 0xF2, 0x6B, 0x0E, 0x0A, 0x0E, 0x02,
    0x0E, 0x02, 0x0E, 0x02, 0x2E, 0x12, 0x11, 0x7C, 0xEF, 0x7B, 0xCF, 0x7B, 0x30, 0x84, 0x55, 0xAD,
    0xD8, 0xA5, 0x75, 0x23, 0x55, 0x1B, 0x75, 0x1B, 0x75, 0x1B, 0x75, 0x1B, 0x75, 0x1B, 0x75, 0x1B,
    0x75, 0x1B, 0x55, 0x13, 0x55, 0x13, 0x55, 0x13, 0x55, 0x13, 0x55, 0x13, 0x55, 0x13, 0x55, 0x13,
    0x55, 0x13, 0x55, 0x13, 0x55, 0x13, 0x56, 0x13, 0x56, 0x13, 0x56, 0x13, 0x55, 0x13, 0x55, 0x13,
    0x55, 0x13, 0x55, 0x13, 0x35, 0x13, 0x4F, 0x0A, 0x0E, 0x02, 0x0E, 0x02, 0x0E, 0x02, 0x0D, 0x12,
    0x62, 0x08, 0x00, 0x00, 0x00, 0x00, 0x00, 0x00, 0x00, 0x00, 0x00, 0x00, 0x00, 0x00, 0x00, 0x00,
    0x00, 0x00, 0x00, 0x00, 0x00, 0x00, 0x00, 0x00, 0x00, 0x00, 0x00, 0x00, 0x00, 0x00, 0x00, 0x00,
    0x00, 0x00, 0x00, 0x00, 0x00, 0x00, 0x00, 0x00, 0x00, 0x00, 0x00, 0x00, 0x00, 0x00, 0x00, 0x00,
    0x00, 0x00, 0x00, 0x00, 0x00, 0x00, 0x00, 0x00, 0x00, 0x00, 0x00, 0x00, 0x00, 0x00, 0x00, 0x00,
    0x00, 0x00, 0x00, 0x00, 0x00, 0x00, 0x00, 0x00, 0x00, 0x00, 0x00, 0x00, 0x00, 0x00, 0x00, 0x00,
    0x00, 0x00, 0x00, 0x00, 0x00, 0x00, 0x00, 0x00, 0x00, 0x00, 0x00, 0x00, 0x00, 0x00, 0x00, 0x00,
    0x00, 0x00, 0x00, 0x00, 0x00, 0x00, 0x00, 0x00, 0x00, 0x00, 0x00, 0x00, 0x00, 0x00, 0x00, 0x00,
    0x00, 0x00, 0x00, 0x00, 0x00, 0x00, 0x00, 0x00, 0x00, 0x00, 0x00, 0x00, 0x00, 0x00, 0x00, 0x00,
    0x00, 0x00, 0x00, 0x00, 0x00, 0x00, 0x00, 0x00, 0x00, 0x00, 0x00, 0x00, 0x00, 0x00, 0x00, 0x00,
    0x00, 0x00, 0x00, 0x00, 0x00, 0x00, 0x00, 0x00, 0x00, 0x00, 0x00, 0x00, 0x00, 0x00, 0x00, 0x00,
    0x00, 0x00, 0x00, 0x00, 0x00, 0x00, 0x00, 0x00, 0x00, 0x00, 0x00, 0x00, 0x00, 0x00, 0x00, 0x00,
    0x00, 0x00, 0x00, 0x00, 0x00, 0x00, 0x00, 0x00, 0x00, 0x00, 0x00, 0x00, 0x00, 0x00, 0x00, 0x00,
    0x00, 0x00, 0x00, 0x00, 0x00, 0x00, 0x00, 0x00, 0x00, 0x00, 0x00, 0x00, 0x00, 0x00, 0x00, 0x00,
    0x00, 0x00, 0x00, 0x00, 0x00, 0x00, 0x00, 0x00, 0x00, 0x00, 0x00, 0x00, 0x00, 0x00, 0x41, 0x08,
    0xCB, 0x11, 0xED, 0x01, 0xEE, 0x01, 0xEE, 0x01, 0x6F, 0x12, 0x12, 0x2B, 0x32, 0x2B, 0x32, 0x2B,
    0x32, 0x2B, 0x32, 0x33, 0x52, 0x33, 0x52, 0x33, 0x52, 0x33, 0x52, 0x33, 0x32, 0x33, 0x32, 0x33,
    0x32, 0x33, 0x52, 0x33, 0x51, 0x43, 0x8E, 0x6B, 0x2C, 0x63, 0xEB, 0x5A, 0x0C, 0x63, 0xF5, 0x43,
    0x76, 0x13, 0x75, 0x1B, 0x75, 0x1B, 0x75, 0x1B, 0x55, 0x1B, 0x55, 0x13, 0x75, 0x23, 0xCD, 0x42,
    0x24, 0x21, 0xC3, 0x18, 0xE3, 0x18, 0x8A, 0x52, 0xD0, 0x6B, 0x4E, 0x12, 0x0E, 0x02, 0x0E, 0x02,
    0x0E, 0x02, 0x2E, 0x0A, 0xC8, 0x21, 0x41, 0x08, 0x20, 0x00, 0x00, 0x00, 0x00, 0x00, 0x00, 0x00,
    0x20, 0x00, 0x41, 0x08, 0x41, 0x08, 0x41, 0x08, 0x26, 0x11, 0xED, 0x01, 0xEE, 0x01, 0xCD, 0x01,
    0x34, 0x6C, 0x9E, 0xF7, 0xDB, 0xDE, 0x59, 0xCE, 0x59, 0xCE, 0x59, 0xCE, 0x79, 0xCE, 0x59, 0xC6,
    0x13, 0x5C, 0x71, 0x4B, 0x91, 0x4B, 0x91, 0x4B, 0x71, 0x4B, 0x51, 0x43, 0x51, 0x43, 0x71, 0x43,
    0xD2, 0x53, 0xF8, 0xB5, 0x1C, 0xE7, 0x1C, 0xE7, 0x95, 0x7C, 0xAC, 0x01, 0x4E, 0x1A, 0xF5, 0x8C,
    0x38, 0xC6, 0x38, 0xC6, 0x38, 0xC6, 0x97, 0xAD, 0xF0, 0x32, 0xED, 0x01, 0x0E, 0x02, 0x0E, 0x02,
    0x0E, 0x02, 0x0E, 0x02, 0x0E, 0x02, 0x0E, 0x02, 0x0E, 0x02, 0x0E, 0x02, 0xED, 0x09, 0x6F, 0x5B,
    0x4D, 0x6B, 0xCB, 0x5A, 0xAA, 0x52, 0xEB, 0x5A, 0xEC, 0x5A, 0xEB, 0x5A, 0xEB, 0x5A, 0xEB, 0x5A,
    0xAE, 0x73, 0x32, 0x74, 0x2E, 0x0A, 0x0E, 0x02, 0x0E, 0x02, 0x0E, 0x02, 0x2E, 0x0A, 0xF1, 0x73,
    0xEF, 0x7B, 0x8E, 0x73, 0xEF, 0x7B, 0x34, 0xA5, 0xF9, 0xB5, 0x96, 0x2B, 0x55, 0x1B, 0x75, 0x1B,
    0x75, 0x1B, 0x75, 0x1B, 0x75, 0x1B, 0x75, 0x1B, 0x75, 0x1B, 0x94, 0x33, 0x94, 0x3B, 0x93, 0x33,
    0x73, 0x33, 0x93, 0x3B, 0x94, 0x3B, 0xB4, 0x3B, 0xB4, 0x3B, 0xB4, 0x3B, 0xB4, 0x3B, 0xB4, 0x3B,
    0xB4, 0x3B, 0xB4, 0x3B, 0x93, 0x33, 0x93, 0x3B, 0x93, 0x3B, 0xB4, 0x3B, 0xB4, 0x3B, 0x90, 0x12,
    0x0E, 0x02, 0x0E, 0x02, 0x0E, 0x02, 0xEC, 0x09, 0x62, 0x08, 0x00, 0x00, 0x00, 0x00, 0x00, 0x00,
    0x00, 0x00, 0x00, 0x00, 0x00, 0x00, 0x00, 0x00, 0x00, 0x00, 0x00, 0x00, 0x00, 0x00, 0x00, 0x00,
    0x00, 0x00, 0x00, 0x00, 0x00, 0x00, 0x00, 0x00, 0x00, 0x00, 0x00, 0x00, 0x00, 0x00, 0x00, 0x00,
    0x00, 0x00, 0x00, 0x00, 0x00, 0x00, 0x00, 0x00, 0x00, 0x00, 0x00, 0x00, 0x00, 0x00, 0x00, 0x00,
    0x00, 0x00, 0x00, 0x00, 0x00, 0x00, 0x00, 0x00, 0x00, 0x00, 0x00, 0x00, 0x00, 0x00, 0x00, 0x00,
    0x00, 0x00, 0x00, 0x00, 0x00, 0x00, 0x00, 0x00, 0x00, 0x00, 0x00, 0x00, 0x00, 0x00, 0x00, 0x00,
    0x00, 0x00, 0x00, 0x00, 0x00, 0x00, 0x00, 0x00, 0x00, 0x00, 0x00, 0x00, 0x00, 0x00, 0x00, 0x00,
    0x00, 0x00, 0x00, 0x00, 0x00, 0x00, 0x00, 0x00, 0x00, 0x00, 0x00, 0x00, 0x00, 0x00, 0x00, 0x00,
    0x00, 0x00, 0x00, 0x00, 0x00, 0x00, 0x00, 0x00, 0x00, 0x00, 0x00, 0x00, 0x00, 0x00, 0x00, 0x00,
    0x00, 0x00, 0x00, 0x00, 0x00, 0x00, 0x00, 0x00, 0x00, 0x00, 0x00, 0x00, 0x00, 0x00, 0x00, 0x00,
    0x00, 0x00, 0x00, 0x00, 0x00, 0x00, 0x00, 0x00, 0x00, 0x00, 0x00, 0x00, 0x00, 0x00, 0x00, 0x00,
    0x00, 0x00, 0x00, 0x00, 0x00, 0x00, 0x00, 0x00, 0x00, 0x00, 0x00, 0x00, 0x00, 0x00, 0x00, 0x00,
    0x00, 0x00, 0x00, 0x00, 0x00, 0x00, 0x00, 0x00, 0x00, 0x00, 0x00, 0x00, 0x00, 0x00, 0x00, 0x00,
    0x00, 0x00, 0x00, 0x00, 0x00, 0x00, 0x00, 0x00, 0x00, 0x00, 0x00, 0x00, 0x00, 0x00, 0x00, 0x00,
    0x00, 0x00, 0x00, 0x00, 0x00, 0x00, 0x61, 0x08, 0xCB, 0x11, 0xED, 0x01, 0x0E, 0x02, 0xEE, 0x01,
    0x6E, 0x22, 0xE8, 0x39, 0x08, 0x3A, 0x08, 0x42, 0x69, 0x4A, 0x0C, 0x5B, 0x0C, 0x63, 0xEB, 0x5A,
    0xEB, 0x5A, 0x0C, 0x5B, 0xEB, 0x5A, 0xCB, 0x5A, 0xEB, 0x5A, 0x0C, 0x5B, 0x0C, 0x63, 0x2C, 0x63,
    0x0C, 0x63, 0xCB, 0x5A, 0xEC, 0x5A, 0xB4, 0x3B, 0x76, 0x1B, 0x75, 0x1B, 0x75, 0x1B, 0x75, 0x1B,
    0x55, 0x1B, 0x55, 0x1B, 0x75, 0x23, 0xCC, 0x4A, 0x45, 0x29, 0xE3, 0x18, 0x04, 0x21, 0x8A, 0x52,
    0x8F, 0x63, 0x2E, 0x0A, 0x0E, 0x02, 0x0E, 0x02, 0x0E, 0x02, 0x2E, 0x0A, 0xE9, 0x29, 0x61, 0x08,
    0x20, 0x00, 0x20, 0x00, 0x00, 0x00, 0x20, 0x00, 0x41, 0x08, 0x61, 0x08, 0x61, 0x08, 0x41, 0x08,
    0x46, 0x19, 0xED, 0x01, 0xEE, 0x01, 0xED, 0x01, 0x54, 0x6C, 0x9E, 0xEF, 0xDB, 0xDE, 0x38, 0xC6,
    0x38, 0xC6, 0x38, 0xC6, 0x59, 0xCE, 0xBA, 0xD6, 0x3C, 0xE7, 0x1C, 0xE7, 0x1C, 0xE7, 0xFB, 0xDE,
    0x9A, 0xD6, 0xF7, 0xBD, 0x18, 0xBE, 0x38, 0xC6, 0x38, 0xC6, 0x59, 0xCE, 0x1C, 0xE7, 0x5D, 0xEF,
    0xD5, 0x7C, 0xCD, 0x01, 0xED, 0x01, 0x4F, 0x1A, 0xD5, 0x8C, 0x38, 0xC6, 0x18, 0xC6, 0x18, 0xC6,
    0xD8, 0xAD, 0x31, 0x3B, 0xED, 0x01, 0x0E, 0x02, 0x0E, 0x02, 0x0E, 0x02, 0x0E, 0x02, 0x0E, 0x02,
    0x0E, 0x02, 0x0E, 0x02, 0xED, 0x09, 0x4F, 0x5B, 0x4D, 0x6B, 0xEB, 0x5A, 0xCB, 0x5A, 0xEB, 0x5A,
    0xEB, 0x5A, 0xEB, 0x5A, 0xEB, 0x5A, 0x2C, 0x63, 0xCF, 0x7B, 0x73, 0x84, 0x2E, 0x12, 0x0E, 0x02,
    0x0E, 0x02, 0x0E, 0x02, 0x0E, 0x0A, 0xF1, 0x6B, 0x10, 0x84, 0xCF, 0x7B, 0x30, 0x84, 0x75, 0xAD,
    0x5A, 0xBE, 0xD6, 0x2B, 0x75, 0x1B, 0x75, 0x1B, 0x75, 0x1B, 0x75, 0x1B, 0x75, 0x1B, 0x55, 0x13,
    0x74, 0x23, 0xF1, 0x6B, 0xCF, 0x73, 0xAE, 0x73, 0xF0, 0x7B, 0x72, 0x8C, 0x71, 0x8C, 0x51, 0x8C,
    0x72, 0x8C, 0x92, 0x94, 0x51, 0x84, 0x31, 0x84, 0x10, 0x7C, 0xEF, 0x7B, 0xAF, 0x73, 0x8E, 0x6B,
    0x4D, 0x63, 0x6D, 0x6B, 0x6E, 0x6B, 0xCF, 0x32, 0xED, 0x01, 0x0E, 0x02, 0x0E, 0x02, 0xCC, 0x09,
    0x42, 0x00, 0x00, 0x00, 0x00, 0x00, 0x00, 0x00, 0x00, 0x00, 0x00, 0x00, 0x00, 0x00, 0x00, 0x00,
    0x00, 0x00, 0x00, 0x00, 0x00, 0x00, 0x00, 0x00, 0x00, 0x00, 0x00, 0x00, 0x00, 0x00, 0x00, 0x00,
    0x00, 0x00, 0x00, 0x00, 0x00, 0x00, 0x00, 0x00, 0x00, 0x00, 0x00, 0x00, 0x00, 0x00, 0x00, 0x00,
    0x00, 0x00, 0x00, 0x00, 0x00, 0x00, 0x00, 0x00, 0x00, 0x00, 0x00, 0x00, 0x00, 0x00, 0x00, 0x00,
    0x00, 0x00, 0x00, 0x00, 0x00, 0x00, 0x00, 0x00, 0x00, 0x00, 0x00, 0x00, 0x00, 0x00, 0x00, 0x00,
    0x00, 0x00, 0x00, 0x00, 0x00, 0x00, 0x00, 0x00, 0x00, 0x00, 0x00, 0x00, 0x00, 0x00, 0x00, 0x00,
    0x00, 0x00, 0x00, 0x00, 0x00, 0x00, 0x00, 0x00, 0x00, 0x00, 0x00, 0x00, 0x00, 0x00, 0x00, 0x00,
    0x00, 0x00, 0x00, 0x00, 0x00, 0x00, 0x00, 0x00, 0x00, 0x00, 0x00, 0x00, 0x00, 0x00, 0x00, 0x00,
    0x00, 0x00, 0x00, 0x00, 0x00, 0x00, 0x00, 0x00, 0x00, 0x00, 0x00, 0x00, 0x00, 0x00, 0x00, 0x00,
    0x00, 0x00, 0x00, 0x00, 0x00, 0x00, 0x00, 0x00, 0x00, 0x00, 0x00, 0x00, 0x00, 0x00, 0x00, 0x00,
    0x00, 0x00, 0x00, 0x00, 0x00, 0x00, 0x00, 0x00, 0x00, 0x00, 0x00, 0x00, 0x00, 0x00, 0x00, 0x00,
    0x00, 0x00, 0x00, 0x00, 0x00, 0x00, 0x00, 0x00, 0x00, 0x00, 0x00, 0x00, 0x00, 0x00, 0x00, 0x00,
    0x00, 0x00, 0x00, 0x00, 0x00, 0x00, 0x00, 0x00, 0x00, 0x00, 0x00, 0x00, 0x00, 0x00, 0x00, 0x00,
    0x00, 0x00, 0x00, 0x00, 0x00, 0x00, 0x00, 0x00, 0x00, 0x00, 0x00, 0x00, 0x00, 0x00, 0x61, 0x08,
    0xCB, 0x09, 0xED, 0x01, 0x0E, 0x02, 0xEE, 0x01, 0x6D, 0x22, 0x65, 0x29, 0x86, 0x29, 0xA6, 0x31,
    0x28, 0x42, 0xEB, 0x5A, 0x0C, 0x63, 0xEB, 0x5A, 0xEB, 0x5A, 0xEB, 0x5A, 0xCB, 0x52, 0xAA, 0x52,
    0xCB, 0x5A, 0x0C, 0x63, 0x2C, 0x63, 0x4D, 0x6B, 0x2C, 0x63, 0xEB, 0x5A, 0x2D, 0x63, 0xB4, 0x33,
    0x55, 0x13, 0x75, 0x1B, 0x75, 0x1B, 0x75, 0x1B, 0x75, 0x1B, 0x75, 0x1B, 0x95, 0x23, 0x0D, 0x53,
    0x45, 0x29, 0x04, 0x21, 0x24, 0x21, 0x69, 0x4A, 0x0E, 0x53, 0x0E, 0x0A, 0x0E, 0x02, 0x0E, 0x02,
    0x0E, 0x02, 0x0E, 0x0A, 0x4A, 0x3A, 0xA2, 0x10, 0x41, 0x08, 0x20, 0x00, 0x20, 0x00, 0x20, 0x00,
    0x61, 0x08, 0x82, 0x10, 0x82, 0x10, 0x82, 0x10, 0x67, 0x19, 0xED, 0x01, 0x0E, 0x02, 0xEE, 0x01,
    0x54, 0x6C, 0x7D, 0xEF, 0xDB, 0xDE, 0x59, 0xCE, 0x59, 0xCE, 0x79, 0xCE, 0x79, 0xCE, 0xDA, 0xDE,
    0x3C, 0xE7, 0x3C, 0xE7, 0x1C, 0xE7, 0x1C, 0xE7, 0xBA, 0xD6, 0x38, 0xC6, 0x38, 0xC6, 0x38, 0xC6,
    0x59, 0xCE, 0x79, 0xCE, 0x3C, 0xE7, 0x7D, 0xEF, 0xD5, 0x84, 0xEE, 0x01, 0xEE, 0x01, 0xEE, 0x01,
    0x4E, 0x12, 0xB4, 0x84, 0x38, 0xC6, 0x18, 0xC6, 0x99, 0xD6, 0x19, 0xBE, 0xF0, 0x32, 0xED, 0x01,
    0xEE, 0x01, 0x0E, 0x02, 0x0E, 0x02, 0x0E, 0x02, 0x0E, 0x02, 0x0E, 0x02, 0xED, 0x09, 0x4E, 0x53,
    0x8E, 0x73, 0x4D, 0x6B, 0x2C, 0x63, 0x4D, 0x6B, 0x6D, 0x6B, 0x6D, 0x6B, 0x8E, 0x73, 0xAE, 0x73,
    0x51, 0x8C, 0xF4, 0x94, 0x4F, 0x12, 0x0E, 0x02, 0x0E, 0x02, 0x0E, 0x02, 0x0E, 0x0A, 0x12, 0x74,
    0xB2, 0x94, 0x51, 0x84, 0x92, 0x94, 0x96, 0xB5, 0x7A, 0xC6, 0xD6, 0x33, 0x75, 0x1B, 0x75, 0x1B,
    0x75, 0x1B, 0x75, 0x1B, 0x75, 0x1B, 0x55, 0x13, 0x94, 0x33, 0xCF, 0x73, 0x6E, 0x6B, 0x8E, 0x73,
    0x10, 0x7C, 0x71, 0x8C, 0x51, 0x8C, 0x51, 0x8C, 0x71, 0x8C, 0x92, 0x94, 0x51, 0x8C, 0x10, 0x84,
    0xEF, 0x7B, 0xEF, 0x7B, 0xAE, 0x73, 0x4D, 0x6B, 0xEB, 0x5A, 0xEB, 0x5A, 0x4D, 0x6B, 0xCF, 0x32,
    0xED, 0x01, 0xED, 0x01, 0xEE, 0x01, 0xCC, 0x09, 0x42, 0x00, 0x00, 0x00, 0x00, 0x00, 0x00, 0x00,
    0x00, 0x00, 0x00, 0x00, 0x00, 0x00, 0x00, 0x00, 0x00, 0x00, 0x00, 0x00, 0x00, 0x00, 0x00, 0x00,
    0x00, 0x00, 0x00, 0x00, 0x00, 0x00, 0x00, 0x00, 0x00, 0x00, 0x00, 0x00, 0x00, 0x00, 0x00, 0x00,
    0x00, 0x00, 0x00, 0x00, 0x00, 0x00, 0x00, 0x00, 0x00, 0x00, 0x00, 0x00, 0x00, 0x00, 0x00, 0x00,
    0x00, 0x00, 0x00, 0x00, 0x00, 0x00, 0x00, 0x00, 0x00, 0x00, 0x00, 0x00, 0x00, 0x00, 0x00, 0x00,
    0x00, 0x00, 0x00, 0x00, 0x00, 0x00, 0x00, 0x00, 0x00, 0x00, 0x00, 0x00, 0x00, 0x00, 0x00, 0x00,
    0x00, 0x00, 0x00, 0x00, 0x00, 0x00, 0x00, 0x00, 0x00, 0x00, 0x00, 0x00, 0x00, 0x00, 0x00, 0x00,
    0x00, 0x00, 0x00, 0x00, 0x00, 0x00, 0x00, 0x00, 0x00, 0x00, 0x00, 0x00, 0x00, 0x00, 0x00, 0x00,
    0x00, 0x00, 0x00, 0x00, 0x00, 0x00, 0x00, 0x00, 0x00, 0x00, 0x00, 0x00, 0x00, 0x00, 0x00, 0x00,
    0x00, 0x00, 0x00, 0x00, 0x00, 0x00, 0x00, 0x00, 0x00, 0x00, 0x00, 0x00, 0x00, 0x00, 0x00, 0x00,
    0x00, 0x00, 0x00, 0x00, 0x00, 0x00, 0x00, 0x00, 0x00, 0x00, 0x00, 0x00, 0x00, 0x00, 0x00, 0x00,
    0x00, 0x00, 0x00, 0x00, 0x00, 0x00, 0x00, 0x00, 0x00, 0x00, 0x00, 0x00, 0x00, 0x00, 0x00, 0x00,
    0x00, 0x00, 0x00, 0x00, 0x00, 0x00, 0x00, 0x00, 0x00, 0x00, 0x00, 0x00, 0x00, 0x00, 0x00, 0x00,
    0x00, 0x00, 0x00, 0x00, 0x00, 0x00, 0x00, 0x00, 0x00, 0x00, 0x00, 0x00, 0x00, 0x00, 0x00, 0x00,
    0x00, 0x00, 0x00, 0x00, 0x00, 0x00, 0x61, 0x00, 0xEC, 0x09, 0x0E, 0x02, 0x0E, 0x02, 0xEE, 0x01,
    0x6D, 0x22, 0x45, 0x21, 0x86, 0x31, 0xC7, 0x39, 0x49, 0x4A, 0x0C, 0x63, 0x6D, 0x6B, 0x6D, 0x6B,
    0x2C, 0x63, 0xEB, 0x5A, 0xEB, 0x5A, 0x0C, 0x63, 0x4D, 0x6B, 0xCF, 0x7B, 0xCF, 0x7B, 0x4D, 0x6B,
    0xEB, 0x5A, 0xCB, 0x5A, 0x2D, 0x63, 0x94, 0x33, 0x55, 0x13, 0x55, 0x1B, 0x55, 0x1B, 0x75, 0x1B,
    0x75, 0x1B, 0x75, 0x1B, 0x96, 0x2B, 0x0D, 0x53, 0x44, 0x29, 0x04, 0x19, 0x04, 0x21, 0x08, 0x42,
    0xCC, 0x4A, 0x0E, 0x0A, 0xEE, 0x01, 0x0E, 0x02, 0xEE, 0x01, 0x0E, 0x0A, 0x6B, 0x42, 0xA2, 0x10,
    0x61, 0x08, 0x41, 0x08, 0x41, 0x08, 0x61, 0x08, 0x82, 0x10, 0x82, 0x10, 0xA2, 0x10, 0xA2, 0x10,
    0x67, 0x19, 0xEE, 0x09, 0x0E, 0x02, 0x0E, 0x02, 0xF3, 0x5B, 0x59, 0xC6, 0x7A, 0xCE, 0xDB, 0xD6,
    0xDB, 0xD6, 0xDB, 0xD6, 0xDC, 0xD6, 0xBA, 0xCE, 0x59, 0xC6, 0x39, 0xC6, 0x39, 0xBE, 0x39, 0xBE,
    0x39, 0xC6, 0xBB, 0xCE, 0xBB, 0xD6, 0xBB, 0xCE, 0xDB, 0xD6, 0xDB, 0xD6, 0x59, 0xC6, 0x7A, 0xCE,
    0x54, 0x6C, 0xEE, 0x01, 0xEE, 0x01, 0xED, 0x01, 0xCD, 0x01, 0x2E, 0x12, 0x36, 0x95, 0xDB, 0xDE,
    0x79, 0xCE, 0x38, 0xC6, 0x76, 0xA5, 0xCF, 0x32, 0xED, 0x01, 0x0E, 0x02, 0x0E, 0x02, 0x0E, 0x02,
    0x0E, 0x02, 0x0E, 0x02, 0xED, 0x09, 0x2E, 0x53, 0x6D, 0x6B, 0x0C, 0x63, 0x0C, 0x63, 0x4D, 0x6B,
    0xEF, 0x7B, 0x51, 0x8C, 0x51, 0x8C, 0x71, 0x8C, 0xF3, 0x9C, 0x35, 0x9D, 0x4E, 0x12, 0x0E, 0x02,
    0x0E, 0x02, 0x0E, 0x02, 0x0E, 0x0A, 0xD5, 0x8C, 0xF7, 0xBD, 0x75, 0xAD, 0x75, 0xAD, 0xD7, 0xBD,
    0xF8, 0xB5, 0xD6, 0x2B, 0x55, 0x13, 0x75, 0x1B, 0x75, 0x1B, 0x75, 0x1B, 0x75, 0x1B, 0x55, 0x13,
    0xB4, 0x33, 0x10, 0x7C, 0xAE, 0x73, 0xCF, 0x7B, 0x30, 0x84, 0x31, 0x84, 0x30, 0x84, 0x30, 0x84,
    0x51, 0x8C, 0x51, 0x8C, 0x71, 0x8C, 0x51, 0x8C, 0x71, 0x8C, 0x71, 0x8C, 0x10, 0x84, 0x4D, 0x6B,
    0xCB, 0x5A, 0xAA, 0x52, 0x2C, 0x63, 0xAE, 0x32, 0xED, 0x01, 0x0E, 0x02, 0xED, 0x01, 0xCC, 0x09,
    0x62, 0x00, 0x00, 0x00, 0x00, 0x00, 0x00, 0x00, 0x00, 0x00, 0x00, 0x00, 0x00, 0x00, 0x00, 0x00,
    0x00, 0x00, 0x00, 0x00, 0x00, 0x00, 0x00, 0x00, 0x00, 0x00, 0x00, 0x00, 0x00, 0x00, 0x00, 0x00,
    0x00, 0x00, 0x00, 0x00, 0x00, 0x00, 0x00, 0x00, 0x00, 0x00, 0x00, 0x00, 0x00, 0x00, 0x00, 0x00,
    0x00, 0x00, 0x00, 0x00, 0x00, 0x00, 0x00, 0x00, 0x00, 0x00, 0x00, 0x00, 0x00, 0x00, 0x00, 0x00,
    0x00, 0x00, 0x00, 0x00, 0x00, 0x00, 0x00, 0x00, 0x00, 0x00, 0x00, 0x00, 0x00, 0x00, 0x00, 0x00,
    0x00, 0x00, 0x00, 0x00, 0x00, 0x00, 0x00, 0x00, 0x00, 0x00, 0x00, 0x00, 0x00, 0x00, 0x00, 0x00,
    0x00, 0x00, 0x00, 0x00, 0x00, 0x00, 0x00, 0x00, 0x00, 0x00, 0x00, 0x00, 0x00, 0x00, 0x00, 0x00,
    0x00, 0x00, 0x00, 0x00, 0x00, 0x00, 0x00, 0x00, 0x00, 0x00, 0x00, 0x00, 0x00, 0x00, 0x00, 0x00,
    0x00, 0x00, 0x00, 0x00, 0x00, 0x00, 0x00, 0x00, 0x00, 0x00, 0x00, 0x00, 0x00, 0x00, 0x00, 0x00,
    0x00, 0x00, 0x00, 0x00, 0x00, 0x00, 0x00, 0x00, 0x00, 0x00, 0x00, 0x00, 0x00, 0x00, 0x00, 0x00,
    0x00, 0x00, 0x00, 0x00, 0x00, 0x00, 0x00, 0x00, 0x00, 0x00, 0x00, 0x00, 0x00, 0x00, 0x00, 0x00,
    0x00, 0x00, 0x00, 0x00, 0x00, 0x00, 0x00, 0x00, 0x00, 0x00, 0x00, 0x00, 0x00, 0x00, 0x00, 0x00,
    0x00, 0x00, 0x00, 0x00, 0x00, 0x00, 0x00, 0x00, 0x00, 0x00, 0x00, 0x00, 0x00, 0x00, 0x00, 0x00,
    0x00, 0x00, 0x00, 0x00, 0x00, 0x00, 0x00, 0x00, 0x00, 0x00, 0x00, 0x00, 0x00, 0x00, 0x61, 0x08,
    0xEC, 0x09, 0x0E, 0x02, 0x0E, 0x02, 0x0E, 0x02, 0x8E, 0x2A, 0x08, 0x3A, 0x49, 0x4A, 0x49, 0x4A,
    0x8A, 0x52, 0x8E, 0x73, 0x31, 0x84, 0x30, 0x84, 0xEF, 0x7B, 0xAE, 0x73, 0xAE, 0x73, 0xAE, 0x73,
    0xEF, 0x7B, 0x51, 0x8C, 0x51, 0x8C, 0xEF, 0x7B, 0x6D, 0x6B, 0x4D, 0x6B, 0xF0, 0x73, 0x95, 0x33,
    0x55, 0x13, 0x55, 0x1B, 0x55, 0x1B, 0x55, 0x1B, 0x75, 0x1B, 0x75, 0x1B, 0x95, 0x23, 0xED, 0x52,
    0x24, 0x21, 0x04, 0x21, 0x04, 0x21, 0x86, 0x31, 0x6B, 0x42, 0x0D, 0x0A, 0xEE, 0x01, 0x0E, 0x02,
    0x0E, 0x02, 0x0D, 0x0A, 0x6B, 0x3A, 0xC3, 0x18, 0x61, 0x08, 0x61, 0x08, 0x41, 0x08, 0x82, 0x10,
    0xC3, 0x10, 0xC3, 0x18, 0xC3, 0x18, 0xE3, 0x18, 0x67, 0x19, 0x0E, 0x0A, 0x0E, 0x02, 0x0E, 0x02,
    0x4F, 0x12, 0xAF, 0x22, 0xCF, 0x2A, 0xD0, 0x2A, 0xD0, 0x2A, 0xF0, 0x2A, 0xF0, 0x2A, 0xF0, 0x2A,
    0xD0, 0x2A, 0xD0, 0x2A, 0xD0, 0x2A, 0xD0, 0x2A, 0xD0, 0x2A, 0xF0, 0x2A, 0xD0, 0x2A, 0xD0, 0x2A,
    0xD0, 0x2A, 0xF0, 0x2A, 0xD0, 0x2A, 0xF0, 0x2A, 0x6F, 0x1A, 0xEE, 0x01, 0xEE, 0x01, 0xED, 0x01,
    0xED, 0x01, 0xCD, 0x01, 0x6E, 0x1A, 0x57, 0x9D, 0x79, 0xCE, 0xF7, 0xBD, 0x18, 0xC6, 0x76, 0xA5,
    0xF0, 0x32, 0xEE, 0x01, 0x0E, 0x02, 0x0E, 0x02, 0x0E, 0x02, 0xED, 0x01, 0xED, 0x09, 0x4F, 0x53,
    0x6D, 0x6B, 0xEB, 0x5A, 0xCB, 0x5A, 0x0C, 0x63, 0xCF, 0x7B, 0x30, 0x84, 0x10, 0x84, 0x10, 0x84,
    0xD3, 0x9C, 0xF5, 0x94, 0x2E, 0x12, 0x0E, 0x02, 0x0E, 0x02, 0xEE, 0x01, 0x0E, 0x0A, 0x16, 0x95,
    0x38, 0xC6, 0xD7, 0xBD, 0xF7, 0xBD, 0x38, 0xC6, 0xF8, 0xAD, 0xB6, 0x2B, 0x55, 0x13, 0x55, 0x1B,
    0x75, 0x1B, 0x75, 0x1B, 0x75, 0x1B, 0x75, 0x13, 0xB5, 0x3B, 0x71, 0x84, 0x10, 0x84, 0x30, 0x84,
    0x71, 0x8C, 0xB2, 0x94, 0xD3, 0x9C, 0xB3, 0x94, 0x92, 0x94, 0x92, 0x94, 0xD3, 0x94, 0xD3, 0x94,
    0xF3, 0x9C, 0x14, 0x9D, 0xB2, 0x94, 0xAE, 0x73, 0x4D, 0x6B, 0x4D, 0x6B, 0x6E, 0x6B, 0xAE, 0x32,
    0xEE, 0x01, 0x0E, 0x02, 0xED, 0x01, 0xCC, 0x09, 0x62, 0x00, 0x00, 0x00, 0x00, 0x00, 0x00, 0x00,
    0x00, 0x00, 0x00, 0x00, 0x00, 0x00, 0x00, 0x00, 0x00, 0x00, 0x00, 0x00, 0x00, 0x00, 0x00, 0x00,
    0x00, 0x00, 0x00, 0x00, 0x00, 0x00, 0x00, 0x00, 0x00, 0x00, 0x00, 0x00, 0x00, 0x00, 0x00, 0x00,
    0x00, 0x00, 0x00, 0x00, 0x00, 0x00, 0x00, 0x00, 0x00, 0x00, 0x00, 0x00, 0x00, 0x00, 0x00, 0x00,
    0x00, 0x00, 0x00, 0x00, 0x00, 0x00, 0x00, 0x00, 0x00, 0x00, 0x00, 0x00, 0x00, 0x00, 0x00, 0x00,
    0x00, 0x00, 0x00, 0x00, 0x00, 0x00, 0x00, 0x00, 0x00, 0x00, 0x00, 0x00, 0x00, 0x00, 0x00, 0x00,
    0x00, 0x00, 0x00, 0x00, 0x00, 0x00, 0x00, 0x00, 0x00, 0x00, 0x00, 0x00, 0x00, 0x00, 0x00, 0x00,
    0x00, 0x00, 0x00, 0x00, 0x00, 0x00, 0x00, 0x00, 0x00, 0x00, 0x00, 0x00, 0x00, 0x00, 0x00, 0x00,
    0x00, 0x00, 0x00, 0x00, 0x00, 0x00, 0x00, 0x00, 0x00, 0x00, 0x00, 0x00, 0x00, 0x00, 0x00, 0x00,
    0x00, 0x00, 0x00, 0x00, 0x00, 0x00, 0x00, 0x00, 0x00, 0x00, 0x00, 0x00, 0x00, 0x00, 0x00, 0x00,
    0x00, 0x00, 0x00, 0x00, 0x00, 0x00, 0x00, 0x00, 0x00, 0x00, 0x00, 0x00, 0x00, 0x00, 0x00, 0x00,
    0x00, 0x00, 0x00, 0x00, 0x00, 0x00, 0x00, 0x00, 0x00, 0x00, 0x00, 0x00, 0x00, 0x00, 0x00, 0x00,
    0x00, 0x00, 0x00, 0x00, 0x00, 0x00, 0x00, 0x00, 0x00, 0x00, 0x00, 0x00, 0x00, 0x00, 0x00, 0x00,
    0x00, 0x00, 0x00, 0x00, 0x00, 0x00, 0x00, 0x00, 0x00, 0x00, 0x00, 0x00, 0x00, 0x00, 0x00, 0x00,
    0x00, 0x00, 0x00, 0x00, 0x00, 0x00, 0x41, 0x08, 0xEC, 0x09, 0x0E, 0x02, 0x0E, 0x02, 0x0E, 0x02,
    0x6F, 0x1A, 0x93, 0x3B, 0xB3, 0x43, 0x93, 0x43, 0x93, 0x43, 0xD4, 0x43, 0x15, 0x4C, 0x15, 0x4C,
    0x15, 0x4C, 0x15, 0x4C, 0x15, 0x4C, 0xF4, 0x4B, 0x15, 0x54, 0x35, 0x54, 0x35, 0x54, 0x15, 0x4C,
    0xF5, 0x4B, 0xD4, 0x4B, 0xF5, 0x4B, 0x95, 0x23, 0x55, 0x1B, 0x55, 0x1B, 0x55, 0x1B, 0x55, 0x1B,
    0x75, 0x1B, 0x75, 0x1B, 0x75, 0x23, 0xCC, 0x4A, 0x04, 0x21, 0x04, 0x21, 0x04, 0x21, 0x45, 0x29,
    0x09, 0x32, 0x0D, 0x0A, 0xEE, 0x01, 0x0E, 0x02, 0x0E, 0x02, 0xEE, 0x09, 0x4B, 0x32, 0xC3, 0x18,
    0xA2, 0x10, 0x82, 0x10, 0x61, 0x08, 0xA2, 0x10, 0xC3, 0x18, 0xE3, 0x18, 0xE3, 0x18, 0x04, 0x21,
    0x88, 0x21, 0x0E, 0x0A, 0x0E, 0x02, 0x0E, 0x02, 0x0E, 0x02, 0xEE, 0x01, 0xEE, 0x01, 0xEE, 0x01,
    0xED, 0x01, 0xED, 0x01, 0xEE, 0x01, 0xEE, 0x01, 0xEE, 0x01, 0x0E, 0x02, 0x0E, 0x02, 0x0E, 0x02,
    0xEE, 0x01, 0xEE, 0x01, 0xEE, 0x01, 0xEE, 0x01, 0xEE, 0x01, 0xEE, 0x01, 0xEE, 0x01, 0xEE, 0x01,
    0x0E, 0x02, 0x0E, 0x02, 0x0E, 0x02, 0x0E, 0x02, 0xED, 0x01, 0xED, 0x01, 0xCD, 0x01, 0x4E, 0x1A,
    0x15, 0x8D, 0x38, 0xC6, 0x18, 0xC6, 0x38, 0xC6, 0x97, 0xA5, 0xF0, 0x32, 0xED, 0x01, 0xED, 0x01,
    0xEE, 0x01, 0xEE, 0x01, 0x0E, 0x0A, 0x6F, 0x5B, 0x6D, 0x6B, 0xCB, 0x5A, 0xAA, 0x52, 0xEB, 0x5A,
    0xAE, 0x73, 0xEF, 0x7B, 0xCF, 0x7B, 0xAE, 0x73, 0x71, 0x8C, 0x73, 0x7C, 0x0E, 0x0A, 0x0E, 0x02,
    0x0E, 0x02, 0x0E, 0x02, 0x2E, 0x0A, 0x56, 0x9D, 0x38, 0xC6, 0xD7, 0xBD, 0x17, 0xBE, 0x38, 0xC6,
    0xD8, 0xAD, 0x95, 0x2B, 0x55, 0x13, 0x55, 0x13, 0x55, 0x1B, 0x75, 0x1B, 0x75, 0x1B, 0x76, 0x13,
    0xF5, 0x3B, 0xD3, 0x94, 0x92, 0x94, 0x92, 0x94, 0xD3, 0x94, 0x54, 0x6C, 0x35, 0x54, 0x35, 0x54,
    0x15, 0x54, 0x35, 0x54, 0x56, 0x5C, 0x56, 0x54, 0x76, 0x5C, 0x76, 0x5C, 0x56, 0x54, 0x15, 0x4C,
    0xF4, 0x4B, 0xF5, 0x43, 0xD4, 0x43, 0x6F, 0x12, 0xED, 0x01, 0xED, 0x01, 0xED, 0x01, 0xCC, 0x09,
    0x62, 0x08, 0x00, 0x00, 0x00, 0x00, 0x00, 0x00, 0x00, 0x00, 0x00, 0x00, 0x00, 0x00, 0x00, 0x00,
    0x00, 0x00, 0x00, 0x00, 0x00, 0x00, 0x00, 0x00, 0x00, 0x00, 0x00, 0x00, 0x00, 0x00, 0x00, 0x00,
    0x00, 0x00, 0x00, 0x00, 0x00, 0x00, 0x00, 0x00, 0x00, 0x00, 0x00, 0x00, 0x00, 0x00, 0x00, 0x00,
    0x00, 0x00, 0x00, 0x00, 0x00, 0x00, 0x00, 0x00, 0x00, 0x00, 0x00, 0x00, 0x00, 0x00, 0x00, 0x00,
    0x00, 0x00, 0x00, 0x00, 0x00, 0x00, 0x00, 0x00, 0x00, 0x00, 0x00, 0x00, 0x00, 0x00, 0x00, 0x00,
    0x00, 0x00, 0x00, 0x00, 0x00, 0x00, 0x00, 0x00, 0x00, 0x00, 0x00, 0x00, 0x00, 0x00, 0x00, 0x00,
    0x00, 0x00, 0x00, 0x00, 0x00, 0x00, 0x00, 0x00, 0x00, 0x00, 0x00, 0x00, 0x00, 0x00, 0x00, 0x00,
    0x00, 0x00, 0x00, 0x00, 0x00, 0x00, 0x00, 0x00, 0x00, 0x00, 0x00, 0x00, 0x00, 0x00, 0x00, 0x00,
    0x00, 0x00, 0x00, 0x00, 0x00, 0x00, 0x00, 0x00, 0x00, 0x00, 0x00, 0x00, 0x00, 0x00, 0x00, 0x00,
    0x00, 0x00, 0x00, 0x00, 0x00, 0x00, 0x00, 0x00, 0x00, 0x00, 0x00, 0x00, 0x00, 0x00, 0x00, 0x00,
    0x00, 0x00, 0x00, 0x00, 0x00, 0x00, 0x00, 0x00, 0x00, 0x00, 0x00, 0x00, 0x00, 0x00, 0x00, 0x00,
    0x00, 0x00, 0x00, 0x00, 0x00, 0x00, 0x00, 0x00, 0x00, 0x00, 0x00, 0x00, 0x00, 0x00, 0x00, 0x00,
    0x00, 0x00, 0x00, 0x00, 0x00, 0x00, 0x00, 0x00, 0x00, 0x00, 0x00, 0x00, 0x00, 0x00, 0x00, 0x00,
    0x00, 0x00, 0x00, 0x00, 0x00, 0x00, 0x00, 0x00, 0x00, 0x00, 0x00, 0x00, 0x00, 0x00, 0x41, 0x00,
    0xCB, 0x09, 0x0E, 0x02, 0x0E, 0x02, 0xEE, 0x01, 0x2F, 0x0A, 0x34, 0x13, 0x55, 0x13, 0x55, 0x13,
    0x55, 0x13, 0x55, 0x13, 0x55, 0x13, 0x55, 0x13, 0x56, 0x13, 0x56, 0x13, 0x56, 0x13, 0x56, 0x13,
    0x55, 0x13, 0x55, 0x13, 0x55, 0x13, 0x55, 0x13, 0x56, 0x13, 0x76, 0x13, 0x56, 0x13, 0x75, 0x1B,
    0x75, 0x1B, 0x75, 0x1B, 0x75, 0x1B, 0x55, 0x1B, 0x55, 0x1B, 0x55, 0x1B, 0x75, 0x23, 0xAC, 0x42,
    0x04, 0x21, 0x04, 0x21, 0xE3, 0x18, 0x04, 0x21, 0xC8, 0x31, 0x2D, 0x12, 0xEE, 0x01, 0x0E, 0x02,
    0x0E, 0x02, 0xEE, 0x01, 0x4B, 0x32, 0xC3, 0x18, 0xC3, 0x18, 0xA2, 0x10, 0xA2, 0x10, 0xC3, 0x18,
    0xC3, 0x18, 0xE3, 0x18, 0xE3, 0x18, 0x04, 0x21, 0xA8, 0x21, 0xED, 0x09, 0x0E, 0x02, 0x0E, 0x02,
    0x0E, 0x02, 0x0E, 0x02, 0x0E, 0x02, 0x0E, 0x02, 0x0E, 0x02, 0x0E, 0x02, 0x0E, 0x02, 0x0E, 0x02,
    0x0E, 0x02, 0x0E, 0x02, 0x0E, 0x02, 0x0E, 0x02, 0x0E, 0x02, 0x0E, 0x02, 0x0E, 0x02, 0x0E, 0x02,
    0x0E, 0x02, 0x0E, 0x02, 0x0E, 0x02, 0x0E, 0x02, 0x0E, 0x02, 0x0E, 0x02, 0x0E, 0x02, 0x0E, 0x02,
    0x0E, 0x02, 0x0E, 0x02, 0xEE, 0x01, 0xED, 0x01, 0x6F, 0x1A, 0xF5, 0x8C, 0x38, 0xC6, 0x38, 0xC6,
    0x58, 0xCE, 0x97, 0xA5, 0x6F, 0x22, 0xED, 0x01, 0xEE, 0x01, 0xEE, 0x01, 0x0E, 0x0A, 0x4F, 0x5B,
    0x6D, 0x6B, 0xCB, 0x5A, 0xAA, 0x52, 0xEC, 0x5A, 0xCF, 0x7B, 0x30, 0x84, 0x30, 0x84, 0x30, 0x84,
    0xB2, 0x94, 0x53, 0x74, 0xED, 0x09, 0xEE, 0x01, 0x0E, 0x02, 0x0E, 0x02, 0x4E, 0x12, 0x97, 0xA5,
    0x18, 0xC6, 0xD7, 0xBD, 0x18, 0xC6, 0x59, 0xCE, 0xB8, 0xA5, 0x75, 0x23, 0x55, 0x13, 0x55, 0x1B,
    0x55, 0x1B, 0x75, 0x1B, 0x75, 0x1B, 0x55, 0x13, 0x16, 0x44, 0xF3, 0x9C, 0xB2, 0x94, 0xB2, 0x94,
    0xB3, 0x94, 0xD5, 0x43, 0x35, 0x13, 0x55, 0x13, 0x55, 0x13, 0x55, 0x13, 0x55, 0x13, 0x55, 0x13,
    0x55, 0x13, 0x55, 0x13, 0x55, 0x13, 0x55, 0x13, 0x56, 0x13, 0x76, 0x13, 0x55, 0x13, 0x4F, 0x0A,
    0x0E, 0x02, 0xEE, 0x01, 0xED, 0x01, 0xEC, 0x11, 0x62, 0x08, 0x00, 0x00, 0x00, 0x00, 0x00, 0x00,
    0x00, 0x00, 0x00, 0x00, 0x00, 0x00, 0x00, 0x00, 0x00, 0x00, 0x00, 0x00, 0x00, 0x00, 0x00, 0x00,
    0x00, 0x00, 0x00, 0x00, 0x00, 0x00, 0x00, 0x00, 0x00, 0x00, 0x00, 0x00, 0x00, 0x00, 0x00, 0x00,
    0x00, 0x00, 0x00, 0x00, 0x00, 0x00, 0x00, 0x00, 0x00, 0x00, 0x00, 0x00, 0x00, 0x00, 0x00, 0x00,
    0x00, 0x00, 0x00, 0x00, 0x00, 0x00, 0x00, 0x00, 0x00, 0x00, 0x00, 0x00, 0x00, 0x00, 0x00, 0x00,
    0x00, 0x00, 0x00, 0x00, 0x00, 0x00, 0x00, 0x00, 0x00, 0x00, 0x00, 0x00, 0x00, 0x00, 0x00, 0x00,
    0x00, 0x00, 0x00, 0x00, 0x00, 0x00, 0x00, 0x00, 0x00, 0x00, 0x00, 0x00, 0x00, 0x00, 0x00, 0x00,
    0x00, 0x00, 0x00, 0x00, 0x00, 0x00, 0x00, 0x00, 0x00, 0x00, 0x00, 0x00, 0x00, 0x00, 0x00, 0x00,
    0x00, 0x00, 0x00, 0x00, 0x00, 0x00, 0x00, 0x00, 0x00, 0x00, 0x00, 0x00, 0x00, 0x00, 0x00, 0x00,
    0x00, 0x00, 0x00, 0x00, 0x00, 0x00, 0x00, 0x00, 0x00, 0x00, 0x00, 0x00, 0x00, 0x00, 0x00, 0x00,
    0x00, 0x00, 0x00, 0x00, 0x00, 0x00, 0x00, 0x00, 0x00, 0x00, 0x00, 0x00, 0x00, 0x00, 0x00, 0x00,
    0x00, 0x00, 0x00, 0x00, 0x00, 0x00, 0x00, 0x00, 0x00, 0x00, 0x00, 0x00, 0x00, 0x00, 0x00, 0x00,
    0x00, 0x00, 0x00, 0x00, 0x00, 0x00, 0x00, 0x00, 0x00, 0x00, 0x00, 0x00, 0x00, 0x00, 0x00, 0x00,
    0x00, 0x00, 0x00, 0x00, 0x00, 0x00, 0x00, 0x00, 0x00, 0x00, 0x00, 0x00, 0x00, 0x00, 0x00, 0x00,
    0x00, 0x00, 0x00, 0x00, 0x00, 0x00, 0x20, 0x00, 0x8A, 0x09, 0x0E, 0x02, 0x0E, 0x02, 0xED, 0x01,
    0x0E, 0x02, 0x14, 0x13, 0x55, 0x1B, 0x55, 0x1B, 0x55, 0x1B, 0x75, 0x1B, 0x75, 0x1B, 0x75, 0x1B,
    0x75, 0x1B, 0x75, 0x1B, 0x75, 0x1B, 0x75, 0x1B, 0x75, 0x1B, 0x75, 0x1B, 0x75, 0x1B, 0x75, 0x1B,
    0x75, 0x1B, 0x75, 0x1B, 0x75, 0x1B, 0x75, 0x1B, 0x75, 0x1B, 0x75, 0x1B, 0x75, 0x1B, 0x55, 0x1B,
    0x75, 0x1B, 0x55, 0x1B, 0x75, 0x1B, 0xCD, 0x42, 0x24, 0x21, 0x04, 0x21, 0x04, 0x21, 0x04, 0x21,
    0xA7, 0x29, 0x2D, 0x1A, 0xEE, 0x01, 0x0E, 0x02, 0x0E, 0x02, 0x0E, 0x02, 0x6C, 0x32, 0x04, 0x21,
    0xC3, 0x18, 0xA2, 0x10, 0xA2, 0x10, 0xC3, 0x18, 0xE3, 0x18, 0xE3, 0x18, 0x04, 0x21, 0x24, 0x21,
    0xC8, 0x21, 0x0E, 0x0A, 0x0E, 0x02, 0x0E, 0x02, 0x0E, 0x02, 0x0E, 0x02, 0x0E, 0x02, 0x0E, 0x02,
    0x0E, 0x02, 0x0E, 0x02, 0x0E, 0x02, 0x0E, 0x02, 0x0E, 0x02, 0x0E, 0x02, 0x0E, 0x02, 0x0E, 0x02,
    0x0E, 0x02, 0x0E, 0x02, 0x0E, 0x02, 0x0E, 0x02, 0x0E, 0x02, 0x0E, 0x02, 0x0E, 0x02, 0x0E, 0x02,
    0x0E, 0x02, 0x0E, 0x02, 0x0E, 0x02, 0x0E, 0x02, 0x0E, 0x02, 0x0E, 0x02, 0x0E, 0x02, 0x0E, 0x02,
    0xEE, 0x01, 0x6F, 0x1A, 0xF5, 0x8C, 0x38, 0xC6, 0x38, 0xC6, 0x9A, 0xD6, 0x74, 0x74, 0xEE, 0x01,
    0xEE, 0x01, 0xEE, 0x01, 0xED, 0x09, 0x6F, 0x5B, 0xCF, 0x7B, 0x4D, 0x6B, 0x2C, 0x63, 0x8E, 0x73,
    0x71, 0x8C, 0xF3, 0x9C, 0x14, 0xA5, 0x14, 0xA5, 0x96, 0xB5, 0x53, 0x74, 0xED, 0x01, 0xED, 0x01,
    0xEE, 0x01, 0xED, 0x01, 0x6E, 0x1A, 0xF8, 0xB5, 0x59, 0xCE, 0x59, 0xCE, 0x79, 0xCE, 0x9A, 0xD6,
    0x98, 0x9D, 0x76, 0x1B, 0x75, 0x1B, 0x75, 0x1B, 0x55, 0x1B, 0x55, 0x13, 0x55, 0x1B, 0x55, 0x13,
    0x36, 0x54, 0x55, 0xAD, 0x14, 0xA5, 0x14, 0xA5, 0xF3, 0x9C, 0xD5, 0x3B, 0x76, 0x13, 0x75, 0x1B,
    0x55, 0x1B, 0x55, 0x1B, 0x55, 0x1B, 0x55, 0x1B, 0x55, 0x1B, 0x55, 0x1B, 0x55, 0x1B, 0x75, 0x1B,
    0x75, 0x1B, 0x76, 0x1B, 0x55, 0x13, 0x4F, 0x0A, 0x0E, 0x02, 0x0E, 0x02, 0xEE, 0x01, 0xEB, 0x11,
    0x61, 0x08, 0x00, 0x00, 0x00, 0x00, 0x00, 0x00, 0x00, 0x00, 0x00, 0x00, 0x00, 0x00, 0x00, 0x00,
    0x00, 0x00, 0x00, 0x00, 0x00, 0x00, 0x00, 0x00, 0x00, 0x00, 0x00, 0x00, 0x00, 0x00, 0x00, 0x00,
    0x00, 0x00, 0x00, 0x00, 0x00, 0x00, 0x00, 0x00, 0x00, 0x00, 0x00, 0x00, 0x00, 0x00, 0x00, 0x00,
    0x00, 0x00, 0x00, 0x00, 0x00, 0x00, 0x00, 0x00, 0x00, 0x00, 0x00, 0x00, 0x00, 0x00, 0x00, 0x00,
    0x00, 0x00, 0x00, 0x00, 0x00, 0x00, 0x00, 0x00, 0x00, 0x00, 0x00, 0x00, 0x00, 0x00, 0x00, 0x00,
    0x00, 0x00, 0x00, 0x00, 0x00, 0x00, 0x00, 0x00, 0x00, 0x00, 0x00, 0x00, 0x00, 0x00, 0x00, 0x00,
    0x00, 0x00, 0x00, 0x00, 0x00, 0x00, 0x00, 0x00, 0x00, 0x00, 0x00, 0x00, 0x00, 0x00, 0x00, 0x00,
    0x00, 0x00, 0x00, 0x00, 0x00, 0x00, 0x00, 0x00, 0x00, 0x00, 0x00, 0x00, 0x00, 0x00, 0x00, 0x00,
    0x00, 0x00, 0x00, 0x00, 0x00, 0x00, 0x00, 0x00, 0x00, 0x00, 0x00, 0x00, 0x00, 0x00, 0x00, 0x00,
    0x00, 0x00, 0x00, 0x00, 0x00, 0x00, 0x00, 0x00, 0x00, 0x00, 0x00, 0x00, 0x00, 0x00, 0x00, 0x00,
    0x00, 0x00, 0x00, 0x00, 0x00, 0x00, 0x00, 0x00, 0x00, 0x00, 0x00, 0x00, 0x00, 0x00, 0x00, 0x00,
    0x00, 0x00, 0x00, 0x00, 0x00, 0x00, 0x00, 0x00, 0x00, 0x00, 0x00, 0x00, 0x00, 0x00, 0x00, 0x00,
    0x00, 0x00, 0x00, 0x00, 0x00, 0x00, 0x00, 0x00, 0x00, 0x00, 0x00, 0x00, 0x00, 0x00, 0x00, 0x00,
    0x00, 0x00, 0x00, 0x00, 0x00, 0x00, 0x00, 0x00, 0x00, 0x00, 0x00, 0x00, 0x00, 0x00, 0x00, 0x00,
    0x89, 0x11, 0xED, 0x01, 0xED, 0x01, 0xED, 0x01, 0xEE, 0x01, 0xB2, 0x12, 0x14, 0x13, 0x55, 0x13,
    0x75, 0x1B, 0x76, 0x1B, 0x76, 0x1B, 0x76, 0x1B, 0x75, 0x1B, 0x75, 0x1B, 0x75, 0x1B, 0x55, 0x1B,
    0x75, 0x1B, 0x75, 0x1B, 0x75, 0x1B, 0x75, 0x1B, 0x75, 0x1B, 0x75, 0x1B, 0x75, 0x1B, 0x75, 0x1B,
    0x75, 0x1B, 0x75, 0x1B, 0x75, 0x1B, 0x75, 0x1B, 0x75, 0x1B, 0x75, 0x1B, 0x75, 0x1B, 0xEE, 0x3A,
    0x04, 0x21, 0x04, 0x21, 0x24, 0x21, 0xC3, 0x18, 0x04, 0x19, 0x0C, 0x12, 0x0E, 0x02, 0x0E, 0x02,
    0x0E, 0x02, 0x0E, 0x02, 0x6D, 0x2A, 0x04, 0x19, 0x61, 0x08, 0x61, 0x08, 0x61, 0x08, 0xA2, 0x10,
    0x04, 0x21, 0x04, 0x21, 0x04, 0x21, 0x24, 0x21, 0xC8, 0x21, 0xEE, 0x09, 0x0E, 0x02, 0x0E, 0x02,
    0x0E, 0x02, 0x0E, 0x02, 0x0E, 0x02, 0x0E, 0x02, 0x0E, 0x02, 0x0E, 0x02, 0x0E, 0x02, 0x0E, 0x02,
    0x0E, 0x02, 0x0E, 0x02, 0x0E, 0x02, 0x0E, 0x02, 0x0E, 0x02, 0x0E, 0x02, 0x0E, 0x02, 0x0E, 0x02,
    0x0E, 0x02, 0x0E, 0x02, 0x0E, 0x02, 0x0E, 0x02, 0x0E, 0x02, 0x0E, 0x02, 0x0E, 0x02, 0x0E, 0x02,
    0x0E, 0x02, 0x0E, 0x02, 0x0E, 0x02, 0x0E, 0x02, 0xEE, 0x01, 0xED, 0x01, 0x4E, 0x1A, 0x76, 0x9D,
    0xBA, 0xD6, 0xDB, 0xDE, 0x57, 0x95, 0x0E, 0x0A, 0xEE, 0x01, 0xED, 0x01, 0xCD, 0x01, 0x33, 0x74,
    0x14, 0xA5, 0x92, 0x8C, 0x71, 0x8C, 0xB2, 0x94, 0xD3, 0x9C, 0xF3, 0x9C, 0x14, 0xA5, 0x34, 0xA5,
    0xB6, 0xB5, 0xD2, 0x5B, 0xEE, 0x01, 0x0E, 0x02, 0xEE, 0x01, 0xED, 0x01, 0xAF, 0x2A, 0xD7, 0xB5,
    0xF7, 0xBD, 0x18, 0xC6, 0x38, 0xC6, 0xDA, 0xDE, 0xB9, 0x95, 0x76, 0x1B, 0x75, 0x1B, 0x75, 0x1B,
    0x55, 0x1B, 0x55, 0x1B, 0x55, 0x1B, 0x35, 0x13, 0x56, 0x5C, 0x96, 0xAD, 0x55, 0xAD, 0x55, 0xAD,
    0x55, 0xA5, 0xF6, 0x3B, 0x76, 0x13, 0x75, 0x1B, 0x75, 0x1B, 0x55, 0x1B, 0x55, 0x1B, 0x55, 0x1B,
    0x55, 0x1B, 0x55, 0x1B, 0x55, 0x1B, 0x55, 0x1B, 0x54, 0x13, 0x34, 0x13, 0xD2, 0x12, 0x2F, 0x02,
    0x0E, 0x02, 0x0E, 0x02, 0x0E, 0x02, 0xAA, 0x11, 0x20, 0x00, 0x00, 0x00, 0x00, 0x00, 0x00, 0x00,
    0x00, 0x00, 0x00, 0x00, 0x00, 0x00, 0x00, 0x00, 0x00, 0x00, 0x00, 0x00, 0x00, 0x00, 0x00, 0x00,
    0x00, 0x00, 0x00, 0x00, 0x00, 0x00, 0x00, 0x00, 0x00, 0x00, 0x00, 0x00, 0x00, 0x00, 0x00, 0x00,
    0x00, 0x00, 0x00, 0x00, 0x00, 0x00, 0x00, 0x00, 0x00, 0x00, 0x00, 0x00, 0x00, 0x00, 0x00, 0x00,
    0x00, 0x00, 0x00, 0x00, 0x00, 0x00, 0x00, 0x00, 0x00, 0x00, 0x00, 0x00, 0x00, 0x00, 0x00, 0x00,
    0x00, 0x00, 0x00, 0x00, 0x00, 0x00, 0x00, 0x00, 0x00, 0x00, 0x00, 0x00, 0x00, 0x00, 0x00, 0x00,
    0x00, 0x00, 0x00, 0x00, 0x00, 0x00, 0x00, 0x00, 0x00, 0x00, 0x00, 0x00, 0x00, 0x00, 0x00, 0x00,
    0x00, 0x00, 0x00, 0x00, 0x00, 0x00, 0x00, 0x00, 0x00, 0x00, 0x00, 0x00, 0x00, 0x00, 0x00, 0x00,
    0x00, 0x00, 0x00, 0x00, 0x00, 0x00, 0x00, 0x00, 0x00, 0x00, 0x00, 0x00, 0x00, 0x00, 0x00, 0x00,
    0x00, 0x00, 0x00, 0x00, 0x00, 0x00, 0x00, 0x00, 0x00, 0x00, 0x00, 0x00, 0x00, 0x00, 0x00, 0x00,
    0x00, 0x00, 0x00, 0x00, 0x00, 0x00, 0x00, 0x00, 0x00, 0x00, 0x00, 0x00, 0x00, 0x00, 0x00, 0x00,
    0x00, 0x00, 0x00, 0x00, 0x00, 0x00, 0x00, 0x00, 0x00, 0x00, 0x00, 0x00, 0x00, 0x00, 0x00, 0x00,
    0x00, 0x00, 0x00, 0x00, 0x00, 0x00, 0x00, 0x00, 0x00, 0x00, 0x00, 0x00, 0x00, 0x00, 0x00, 0x00,
    0x00, 0x00, 0x00, 0x00, 0x00, 0x00, 0x00, 0x00, 0x00, 0x00, 0x00, 0x00, 0x00, 0x00, 0x00, 0x00,
    0x00, 0x00, 0x00, 0x00, 0x00, 0x00, 0x00, 0x00, 0x48, 0x11, 0xED, 0x01, 0xED, 0x01, 0xEE, 0x01,
    0xEE, 0x01, 0x0E, 0x02, 0x2F, 0x02, 0x4F, 0x0A, 0x91, 0x0A, 0xD2, 0x12, 0x13, 0x13, 0x34, 0x13,
    0x55, 0x13, 0x55, 0x1B, 0x55, 0x1B, 0x55, 0x1B, 0x75, 0x1B, 0x75, 0x1B, 0x75, 0x1B, 0x75, 0x1B,
    0x75, 0x1B, 0x75, 0x1B, 0x75, 0x1B, 0x75, 0x1B, 0x75, 0x1B, 0x75, 0x1B, 0x75, 0x1B, 0x75, 0x1B,
    0x75, 0x1B, 0x75, 0x1B, 0x75, 0x1B, 0x10, 0x3B, 0x65, 0x29, 0x24, 0x21, 0x24, 0x21, 0xA2, 0x10,
    0xC3, 0x18, 0x0B, 0x1A, 0x0E, 0x02, 0x0E, 0x02, 0x0E, 0x02, 0x0E, 0x02, 0x2D, 0x1A, 0x04, 0x19,
    0x41, 0x08, 0x20, 0x00, 0x41, 0x08, 0x82, 0x10, 0x04, 0x21, 0x45, 0x29, 0x24, 0x21, 0x04, 0x21,
    0x88, 0x21, 0xED, 0x01, 0x0E, 0x02, 0x0E, 0x02, 0x0E, 0x02, 0x0E, 0x02, 0x0E, 0x02, 0x0E, 0x02,
    0x0E, 0x02, 0x0E, 0x02, 0x0E, 0x02, 0x0E, 0x02, 0x0E, 0x02, 0x0E, 0x02, 0x0E, 0x02, 0x0E, 0x02,
    0x0E, 0x02, 0x0E, 0x02, 0x0E, 0x02, 0x0E, 0x02, 0x0E, 0x02, 0x0E, 0x02, 0x0E, 0x02, 0x0E, 0x02,
    0x0E, 0x02, 0x0E, 0x02, 0x0E, 0x02, 0x0E, 0x02, 0x0E, 0x02, 0x0E, 0x02, 0x0E, 0x02, 0x0E, 0x02,
    0x0E, 0x02, 0xEE, 0x01, 0x8F, 0x22, 0xD8, 0xAD, 0xFB, 0xDE, 0xDB, 0xDE, 0x16, 0x8D, 0x0E, 0x0A,
    0xEE, 0x01, 0xED, 0x01, 0xCD, 0x09, 0xB4, 0x84, 0x96, 0xB5, 0xF3, 0x9C, 0xD3, 0x9C, 0x14, 0xA5,
    0xD3, 0x9C, 0xB2, 0x94, 0xD3, 0x9C, 0xD3, 0x9C, 0x55, 0xA5, 0x10, 0x3B, 0x0E, 0x02, 0x0E, 0x02,
    0x0E, 0x02, 0xED, 0x01, 0x30, 0x3B, 0xD7, 0xB5, 0xD7, 0xBD, 0xD7, 0xBD, 0xF7, 0xBD, 0xDA, 0xDE,
    0x59, 0x85, 0x75, 0x13, 0x76, 0x1B, 0x75, 0x1B, 0x75, 0x1B, 0x55, 0x1B, 0x55, 0x1B, 0x35, 0x13,
    0x96, 0x6C, 0x96, 0xB5, 0x55, 0xAD, 0x55, 0xAD, 0x97, 0xAD, 0xD6, 0x33, 0x76, 0x13, 0x75, 0x1B,
    0x75, 0x1B, 0x75, 0x1B, 0x55, 0x1B, 0x34, 0x1B, 0x13, 0x13, 0xD2, 0x12, 0xB1, 0x0A, 0x70, 0x0A,
    0x2F, 0x0A, 0x0E, 0x02, 0x0E, 0x02, 0x0E, 0x02, 0x0E, 0x02, 0x0E, 0x02, 0x0E, 0x02, 0x89, 0x11,
    0x00, 0x00, 0x00, 0x00, 0x00, 0x00, 0x00, 0x00, 0x00, 0x00, 0x00, 0x00, 0x00, 0x00, 0x00, 0x00,
    0x00, 0x00, 0x00, 0x00, 0x00, 0x00, 0x00, 0x00, 0x00, 0x00, 0x00, 0x00, 0x00, 0x00, 0x00, 0x00,
    0x00, 0x00, 0x00, 0x00, 0x00, 0x00, 0x00, 0x00, 0x00, 0x00, 0x00, 0x00, 0x00, 0x00, 0x00, 0x00,
    0x00, 0x00, 0x00, 0x00, 0x00, 0x00, 0x00, 0x00, 0x00, 0x00, 0x00, 0x00, 0x00, 0x00, 0x00, 0x00,
    0x00, 0x00, 0x00, 0x00, 0x00, 0x00, 0x00, 0x00, 0x00, 0x00, 0x00, 0x00, 0x00, 0x00, 0x00, 0x00,
    0x00, 0x00, 0x00, 0x00, 0x00, 0x00, 0x00, 0x00, 0x00, 0x00, 0x00, 0x00, 0x00, 0x00, 0x00, 0x00,
    0x00, 0x00, 0x00, 0x00, 0x00, 0x00, 0x00, 0x00, 0x00, 0x00, 0x00, 0x00, 0x00, 0x00, 0x00, 0x00,
    0x00, 0x00, 0x00, 0x00, 0x00, 0x00, 0x00, 0x00, 0x00, 0x00, 0x00, 0x00, 0x00, 0x00, 0x00, 0x00,
    0x00, 0x00, 0x00, 0x00, 0x00, 0x00, 0x00, 0x00, 0x00, 0x00, 0x00, 0x00, 0x00, 0x00, 0x00, 0x00,
    0x00, 0x00, 0x00, 0x00, 0x00, 0x00, 0x00, 0x00, 0x00, 0x00, 0x00, 0x00, 0x00, 0x00, 0x00, 0x00,
    0x00, 0x00, 0x00, 0x00, 0x00, 0x00, 0x00, 0x00, 0x00, 0x00, 0x00, 0x00, 0x00, 0x00, 0x00, 0x00,
    0x00, 0x00, 0x00, 0x00, 0x00, 0x00, 0x00, 0x00, 0x00, 0x00, 0x00, 0x00, 0x00, 0x00, 0x00, 0x00,
    0x00, 0x00, 0x00, 0x00, 0x00, 0x00, 0x00, 0x00, 0x00, 0x00, 0x00, 0x00, 0x00, 0x00, 0x00, 0x00,
    0x00, 0x00, 0x00, 0x00, 0x00, 0x00, 0x00, 0x00, 0x00, 0x00, 0x00, 0x00, 0x00, 0x00, 0x00, 0x00,
    0x26, 0x11, 0xED, 0x01, 0xEE, 0x01, 0x0E, 0x02, 0x0E, 0x02, 0x0E, 0x02, 0x0E, 0x02, 0x0E, 0x02,
    0x0E, 0x02, 0x0E, 0x02, 0x0E, 0x02, 0x0E, 0x02, 0x2F, 0x0A, 0xB1, 0x0A, 0x55, 0x1B, 0x75, 0x1B,
    0x75, 0x1B, 0x75, 0x1B, 0x75, 0x1B, 0x75, 0x1B, 0x75, 0x1B, 0x75, 0x1B, 0x75, 0x1B, 0x75, 0x1B,
    0x55, 0x1B, 0x75, 0x1B, 0x75, 0x1B, 0x75, 0x1B, 0x75, 0x1B, 0x75, 0x1B, 0x55, 0x13, 0x32, 0x33,
    0x28, 0x42, 0x65, 0x29, 0x45, 0x29, 0xC3, 0x18, 0x04, 0x21, 0x6C, 0x32, 0x0E, 0x02, 0x0E, 0x02,
    0x0E, 0x02, 0x0E, 0x02, 0x0D, 0x12, 0x46, 0x21, 0x41, 0x08, 0x20, 0x00, 0x20, 0x00, 0x61, 0x08,
    0x04, 0x21, 0x65, 0x29, 0x65, 0x29, 0x65, 0x29, 0xC8, 0x29, 0xED, 0x01, 0x0E, 0x02, 0x0E, 0x02,
    0x0E, 0x02, 0x0E, 0x02, 0x0E, 0x02, 0x0E, 0x02, 0x0E, 0x02, 0x0E, 0x02, 0x0E, 0x02, 0x0E, 0x02,
    0x0E, 0x02, 0x0E, 0x02, 0x0E, 0x02, 0x0E, 0x02, 0x0E, 0x02, 0x0E, 0x02, 0x0E, 0x02, 0x0E, 0x02,
    0x0E, 0x02, 0x0E, 0x02, 0x0E, 0x02, 0x0E, 0x02, 0x0E, 0x02, 0x0E, 0x02, 0x0E, 0x02, 0x0E, 0x02,
    0x0E, 0x02, 0x0E, 0x02, 0x0E, 0x02, 0x0E, 0x02, 0xEE, 0x01, 0xAF, 0x22, 0x98, 0xA5, 0xFB, 0xDE,
    0xDB, 0xDE, 0xDB, 0xD6, 0x13, 0x64, 0xEE, 0x01, 0xEE, 0x01, 0xEE, 0x01, 0xED, 0x09, 0xB4, 0x84,
    0x96, 0xB5, 0xD3, 0x9C, 0xB2, 0x94, 0xF3, 0x9C, 0xB3, 0x94, 0xB2, 0x94, 0xB2, 0x94, 0xD3, 0x9C,
    0xB3, 0x8C, 0x6F, 0x1A, 0x0E, 0x02, 0x0E, 0x02, 0x0E, 0x02, 0xEE, 0x01, 0xD2, 0x5B, 0xF7, 0xBD,
    0xD7, 0xBD, 0xD7, 0xBD, 0xD7, 0xBD, 0x9A, 0xD6, 0xD8, 0x64, 0x55, 0x13, 0x75, 0x1B, 0x75, 0x1B,
    0x75, 0x1B, 0x75, 0x1B, 0x75, 0x1B, 0x35, 0x1B, 0xF7, 0x7C, 0x96, 0xB5, 0x55, 0xAD, 0x34, 0xA5,
    0x76, 0x9D, 0x95, 0x2B, 0x75, 0x1B, 0x75, 0x1B, 0x76, 0x1B, 0x76, 0x1B, 0xD2, 0x12, 0x2F, 0x0A,
    0x0E, 0x02, 0xEE, 0x01, 0xED, 0x01, 0xED, 0x01, 0xED, 0x01, 0xED, 0x01, 0xED, 0x01, 0xEE, 0x01,
    0x0E, 0x02, 0x0E, 0x02, 0x0E, 0x02, 0x47, 0x11, 0x00, 0x00, 0x00, 0x00, 0x00, 0x00, 0x00, 0x00,
    0x00, 0x00, 0x00, 0x00, 0x00, 0x00, 0x00, 0x00, 0x00, 0x00, 0x00, 0x00, 0x00, 0x00, 0x00, 0x00,
    0x00, 0x00, 0x00, 0x00, 0x00, 0x00, 0x00, 0x00, 0x00, 0x00, 0x00, 0x00, 0x00, 0x00, 0x00, 0x00,
    0x00, 0x00, 0x00, 0x00, 0x00, 0x00, 0x00, 0x00, 0x00, 0x00, 0x00, 0x00, 0x00, 0x00, 0x00, 0x00,
    0x00, 0x00, 0x00, 0x00, 0x00, 0x00, 0x00, 0x00, 0x00, 0x00, 0x00, 0x00, 0x00, 0x00, 0x00, 0x00,
    0x00, 0x00, 0x00, 0x00, 0x00, 0x00, 0x00, 0x00, 0x00, 0x00, 0x00, 0x00, 0x00, 0x00, 0x00, 0x00,
    0x00, 0x00, 0x00, 0x00, 0x00, 0x00, 0x00, 0x00, 0x00, 0x00, 0x00, 0x00, 0x00, 0x00, 0x00, 0x00,
    0x00, 0x00, 0x00, 0x00, 0x00, 0x00, 0x00, 0x00, 0x00, 0x00, 0x00, 0x00, 0x00, 0x00, 0x00, 0x00,
    0x00, 0x00, 0x00, 0x00, 0x00, 0x00, 0x00, 0x00, 0x00, 0x00, 0x00, 0x00, 0x00, 0x00, 0x00, 0x00,
    0x00, 0x00, 0x00, 0x00, 0x00, 0x00, 0x00, 0x00, 0x00, 0x00, 0x00, 0x00, 0x00, 0x00, 0x00, 0x00,
    0x00, 0x00, 0x00, 0x00, 0x00, 0x00, 0x00, 0x00, 0x00, 0x00, 0x00, 0x00, 0x00, 0x00, 0x00, 0x00,
    0x00, 0x00, 0x00, 0x00, 0x00, 0x00, 0x00, 0x00, 0x00, 0x00, 0x00, 0x00, 0x00, 0x00, 0x00, 0x00,
    0x00, 0x00, 0x00, 0x00, 0x00, 0x00, 0x00, 0x00, 0x00, 0x00, 0x00, 0x00, 0x00, 0x00, 0x00, 0x00,
    0x00, 0x00, 0x00, 0x00, 0x00, 0x00, 0x00, 0x00, 0x00, 0x00, 0x00, 0x00, 0x00, 0x00, 0x00, 0x00,
    0x00, 0x00, 0x00, 0x00, 0x00, 0x00, 0x00, 0x00, 0xE5, 0x10, 0xED, 0x09, 0x0E, 0x02, 0x0E, 0x02,
    0x0E, 0x02, 0x0E, 0x02, 0x0E, 0x02, 0x0E, 0x02, 0x0E, 0x02, 0x0E, 0x02, 0x0E, 0x02, 0xEE, 0x01,
    0xED, 0x01, 0x2F, 0x0A, 0x55, 0x13, 0x75, 0x1B, 0x75, 0x1B, 0x75, 0x1B, 0x75, 0x1B, 0x75, 0x1B,
    0x75, 0x1B, 0x75, 0x1B, 0x75, 0x1B, 0x75, 0x1B, 0x75, 0x1B, 0x75, 0x1B, 0x55, 0x1B, 0x75, 0x1B,
    0x75, 0x1B, 0x75, 0x1B, 0x55, 0x13, 0x74, 0x33, 0xEC, 0x5A, 0x86, 0x31, 0x65, 0x29, 0x24, 0x21,
    0x45, 0x29, 0x4B, 0x3A, 0x2E, 0x0A, 0x0E, 0x02, 0x0E, 0x02, 0x0E, 0x02, 0x0E, 0x0A, 0xC9, 0x21,
    0x61, 0x08, 0x20, 0x00, 0x20, 0x00, 0x82, 0x10, 0x24, 0x21, 0x86, 0x31, 0xA6, 0x31, 0xA6, 0x31,
    0x0A, 0x32, 0xED, 0x01, 0x0E, 0x02, 0x0E, 0x02, 0x0E, 0x02, 0x0E, 0x02, 0x0E, 0x02, 0x0E, 0x02,
    0x0E, 0x02, 0x0E, 0x02, 0x0E, 0x02, 0x0E, 0x02, 0x0E, 0x02, 0x0E, 0x02, 0x0E, 0x02, 0x0E, 0x02,
    0x0E, 0x02, 0x0E, 0x02, 0x0E, 0x02, 0x0E, 0x02, 0x0E, 0x02, 0x0E, 0x02, 0x0E, 0x02, 0x0E, 0x02,
    0x0E, 0x02, 0x0E, 0x02, 0x0E, 0x02, 0x0E, 0x02, 0x0E, 0x02, 0x0E, 0x02, 0x0E, 0x02, 0xED, 0x01,
    0x8F, 0x1A, 0x97, 0xA5, 0xFB, 0xDE, 0xDB, 0xDE, 0xFB, 0xDE, 0xB8, 0xA5, 0x6F, 0x1A, 0xEE, 0x01,
    0xEE, 0x01, 0xEE, 0x01, 0x0E, 0x0A, 0xD4, 0x84, 0x96, 0xB5, 0xF3, 0x9C, 0xD3, 0x9C, 0xD3, 0x9C,
    0x92, 0x94, 0x92, 0x94, 0xB2, 0x94, 0x34, 0xA5, 0x53, 0x74, 0x2E, 0x0A, 0x0E, 0x02, 0x0E, 0x02,
    0x0E, 0x02, 0x0E, 0x0A, 0xB5, 0x84, 0xF7, 0xC5, 0xD7, 0xBD, 0xD7, 0xBD, 0xD7, 0xBD, 0x79, 0xC6,
    0x16, 0x4C, 0x55, 0x13, 0x75, 0x1B, 0x75, 0x1B, 0x75, 0x1B, 0x75, 0x1B, 0x75, 0x1B, 0x75, 0x23,
    0x77, 0x95, 0x96, 0xB5, 0x34, 0xA5, 0x34, 0xA5, 0x36, 0x95, 0x55, 0x23, 0x55, 0x1B, 0x75, 0x1B,
    0x76, 0x1B, 0x75, 0x1B, 0x70, 0x0A, 0x0E, 0x02, 0x0E, 0x02, 0x0E, 0x02, 0x0E, 0x02, 0xEE, 0x01,
    0xED, 0x01, 0xED, 0x01, 0xED, 0x01, 0xED, 0x01, 0xED, 0x01, 0xEE, 0x01, 0x0E, 0x0A, 0x26, 0x11,
    0x00, 0x00, 0x00, 0x00, 0x00, 0x00, 0x00, 0x00, 0x00, 0x00, 0x00, 0x00, 0x00, 0x00, 0x00, 0x00,
    0x00, 0x00, 0x00, 0x00, 0x00, 0x00, 0x00, 0x00, 0x00, 0x00, 0x00, 0x00, 0x00, 0x00, 0x00, 0x00,
    0x00, 0x00, 0x00, 0x00, 0x00, 0x00, 0x00, 0x00, 0x00, 0x00, 0x00, 0x00, 0x00, 0x00, 0x00, 0x00,
    0x00, 0x00, 0x00, 0x00, 0x00, 0x00, 0x00, 0x00, 0x00, 0x00, 0x00, 0x00, 0x00, 0x00, 0x00, 0x00,
    0x00, 0x00, 0x00, 0x00, 0x00, 0x00, 0x00, 0x00, 0x00, 0x00, 0x00, 0x00, 0x00, 0x00, 0x00, 0x00,
    0x00, 0x00, 0x00, 0x00, 0x00, 0x00, 0x00, 0x00, 0x00, 0x00, 0x00, 0x00, 0x00, 0x00, 0x00, 0x00,
    0x00, 0x00, 0x00, 0x00, 0x00, 0x00, 0x00, 0x00, 0x00, 0x00, 0x00, 0x00, 0x00, 0x00, 0x00, 0x00,
    0x00, 0x00, 0x00, 0x00, 0x00, 0x00, 0x00, 0x00, 0x00, 0x00, 0x00, 0x00, 0x00, 0x00, 0x00, 0x00,
    0x00, 0x00, 0x00, 0x00, 0x00, 0x00, 0x00, 0x00, 0x00, 0x00, 0x00, 0x00, 0x00, 0x00, 0x00, 0x00,
    0x00, 0x00, 0x00, 0x00, 0x00, 0x00, 0x00, 0x00, 0x00, 0x00, 0x00, 0x00, 0x00, 0x00, 0x00, 0x00,
    0x00, 0x00, 0x00, 0x00, 0x00, 0x00, 0x00, 0x00, 0x00, 0x00, 0x00, 0x00, 0x00, 0x00, 0x00, 0x00,
    0x00, 0x00, 0x00, 0x00, 0x00, 0x00, 0x00, 0x00, 0x00, 0x00, 0x00, 0x00, 0x00, 0x00, 0x00, 0x00,
    0x00, 0x00, 0x00, 0x00, 0x00, 0x00, 0x00, 0x00, 0x00, 0x00, 0x00, 0x00, 0x00, 0x00, 0x00, 0x00,
    0x00, 0x00, 0x00, 0x00, 0x00, 0x00, 0x00, 0x00, 0x00, 0x00, 0x00, 0x00, 0x00, 0x00, 0x00, 0x00,
    0x21, 0x00, 0xE5, 0x08, 0x89, 0x11, 0xCB, 0x09, 0xEC, 0x09, 0xED, 0x09, 0xEE, 0x01, 0xEE, 0x01,
    0xEE, 0x01, 0xEE, 0x01, 0xEE, 0x01, 0x0E, 0x02, 0x0E, 0x02, 0x2F, 0x0A, 0x34, 0x13, 0x75, 0x1B,
    0x75, 0x1B, 0x75, 0x1B, 0x75, 0x1B, 0x75, 0x1B, 0x75, 0x1B, 0x75, 0x1B, 0x75, 0x1B, 0x75, 0x1B,
    0x75, 0x1B, 0x75, 0x1B, 0x75, 0x1B, 0x75, 0x1B, 0x75, 0x1B, 0x55, 0x1B, 0x55, 0x13, 0x75, 0x23,
    0xB0, 0x63, 0xA6, 0x31, 0x86, 0x31, 0x65, 0x29, 0x65, 0x29, 0xC8, 0x31, 0x2E, 0x12, 0x0E, 0x02,
    0x0E, 0x02, 0x0E, 0x02, 0x0E, 0x02, 0x2C, 0x22, 0xA2, 0x10, 0x41, 0x08, 0x41, 0x08, 0xA2, 0x10,
    0x45, 0x29, 0xA6, 0x31, 0xC7, 0x39, 0xE7, 0x39, 0x2A, 0x32, 0xED, 0x09, 0x0E, 0x02, 0x0E, 0x02,
    0xEE, 0x01, 0xEE, 0x01, 0xEE, 0x01, 0xEE, 0x01, 0x0E, 0x02, 0x0E, 0x02, 0x0E, 0x02, 0xEE, 0x01,
    0xEE, 0x01, 0xEE, 0x01, 0xEE, 0x01, 0xEE, 0x01, 0xEE, 0x01, 0xEE, 0x01, 0xEE, 0x01, 0xEE, 0x01,
    0xEE, 0x01, 0xEE, 0x01, 0xEE, 0x01, 0xEE, 0x01, 0x0E, 0x02, 0x0E, 0x02, 0x0E, 0x02, 0x0E, 0x02,
    0x0E, 0x02, 0x0E, 0x02, 0xED, 0x01, 0x8F, 0x1A, 0x77, 0x9D, 0xDB, 0xDE, 0xDB, 0xDE, 0xFB, 0xDE,
    0xF8, 0xAD, 0xF0, 0x2A, 0xEE, 0x01, 0xEE, 0x01, 0xEE, 0x01, 0xED, 0x01, 0xEE, 0x09, 0xF5, 0x8C,
    0xF7, 0xBD, 0x75, 0xAD, 0x55, 0xAD, 0x34, 0xA5, 0xD3, 0x9C, 0xD3, 0x9C, 0x14, 0xA5, 0x96, 0xB5,
    0xB2, 0x53, 0xEE, 0x01, 0x0E, 0x02, 0x0E, 0x02, 0x0E, 0x02, 0x6F, 0x1A, 0x97, 0xAD, 0x18, 0xC6,
    0xD7, 0xBD, 0xF7, 0xBD, 0xF7, 0xC5, 0x19, 0xB6, 0x95, 0x2B, 0x55, 0x13, 0x55, 0x1B, 0x55, 0x1B,
    0x75, 0x1B, 0x75, 0x1B, 0x76, 0x1B, 0xB6, 0x2B, 0xF8, 0xB5, 0xD7, 0xBD, 0x55, 0xAD, 0x75, 0xAD,
    0xF6, 0x7C, 0x55, 0x1B, 0x55, 0x1B, 0x55, 0x1B, 0x75, 0x1B, 0x55, 0x13, 0x4F, 0x0A, 0x0E, 0x02,
    0x0E, 0x02, 0x0E, 0x02, 0x0E, 0x02, 0x0E, 0x02, 0x0E, 0x02, 0xED, 0x09, 0xED, 0x09, 0xCC, 0x09,
    0xAB, 0x09, 0x89, 0x11, 0x27, 0x11, 0x61, 0x08, 0x00, 0x00, 0x00, 0x00, 0x00, 0x00, 0x00, 0x00,
    0x00, 0x00, 0x00, 0x00, 0x00, 0x00, 0x00, 0x00, 0x00, 0x00, 0x00, 0x00, 0x00, 0x00, 0x00, 0x00,
    0x00, 0x00, 0x00, 0x00, 0x00, 0x00, 0x00, 0x00, 0x00, 0x00, 0x00, 0x00, 0x00, 0x00, 0x00, 0x00,
    0x00, 0x00, 0x00, 0x00, 0x00, 0x00, 0x00, 0x00, 0x00, 0x00, 0x00, 0x00, 0x00, 0x00, 0x00, 0x00,
    0x00, 0x00, 0x00, 0x00, 0x00, 0x00, 0x00, 0x00, 0x00, 0x00, 0x00, 0x00, 0x00, 0x00, 0x00, 0x00,
    0x00, 0x00, 0x00, 0x00, 0x00, 0x00, 0x00, 0x00, 0x00, 0x00, 0x00, 0x00, 0x00, 0x00, 0x00, 0x00,
    0x00, 0x00, 0x00, 0x00, 0x00, 0x00, 0x00, 0x00, 0x00, 0x00, 0x00, 0x00, 0x00, 0x00, 0x00, 0x00,
    0x00, 0x00, 0x00, 0x00, 0x00, 0x00, 0x00, 0x00, 0x00, 0x00, 0x00, 0x00, 0x00, 0x00, 0x00, 0x00,
    0x00, 0x00, 0x00, 0x00, 0x00, 0x00, 0x00, 0x00, 0x00, 0x00, 0x00, 0x00, 0x00, 0x00, 0x00, 0x00,
    0x00, 0x00, 0x00, 0x00, 0x00, 0x00, 0x00, 0x00, 0x00, 0x00, 0x00, 0x00, 0x00, 0x00, 0x00, 0x00,
    0x00, 0x00, 0x00, 0x00, 0x00, 0x00, 0x00, 0x00, 0x00, 0x00, 0x00, 0x00, 0x00, 0x00, 0x00, 0x00,
    0x00, 0x00, 0x00, 0x00, 0x00, 0x00, 0x00, 0x00, 0x00, 0x00, 0x00, 0x00, 0x00, 0x00, 0x00, 0x00,
    0x00, 0x00, 0x00, 0x00, 0x00, 0x00, 0x00, 0x00, 0x00, 0x00, 0x00, 0x00, 0x00, 0x00, 0x00, 0x00,
    0x00, 0x00, 0x00, 0x00, 0x00, 0x00, 0x00, 0x00, 0x00, 0x00, 0x00, 0x00, 0x00, 0x00, 0x00, 0x00,
    0x00, 0x00, 0x00, 0x00, 0x00, 0x00, 0x00, 0x00, 0x00, 0x00, 0x00, 0x00, 0x00, 0x00, 0x21, 0x00,
    0x62, 0x08, 0xA3, 0x08, 0x06, 0x09, 0x48, 0x09, 0x8A, 0x09, 0xAB, 0x09, 0x0D, 0x0A, 0x0E, 0x02,
    0x0E, 0x02, 0x2F, 0x02, 0x14, 0x13, 0x55, 0x13, 0x55, 0x13, 0x55, 0x13, 0x55, 0x13, 0x55, 0x13,
    0x55, 0x13, 0x55, 0x13, 0x55, 0x13, 0x55, 0x13, 0x75, 0x1B, 0x75, 0x1B, 0x75, 0x1B, 0x55, 0x1B,
    0x55, 0x1B, 0x55, 0x1B, 0x55, 0x1B, 0x55, 0x1B, 0x50, 0x4B, 0x65, 0x29, 0x45, 0x29, 0x04, 0x21,
    0xE3, 0x18, 0x24, 0x21, 0x4D, 0x22, 0x0E, 0x02, 0x0E, 0x02, 0x0E, 0x02, 0xEE, 0x01, 0x0D, 0x12,
    0x46, 0x21, 0x82, 0x10, 0x61, 0x08, 0xC3, 0x18, 0x45, 0x29, 0x65, 0x29, 0x65, 0x29, 0xA6, 0x31,
    0x0A, 0x32, 0x0E, 0x0A, 0x0E, 0x02, 0x0E, 0x02, 0x4E, 0x1A, 0xF0, 0x32, 0xD0, 0x2A, 0xD0, 0x2A,
    0xF0, 0x2A, 0xF0, 0x2A, 0xF0, 0x2A, 0xF0, 0x2A, 0xF0, 0x32, 0xF0, 0x32, 0xF0, 0x32, 0x10, 0x33,
    0x10, 0x33, 0xF0, 0x2A, 0xD0, 0x2A, 0xD0, 0x2A, 0xD0, 0x2A, 0xF0, 0x2A, 0x11, 0x33, 0x11, 0x33,
    0x8F, 0x22, 0xEE, 0x01, 0xEE, 0x01, 0xEE, 0x01, 0xED, 0x01, 0xED, 0x01, 0x6E, 0x1A, 0x57, 0x9D,
    0x1C, 0xE7, 0xFB, 0xDE, 0xFB, 0xDE, 0xF8, 0xAD, 0xD0, 0x2A, 0xEE, 0x01, 0xEE, 0x01, 0xEE, 0x01,
    0xEE, 0x01, 0xEE, 0x01, 0xEE, 0x09, 0xF5, 0x8C, 0x38, 0xC6, 0xD7, 0xB5, 0x96, 0xB5, 0x96, 0xB5,
    0x75, 0xAD, 0x96, 0xAD, 0xF7, 0xBD, 0xD7, 0xB5, 0xAF, 0x2A, 0xED, 0x01, 0x0E, 0x02, 0x0E, 0x02,
    0xEE, 0x01, 0x31, 0x3B, 0x39, 0xC6, 0x38, 0xC6, 0x38, 0xC6, 0x38, 0xC6, 0x79, 0xCE, 0x78, 0x95,
    0x55, 0x1B, 0x55, 0x1B, 0x55, 0x1B, 0x55, 0x1B, 0x55, 0x1B, 0x75, 0x1B, 0x75, 0x13, 0x16, 0x44,
    0x39, 0xBE, 0xF7, 0xBD, 0xD7, 0xBD, 0xD7, 0xBD, 0x96, 0x6C, 0x35, 0x13, 0x55, 0x1B, 0x55, 0x1B,
    0x55, 0x1B, 0x13, 0x13, 0x0E, 0x02, 0x0E, 0x02, 0x0E, 0x02, 0x0E, 0x0A, 0xCC, 0x09, 0xCB, 0x11,
    0x89, 0x11, 0x27, 0x11, 0xE4, 0x10, 0x82, 0x08, 0x41, 0x00, 0x20, 0x00, 0x00, 0x00, 0x00, 0x00,
    0x00, 0x00, 0x00, 0x00, 0x00, 0x00, 0x00, 0x00, 0x00, 0x00, 0x00, 0x00, 0x00, 0x00, 0x00, 0x00,
    0x00, 0x00, 0x00, 0x00, 0x00, 0x00, 0x00, 0x00, 0x00, 0x00, 0x00, 0x00, 0x00, 0x00, 0x00, 0x00,
    0x00, 0x00, 0x00, 0x00, 0x00, 0x00, 0x00, 0x00, 0x00, 0x00, 0x00, 0x00, 0x00, 0x00, 0x00, 0x00,
    0x00, 0x00, 0x00, 0x00, 0x00, 0x00, 0x00, 0x00, 0x00, 0x00, 0x00, 0x00, 0x00, 0x00, 0x00, 0x00,
    0x00, 0x00, 0x00, 0x00, 0x00, 0x00, 0x00, 0x00, 0x00, 0x00, 0x00, 0x00, 0x00, 0x00, 0x00, 0x00,
    0x00, 0x00, 0x00, 0x00, 0x00, 0x00, 0x00, 0x00, 0x00, 0x00, 0x00, 0x00, 0x00, 0x00, 0x00, 0x00,
    0x00, 0x00, 0x00, 0x00, 0x00, 0x00, 0x00, 0x00, 0x00, 0x00, 0x00, 0x00, 0x00, 0x00, 0x00, 0x00,
    0x00, 0x00, 0x00, 0x00, 0x00, 0x00, 0x00, 0x00, 0x00, 0x00, 0x00, 0x00, 0x00, 0x00, 0x00, 0x00,
    0x00, 0x00, 0x00, 0x00, 0x00, 0x00, 0x00, 0x00, 0x00, 0x00, 0x00, 0x00, 0x00, 0x00, 0x00, 0x00,
    0x00, 0x00, 0x00, 0x00, 0x00, 0x00, 0x00, 0x00, 0x00, 0x00, 0x00, 0x00, 0x00, 0x00, 0x00, 0x00,
    0x00, 0x00, 0x00, 0x00, 0x00, 0x00, 0x00, 0x00, 0x00, 0x00, 0x00, 0x00, 0x00, 0x00, 0x00, 0x00,
    0x00, 0x00, 0x00, 0x00, 0x00, 0x00, 0x00, 0x00, 0x00, 0x00, 0x00, 0x00, 0x00, 0x00, 0x00, 0x00,
    0x00, 0x00, 0x00, 0x00, 0x00, 0x00, 0x00, 0x00, 0x00, 0x00, 0x00, 0x00, 0x00, 0x00, 0x00, 0x00,
    0x00, 0x00, 0x00, 0x00, 0x00, 0x00, 0x00, 0x00, 0x00, 0x00, 0x00, 0x00, 0x00, 0x00, 0x00, 0x00,
    0x00, 0x00, 0x00, 0x00, 0x00, 0x00, 0x00, 0x00, 0x00, 0x00, 0x00, 0x00, 0x00, 0x00, 0x00, 0x00,
    0x20, 0x00, 0x41, 0x00, 0x68, 0x11, 0x0E, 0x0A, 0x0E, 0x02, 0x0E, 0x02, 0x53, 0x2B, 0x37, 0x4C,
    0x36, 0x44, 0x16, 0x44, 0x16, 0x44, 0xF6, 0x3B, 0xD6, 0x3B, 0xF5, 0x3B, 0xF5, 0x43, 0xF6, 0x43,
    0xB6, 0x2B, 0x55, 0x1B, 0x55, 0x1B, 0x55, 0x1B, 0x55, 0x1B, 0x55, 0x1B, 0x55, 0x1B, 0x55, 0x13,
    0x11, 0x33, 0x86, 0x31, 0x04, 0x21, 0xE3, 0x18, 0xC3, 0x18, 0xC3, 0x18, 0x2B, 0x32, 0xED, 0x09,
    0x0E, 0x02, 0x0E, 0x02, 0xED, 0x01, 0xED, 0x09, 0xE9, 0x29, 0xA2, 0x10, 0xA2, 0x10, 0x45, 0x29,
    0x86, 0x29, 0x45, 0x21, 0x24, 0x21, 0x65, 0x29, 0xC9, 0x29, 0x0D, 0x0A, 0x0E, 0x02, 0xED, 0x01,
    0x33, 0x64, 0x3D, 0xE7, 0xBA, 0xCE, 0x39, 0xC6, 0x59, 0xC6, 0x59, 0xC6, 0x59, 0xC6, 0xBA, 0xCE,
    0x3D, 0xE7, 0x3D, 0xE7, 0x3D, 0xE7, 0x5D, 0xE7, 0x1C, 0xDF, 0x59, 0xC6, 0x59, 0xC6, 0x59, 0xC6,
    0x59, 0xC6, 0x59, 0xCE, 0x3D, 0xE7, 0x7D, 0xEF, 0xD6, 0x7C, 0xEE, 0x01, 0xEE, 0x01, 0xEE, 0x01,
    0xED, 0x01, 0x4E, 0x1A, 0x16, 0x8D, 0x99, 0xCE, 0xFB, 0xDE, 0x9E, 0xF7, 0x7A, 0xBE, 0xF0, 0x2A,
    0xED, 0x01, 0x0E, 0x02, 0x0E, 0x02, 0x0E, 0x02, 0x0E, 0x02, 0xEE, 0x01, 0xEE, 0x09, 0xB4, 0x84,
    0xD7, 0xBD, 0x55, 0xAD, 0x34, 0xA5, 0x55, 0xAD, 0x17, 0xBE, 0x79, 0xCE, 0xDB, 0xDE, 0x36, 0x95,
    0xED, 0x09, 0xED, 0x01, 0xED, 0x01, 0xED, 0x01, 0xCD, 0x01, 0x33, 0x6C, 0x79, 0xCE, 0x79, 0xCE,
    0x79, 0xCE, 0x79, 0xCE, 0xDB, 0xDE, 0xF8, 0x6C, 0x55, 0x13, 0x55, 0x1B, 0x55, 0x1B, 0x55, 0x1B,
    0x55, 0x1B, 0x55, 0x1B, 0x55, 0x13, 0x97, 0x5C, 0x18, 0xC6, 0x18, 0xC6, 0x79, 0xCE, 0x7A, 0xCE,
    0x76, 0x54, 0x55, 0x13, 0x55, 0x1B, 0x55, 0x1B, 0x55, 0x1B, 0xD2, 0x12, 0xED, 0x01, 0xEE, 0x01,
    0x0E, 0x02, 0x89, 0x11, 0x41, 0x00, 0x21, 0x00, 0x00, 0x00, 0x00, 0x00, 0x00, 0x00, 0x00, 0x00,
    0x00, 0x00, 0x00, 0x00, 0x00, 0x00, 0x00, 0x00, 0x00, 0x00, 0x00, 0x00, 0x00, 0x00, 0x00, 0x00,
    0x00, 0x00, 0x00, 0x00, 0x00, 0x00, 0x00, 0x00, 0x00, 0x00, 0x00, 0x00, 0x00, 0x00, 0x00, 0x00,
    0x00, 0x00, 0x00, 0x00, 0x00, 0x00, 0x00, 0x00, 0x00, 0x00, 0x00, 0x00, 0x00, 0x00, 0x00, 0x00,
    0x00, 0x00, 0x00, 0x00, 0x00, 0x00, 0x00, 0x00, 0x00, 0x00, 0x00, 0x00, 0x00, 0x00, 0x00, 0x00,
    0x00, 0x00, 0x00, 0x00, 0x00, 0x00, 0x00, 0x00, 0x00, 0x00, 0x00, 0x00, 0x00, 0x00, 0x00, 0x00,
    0x00, 0x00, 0x00, 0x00, 0x00, 0x00, 0x00, 0x00, 0x00, 0x00, 0x00, 0x00, 0x00, 0x00, 0x00, 0x00,
    0x00, 0x00, 0x00, 0x00, 0x00, 0x00, 0x00, 0x00, 0x00, 0x00, 0x00, 0x00, 0x00, 0x00, 0x00, 0x00,
    0x00, 0x00, 0x00, 0x00, 0x00, 0x00, 0x00, 0x00, 0x00, 0x00, 0x00, 0x00, 0x00, 0x00, 0x00, 0x00,
    0x00, 0x00, 0x00, 0x00, 0x00, 0x00, 0x00, 0x00, 0x00, 0x00, 0x00, 0x00, 0x00, 0x00, 0x00, 0x00,
    0x00, 0x00, 0x00, 0x00, 0x00, 0x00, 0x00, 0x00, 0x00, 0x00, 0x00, 0x00, 0x00, 0x00, 0x00, 0x00,
    0x00, 0x00, 0x00, 0x00, 0x00, 0x00, 0x00, 0x00, 0x00, 0x00, 0x00, 0x00, 0x00, 0x00, 0x00, 0x00,
    0x00, 0x00, 0x00, 0x00, 0x00, 0x00, 0x00, 0x00, 0x00, 0x00, 0x00, 0x00, 0x00, 0x00, 0x00, 0x00,
    0x00, 0x00, 0x00, 0x00, 0x00, 0x00, 0x00, 0x00, 0x00, 0x00, 0x00, 0x00, 0x00, 0x00, 0x00, 0x00,
    0x00, 0x00, 0x00, 0x00, 0x00, 0x00, 0x00, 0x00, 0x00, 0x00, 0x00, 0x00, 0x00, 0x00, 0x00, 0x00,
    0x00, 0x00, 0x00, 0x00, 0x00, 0x00, 0x00, 0x00, 0x00, 0x00, 0x00, 0x00, 0x00, 0x00, 0x00, 0x00,
    0x00, 0x00, 0x00, 0x00, 0x00, 0x00, 0x00, 0x00, 0x00, 0x00, 0x00, 0x00, 0xC4, 0x08, 0x0D, 0x0A,
    0x0E, 0x02, 0xEE, 0x01, 0x34, 0x64, 0x3C, 0xDF, 0x1C, 0xDF, 0xFC, 0xDE, 0x9A, 0xCE, 0x96, 0xAD,
    0x14, 0x9D, 0x14, 0x9D, 0x55, 0xA5, 0x76, 0xAD, 0x96, 0x6C, 0x35, 0x13, 0x55, 0x1B, 0x55, 0x1B,
    0x55, 0x1B, 0x75, 0x1B, 0x75, 0x1B, 0x76, 0x1B, 0x53, 0x2B, 0x29, 0x42, 0xE3, 0x18, 0xE3, 0x18,
    0xE3, 0x18, 0x04, 0x21, 0xE8, 0x31, 0xED, 0x11, 0xED, 0x01, 0xED, 0x01, 0xED, 0x01, 0xED, 0x01,
    0x2C, 0x1A, 0x25, 0x21, 0xE3, 0x18, 0xA6, 0x31, 0xA6, 0x31, 0x45, 0x29, 0x45, 0x29, 0x65, 0x29,
    0xC9, 0x29, 0x0E, 0x0A, 0x0E, 0x02, 0xCD, 0x01, 0x54, 0x6C, 0xBE, 0xF7, 0x1C, 0xE7, 0x9A, 0xD6,
    0x9A, 0xD6, 0x9A, 0xD6, 0x9A, 0xD6, 0x1C, 0xDF, 0xBE, 0xF7, 0xBE, 0xF7, 0xBE, 0xF7, 0xBE, 0xF7,
    0x5D, 0xEF, 0x9A, 0xD6, 0x9A, 0xD6, 0x9A, 0xD6, 0x9A, 0xD6, 0xDB, 0xDE, 0x9E, 0xF7, 0xBE, 0xF7,
    0xF6, 0x84, 0xED, 0x01, 0xEE, 0x01, 0xEE, 0x01, 0x6F, 0x1A, 0x16, 0x8D, 0x9A, 0xD6, 0x79, 0xCE,
    0x1C, 0xE7, 0x7A, 0xC6, 0xF1, 0x32, 0xEE, 0x01, 0x0E, 0x02, 0x0E, 0x02, 0x0E, 0x02, 0x0E, 0x02,
    0xEE, 0x01, 0xED, 0x01, 0xED, 0x09, 0x94, 0x7C, 0xD7, 0xBD, 0x55, 0xAD, 0x14, 0xA5, 0x35, 0xA5,
    0x17, 0xBE, 0x79, 0xCE, 0xBA, 0xD6, 0x71, 0x4B, 0xCD, 0x01, 0xED, 0x01, 0xED, 0x01, 0xCD, 0x01,
    0x2E, 0x12, 0x56, 0x9D, 0x79, 0xCE, 0x79, 0xCE, 0x79, 0xCE, 0x79, 0xCE, 0xBB, 0xCE, 0x16, 0x44,
    0x75, 0x13, 0x75, 0x1B, 0x75, 0x1B, 0x55, 0x1B, 0x55, 0x1B, 0x55, 0x13, 0x55, 0x1B, 0x17, 0x7D,
    0xD7, 0xBD, 0xF7, 0xBD, 0x79, 0xCE, 0x7A, 0xC6, 0xF6, 0x3B, 0x55, 0x13, 0x75, 0x1B, 0x55, 0x1B,
    0x55, 0x1B, 0x91, 0x0A, 0xED, 0x01, 0xED, 0x01, 0xED, 0x09, 0xE5, 0x10, 0x00, 0x00, 0x00, 0x00,
    0x00, 0x00, 0x00, 0x00, 0x00, 0x00, 0x00, 0x00, 0x00, 0x00, 0x00, 0x00, 0x00, 0x00, 0x00, 0x00,
    0x00, 0x00, 0x00, 0x00, 0x00, 0x00, 0x00, 0x00, 0x00, 0x00, 0x00, 0x00, 0x00, 0x00, 0x00, 0x00,
    0x00, 0x00, 0x00, 0x00, 0x00, 0x00, 0x00, 0x00, 0x00, 0x00, 0x00, 0x00, 0x00, 0x00, 0x00, 0x00,
    0x00, 0x00, 0x00, 0x00, 0x00, 0x00, 0x00, 0x00, 0x00, 0x00, 0x00, 0x00, 0x00, 0x00, 0x00, 0x00,
    0x00, 0x00, 0x00, 0x00, 0x00, 0x00, 0x00, 0x00, 0x00, 0x00, 0x00, 0x00, 0x00, 0x00, 0x00, 0x00,
    0x00, 0x00, 0x00, 0x00, 0x00, 0x00, 0x00, 0x00, 0x00, 0x00, 0x00, 0x00, 0x00, 0x00, 0x00, 0x00,
    0x00, 0x00, 0x00, 0x00, 0x00, 0x00, 0x00, 0x00, 0x00, 0x00, 0x00, 0x00, 0x00, 0x00, 0x00, 0x00,
    0x00, 0x00, 0x00, 0x00, 0x00, 0x00, 0x00, 0x00, 0x00, 0x00, 0x00, 0x00, 0x00, 0x00, 0x00, 0x00,
    0x00, 0x00, 0x00, 0x00, 0x00, 0x00, 0x00, 0x00, 0x00, 0x00, 0x00, 0x00, 0x00, 0x00, 0x00, 0x00,
    0x00, 0x00, 0x00, 0x00, 0x00, 0x00, 0x00, 0x00, 0x00, 0x00, 0x00, 0x00, 0x00, 0x00, 0x00, 0x00,
    0x00, 0x00, 0x00, 0x00, 0x00, 0x00, 0x00, 0x00, 0x00, 0x00, 0x00, 0x00, 0x00, 0x00, 0x00, 0x00,
    0x00, 0x00, 0x00, 0x00, 0x00, 0x00, 0x00, 0x00, 0x00, 0x00, 0x00, 0x00, 0x00, 0x00, 0x00, 0x00,
    0x00, 0x00, 0x00, 0x00, 0x00, 0x00, 0x00, 0x00, 0x00, 0x00, 0x00, 0x00, 0x00, 0x00, 0x00, 0x00,
    0x00, 0x00, 0x00, 0x00, 0x00, 0x00, 0x00, 0x00, 0x00, 0x00, 0x00, 0x00, 0x00, 0x00, 0x00, 0x00,
    0x00, 0x00, 0x00, 0x00, 0x00, 0x00, 0x00, 0x00, 0x00, 0x00, 0x00, 0x00, 0x00, 0x00, 0x00, 0x00,
    0x00, 0x00, 0x00, 0x00, 0x00, 0x00, 0x00, 0x00, 0x00, 0x00, 0x00, 0x00, 0x00, 0x00, 0x00, 0x00,
    0x00, 0x00, 0x00, 0x00, 0x62, 0x08, 0xCC, 0x09, 0xED, 0x01, 0xED, 0x01, 0x51, 0x43, 0x3C, 0xE7,
    0x5D, 0xEF, 0x1C, 0xE7, 0x9A, 0xD6, 0x55, 0xAD, 0xB2, 0x94, 0xD3, 0x9C, 0xF3, 0x9C, 0x14, 0xA5,
    0x16, 0x95, 0x55, 0x23, 0x55, 0x1B, 0x55, 0x1B, 0x55, 0x1B, 0x75, 0x1B, 0x75, 0x1B, 0x75, 0x1B,
    0x75, 0x1B, 0xED, 0x42, 0xE3, 0x18, 0x04, 0x21, 0xE3, 0x18, 0x24, 0x21, 0x65, 0x29, 0x2C, 0x22,
    0xED, 0x01, 0xED, 0x01, 0xEE, 0x01, 0xEE, 0x01, 0x0E, 0x0A, 0xC8, 0x29, 0xE3, 0x18, 0x45, 0x29,
    0x86, 0x31, 0x65, 0x29, 0x65, 0x29, 0xA6, 0x31, 0xE9, 0x29, 0xED, 0x09, 0xEE, 0x01, 0xCD, 0x01,
    0x34, 0x6C, 0x9E, 0xF7, 0xFB, 0xDE, 0x79, 0xCE, 0x99, 0xCE, 0x9A, 0xD6, 0x9A, 0xD6, 0x1C, 0xDF,
    0xBE, 0xF7, 0xBE, 0xF7, 0x9E, 0xF7, 0x9E, 0xF7, 0x5D, 0xEF, 0x9A, 0xD6, 0x9A, 0xCE, 0x9A, 0xD6,
    0x9A, 0xD6, 0xDB, 0xDE, 0x9E, 0xF7, 0xDF, 0xFF, 0xF6, 0x84, 0xCD, 0x01, 0xCD, 0x01, 0x4E, 0x12,
    0xF6, 0x8C, 0x9A, 0xD6, 0x9A, 0xD6, 0x9A, 0xD6, 0x19, 0xB6, 0xF0, 0x32, 0xED, 0x01, 0x0E, 0x02,
    0x0E, 0x02, 0x0E, 0x02, 0x0E, 0x02, 0x0E, 0x02, 0xED, 0x01, 0xED, 0x01, 0xED, 0x01, 0x94, 0x7C,
    0xD6, 0xBD, 0x55, 0xAD, 0x14, 0xA5, 0x35, 0xA5, 0x18, 0xBE, 0x9A, 0xD6, 0x97, 0xA5, 0x4E, 0x12,
    0xEE, 0x01, 0xEE, 0x01, 0xED, 0x01, 0xCD, 0x01, 0x10, 0x3B, 0x18, 0xBE, 0x79, 0xCE, 0x79, 0xCE,
    0x79, 0xCE, 0x9A, 0xD6, 0x1A, 0xAE, 0x96, 0x23, 0x75, 0x1B, 0x75, 0x1B, 0x75, 0x1B, 0x55, 0x1B,
    0x55, 0x1B, 0x55, 0x13, 0x75, 0x23, 0x78, 0x9D, 0x96, 0xB5, 0xB6, 0xB5, 0x79, 0xCE, 0x19, 0xAE,
    0x96, 0x23, 0x75, 0x1B, 0x75, 0x1B, 0x75, 0x1B, 0x55, 0x1B, 0x4F, 0x0A, 0xED, 0x01, 0xED, 0x01,
    0xCC, 0x09, 0xA3, 0x08, 0x00, 0x00, 0x00, 0x00, 0x00, 0x00, 0x00, 0x00, 0x00, 0x00, 0x00, 0x00,
    0x00, 0x00, 0x00, 0x00, 0x00, 0x00, 0x00, 0x00, 0x00, 0x00, 0x00, 0x00, 0x00, 0x00, 0x00, 0x00,
    0x00, 0x00, 0x00, 0x00, 0x00, 0x00, 0x00, 0x00, 0x00, 0x00, 0x00, 0x00, 0x00, 0x00, 0x00, 0x00,
    0x00, 0x00, 0x00, 0x00, 0x00, 0x00, 0x00, 0x00, 0x00, 0x00, 0x00, 0x00, 0x00, 0x00, 0x00, 0x00,
    0x00, 0x00, 0x00, 0x00, 0x00, 0x00, 0x00, 0x00, 0x00, 0x00, 0x00, 0x00, 0x00, 0x00, 0x00, 0x00,
    0x00, 0x00, 0x00, 0x00, 0x00, 0x00, 0x00, 0x00, 0x00, 0x00, 0x00, 0x00, 0x00, 0x00, 0x00, 0x00,
    0x00, 0x00, 0x00, 0x00, 0x00, 0x00, 0x00, 0x00, 0x00, 0x00, 0x00, 0x00, 0x00, 0x00, 0x00, 0x00,
    0x00, 0x00, 0x00, 0x00, 0x00, 0x00, 0x00, 0x00, 0x00, 0x00, 0x00, 0x00, 0x00, 0x00, 0x00, 0x00,
    0x00, 0x00, 0x00, 0x00, 0x00, 0x00, 0x00, 0x00, 0x00, 0x00, 0x00, 0x00, 0x00, 0x00, 0x00, 0x00,
    0x00, 0x00, 0x00, 0x00, 0x00, 0x00, 0x00, 0x00, 0x00, 0x00, 0x00, 0x00, 0x00, 0x00, 0x00, 0x00,
    0x00, 0x00, 0x00, 0x00, 0x00, 0x00, 0x00, 0x00, 0x00, 0x00, 0x00, 0x00, 0x00, 0x00, 0x00, 0x00,
    0x00, 0x00, 0x00, 0x00, 0x00, 0x00, 0x00, 0x00, 0x00, 0x00, 0x00, 0x00, 0x00, 0x00, 0x00, 0x00,
    0x00, 0x00, 0x00, 0x00, 0x00, 0x00, 0x00, 0x00, 0x00, 0x00, 0x00, 0x00, 0x00, 0x00, 0x00, 0x00,
    0x00, 0x00, 0x00, 0x00, 0x00, 0x00, 0x00, 0x00, 0x00, 0x00, 0x00, 0x00, 0x00, 0x00, 0x00, 0x00,
    0x00, 0x00, 0x00, 0x00, 0x00, 0x00, 0x00, 0x00, 0x00, 0x00, 0x00, 0x00, 0x00, 0x00, 0x00, 0x00,
    0x00, 0x00, 0x00, 0x00, 0x00, 0x00, 0x00, 0x00, 0x00, 0x00, 0x00, 0x00, 0x00, 0x00, 0x00, 0x00,
    0x00, 0x00, 0x00, 0x00, 0x00, 0x00, 0x00, 0x00, 0x00, 0x00, 0x00, 0x00, 0x21, 0x00, 0x8A, 0x09,
    0xED, 0x01, 0xED, 0x01, 0x8F, 0x22, 0xBB, 0xCE, 0x7D, 0xEF, 0x3C, 0xE7, 0xBA, 0xD6, 0x96, 0xB5,
    0xD3, 0x9C, 0xD3, 0x9C, 0xF3, 0x9C, 0x14, 0xA5, 0xD7, 0xB5, 0xD6, 0x3B, 0x55, 0x13, 0x55, 0x1B,
    0x75, 0x1B, 0x75, 0x1B, 0x75, 0x1B, 0x75, 0x1B, 0x76, 0x1B, 0x72, 0x43, 0xA6, 0x31, 0x45, 0x29,
    0x24, 0x21, 0x24, 0x21, 0x24, 0x21, 0x4A, 0x3A, 0xED, 0x09, 0x0E, 0x02, 0x0E, 0x02, 0x0E, 0x02,
    0x0E, 0x02, 0x0C, 0x22, 0x86, 0x29, 0x24, 0x21, 0x86, 0x31, 0x86, 0x31, 0x86, 0x31, 0xC6, 0x39,
    0x09, 0x32, 0xCD, 0x01, 0xEE, 0x01, 0xEE, 0x01, 0x54, 0x6C, 0xBE, 0xF7, 0x1B, 0xDF, 0x79, 0xCE,
    0x79, 0xCE, 0x9A, 0xD6, 0x9A, 0xD6, 0x7A, 0xCE, 0x54, 0x6C, 0xF3, 0x5B, 0xF3, 0x5B, 0xF3, 0x5B,
    0xF3, 0x53, 0xB2, 0x4B, 0xB2, 0x4B, 0x91, 0x4B, 0xD2, 0x5B, 0x39, 0xC6, 0xBE, 0xF7, 0xDF, 0xFF,
    0xF6, 0x84, 0xCD, 0x01, 0x4E, 0x12, 0xD5, 0x84, 0x9A, 0xD6, 0x9A, 0xD6, 0x9A, 0xD6, 0xD8, 0xB5,
    0xF1, 0x32, 0xEE, 0x01, 0x0E, 0x02, 0x0E, 0x02, 0x0E, 0x02, 0x0E, 0x02, 0x0E, 0x02, 0x0E, 0x02,
    0x0E, 0x02, 0xED, 0x01, 0xCD, 0x01, 0x94, 0x7C, 0xD7, 0xBD, 0x75, 0xAD, 0x55, 0xAD, 0x75, 0xAD,
    0x59, 0xCE, 0xBB, 0xD6, 0xB2, 0x4B, 0xEE, 0x01, 0xEE, 0x01, 0xEE, 0x01, 0xEE, 0x01, 0xED, 0x09,
    0x94, 0x7C, 0x38, 0xC6, 0x79, 0xCE, 0x79, 0xCE, 0x79, 0xCE, 0xBA, 0xD6, 0x18, 0x7D, 0x55, 0x13,
    0x75, 0x1B, 0x75, 0x1B, 0x75, 0x1B, 0x55, 0x1B, 0x55, 0x1B, 0x55, 0x13, 0xF6, 0x3B, 0xF8, 0xB5,
    0x96, 0xB5, 0xF7, 0xBD, 0xDA, 0xDE, 0x79, 0x8D, 0x55, 0x1B, 0x75, 0x1B, 0x75, 0x1B, 0x76, 0x1B,
    0x35, 0x13, 0x2F, 0x0A, 0xED, 0x01, 0xED, 0x01, 0xCB, 0x11, 0x41, 0x08, 0x00, 0x00, 0x00, 0x00,
    0x00, 0x00, 0x00, 0x00, 0x00, 0x00, 0x00, 0x00, 0x00, 0x00, 0x00, 0x00, 0x00, 0x00, 0x00, 0x00,
    0x00, 0x00, 0x00, 0x00, 0x00, 0x00, 0x00, 0x00, 0x00, 0x00, 0x00, 0x00, 0x00, 0x00, 0x00, 0x00,
    0x00, 0x00, 0x00, 0x00, 0x00, 0x00, 0x00, 0x00, 0x00, 0x00, 0x00, 0x00, 0x00, 0x00, 0x00, 0x00,
    0x00, 0x00, 0x00, 0x00, 0x00, 0x00, 0x00, 0x00, 0x00, 0x00, 0x00, 0x00, 0x00, 0x00, 0x00, 0x00,
    0x00, 0x00, 0x00, 0x00, 0x00, 0x00, 0x00, 0x00, 0x00, 0x00, 0x00, 0x00, 0x00, 0x00, 0x00, 0x00,
    0x00, 0x00, 0x00, 0x00, 0x00, 0x00, 0x00, 0x00, 0x00, 0x00, 0x00, 0x00, 0x00, 0x00, 0x00, 0x00,
    0x00, 0x00, 0x00, 0x00, 0x00, 0x00, 0x00, 0x00, 0x00, 0x00, 0x00, 0x00, 0x00, 0x00, 0x00, 0x00,
    0x00, 0x00, 0x00, 0x00, 0x00, 0x00, 0x00, 0x00, 0x00, 0x00, 0x00, 0x00, 0x00, 0x00, 0x00, 0x00,
    0x00, 0x00, 0x00, 0x00, 0x00, 0x00, 0x00, 0x00, 0x00, 0x00, 0x00, 0x00, 0x00, 0x00, 0x00, 0x00,
    0x00, 0x00, 0x00, 0x00, 0x00, 0x00, 0x00, 0x00, 0x00, 0x00, 0x00, 0x00, 0x00, 0x00, 0x00, 0x00,
    0x00, 0x00, 0x00, 0x00, 0x00, 0x00, 0x00, 0x00, 0x00, 0x00, 0x00, 0x00, 0x00, 0x00, 0x00, 0x00,
    0x00, 0x00, 0x00, 0x00, 0x00, 0x00, 0x00, 0x00, 0x00, 0x00, 0x00, 0x00, 0x00, 0x00, 0x00, 0x00,
    0x00, 0x00, 0x00, 0x00, 0x00, 0x00, 0x00, 0x00, 0x00, 0x00, 0x00, 0x00, 0x00, 0x00, 0x00, 0x00,
    0x00, 0x00, 0x00, 0x00, 0x00, 0x00, 0x00, 0x00, 0x00, 0x00, 0x00, 0x00, 0x00, 0x00, 0x00, 0x00,
    0x00, 0x00, 0x00, 0x00, 0x00, 0x00, 0x00, 0x00, 0x00, 0x00, 0x00, 0x00, 0x00, 0x00, 0x00, 0x00,
    0x00, 0x00, 0x00, 0x00, 0x00, 0x00, 0x00, 0x00, 0x00, 0x00, 0x00, 0x00, 0x00, 0x00, 0x00, 0x00,
    0x00, 0x00, 0x00, 0x00, 0x00, 0x00, 0x68, 0x11, 0xEE, 0x01, 0x0E, 0x02, 0x2E, 0x0A, 0xB8, 0xA5,
    0x7D, 0xEF, 0x3C, 0xE7, 0xFB, 0xDE, 0xF7, 0xBD, 0x14, 0xA5, 0xB2, 0x94, 0xD3, 0x9C, 0x55, 0xA5,
    0x38, 0xC6, 0xD7, 0x6C, 0x55, 0x13, 0x75, 0x1B, 0x55, 0x1B, 0x55, 0x1B, 0x75, 0x1B, 0x75, 0x1B,
    0x56, 0x1B, 0x74, 0x2B, 0xEC, 0x52, 0x65, 0x29, 0x45, 0x29, 0x45, 0x29, 0x45, 0x29, 0xA6, 0x31,
    0x2C, 0x1A, 0x0E, 0x02, 0x0E, 0x02, 0x0E, 0x02, 0x0E, 0x02, 0x0E, 0x0A, 0x2A, 0x32, 0x65, 0x29,
    0x65, 0x29, 0x86, 0x31, 0x86, 0x31, 0xA6, 0x31, 0x09, 0x32, 0xED, 0x01, 0x0E, 0x02, 0xEE, 0x01,
    0x54, 0x6C, 0x9E, 0xEF, 0x1C, 0xE7, 0xBA, 0xD6, 0xBA, 0xD6, 0x9A, 0xD6, 0xBA, 0xD6, 0x39, 0xBE,
    0x4E, 0x1A, 0xCD, 0x01, 0xED, 0x01, 0xED, 0x01, 0xEE, 0x01, 0xED, 0x01, 0xED, 0x01, 0xCD, 0x01,
    0x2E, 0x12, 0x19, 0xB6, 0x7D, 0xEF, 0xBE, 0xF7, 0xD6, 0x84, 0x4E, 0x12, 0x37, 0x95, 0xDB, 0xDE,
    0xBA, 0xD6, 0xBA, 0xD6, 0xD8, 0xB5, 0xF0, 0x32, 0x0E, 0x02, 0x0E, 0x02, 0x0E, 0x02, 0x0E, 0x02,
    0x0E, 0x02, 0x0E, 0x02, 0x0E, 0x02, 0x0E, 0x02, 0x0E, 0x02, 0x0E, 0x02, 0xED, 0x01, 0xB4, 0x7C,
    0x38, 0xC6, 0xD7, 0xBD, 0xB6, 0xB5, 0xD7, 0xBD, 0xBA, 0xD6, 0x57, 0x95, 0x2E, 0x0A, 0xEE, 0x01,
    0xEE, 0x01, 0xEE, 0x01, 0xEE, 0x01, 0xF0, 0x32, 0x19, 0xBE, 0x79, 0xCE, 0x79, 0xCE, 0x79, 0xCE,
    0x79, 0xCE, 0x7A, 0xC6, 0xF6, 0x3B, 0x55, 0x13, 0x55, 0x1B, 0x75, 0x1B, 0x75, 0x1B, 0x55, 0x1B,
    0x55, 0x1B, 0x55, 0x13, 0x97, 0x64, 0xF8, 0xBD, 0xB6, 0xB5, 0x38, 0xC6, 0x1C, 0xDF, 0x97, 0x5C,
    0x55, 0x13, 0x75, 0x1B, 0x75, 0x1B, 0x76, 0x1B, 0x13, 0x13, 0x0E, 0x02, 0x0E, 0x02, 0x0E, 0x02,
    0x89, 0x11, 0x20, 0x00, 0x00, 0x00, 0x00, 0x00, 0x00, 0x00, 0x00, 0x00, 0x00, 0x00, 0x00, 0x00,
    0x00, 0x00, 0x00, 0x00, 0x00, 0x00, 0x00, 0x00, 0x00, 0x00, 0x00, 0x00, 0x00, 0x00, 0x00, 0x00,
    0x00, 0x00, 0x00, 0x00, 0x00, 0x00, 0x00, 0x00, 0x00, 0x00, 0x00, 0x00, 0x00, 0x00, 0x00, 0x00,
    0x00, 0x00, 0x00, 0x00, 0x00, 0x00, 0x00, 0x00, 0x00, 0x00, 0x00, 0x00, 0x00, 0x00, 0x00, 0x00,
    0x00, 0x00, 0x00, 0x00, 0x00, 0x00, 0x00, 0x00, 0x00, 0x00, 0x00, 0x00, 0x00, 0x00, 0x00, 0x00,
    0x00, 0x00, 0x00, 0x00, 0x00, 0x00, 0x00, 0x00, 0x00, 0x00, 0x00, 0x00, 0x00, 0x00, 0x00, 0x00,
    0x00, 0x00, 0x00, 0x00, 0x00, 0x00, 0x00, 0x00, 0x00, 0x00, 0x00, 0x00, 0x00, 0x00, 0x00, 0x00,
    0x00, 0x00, 0x00, 0x00, 0x00, 0x00, 0x00, 0x00, 0x00, 0x00, 0x00, 0x00, 0x00, 0x00, 0x00, 0x00,
    0x00, 0x00, 0x00, 0x00, 0x00, 0x00, 0x00, 0x00, 0x00, 0x00, 0x00, 0x00, 0x00, 0x00, 0x00, 0x00,
    0x00, 0x00, 0x00, 0x00, 0x00, 0x00, 0x00, 0x00, 0x00, 0x00, 0x00, 0x00, 0x00, 0x00, 0x00, 0x00,
    0x00, 0x00, 0x00, 0x00, 0x00, 0x00, 0x00, 0x00, 0x00, 0x00, 0x00, 0x00, 0x00, 0x00, 0x00, 0x00,
    0x00, 0x00, 0x00, 0x00, 0x00, 0x00, 0x00, 0x00, 0x00, 0x00, 0x00, 0x00, 0x00, 0x00, 0x00, 0x00,
    0x00, 0x00, 0x00, 0x00, 0x00, 0x00, 0x00, 0x00, 0x00, 0x00, 0x00, 0x00, 0x00, 0x00, 0x00, 0x00,
    0x00, 0x00, 0x00, 0x00, 0x00, 0x00, 0x00, 0x00, 0x00, 0x00, 0x00, 0x00, 0x00, 0x00, 0x00, 0x00,
    0x00, 0x00, 0x00, 0x00, 0x00, 0x00, 0x00, 0x00, 0x00, 0x00, 0x00, 0x00, 0x00, 0x00, 0x00, 0x00,
    0x00, 0x00, 0x00, 0x00, 0x00, 0x00, 0x00, 0x00, 0x00, 0x00, 0x00, 0x00, 0x00, 0x00, 0x00, 0x00,
    0x00, 0x00, 0x00, 0x00, 0x00, 0x00, 0x00, 0x00, 0x00, 0x00, 0x00, 0x00, 0x00, 0x00, 0x06, 0x11,
    0x0E, 0x0A, 0x0E, 0x02, 0x0E, 0x02, 0x52, 0x33, 0x97, 0x5C, 0x97, 0x5C, 0x77, 0x5C, 0x56, 0x54,
    0x35, 0x54, 0xB3, 0x8C, 0xF3, 0x9C, 0x96, 0xB5, 0x17, 0xC6, 0x78, 0x95, 0x95, 0x23, 0x75, 0x1B,
    0x75, 0x1B, 0x75, 0x1B, 0x55, 0x1B, 0x55, 0x1B, 0x55, 0x13, 0x55, 0x1B, 0xF2, 0x5B, 0xC6, 0x39,
    0x45, 0x29, 0x24, 0x21, 0x24, 0x21, 0x24, 0x21, 0x6B, 0x3A, 0x2E, 0x0A, 0x0E, 0x02, 0x0E, 0x02,
    0x0E, 0x02, 0xEE, 0x01, 0x0C, 0x12, 0x29, 0x3A, 0xA6, 0x31, 0xE7, 0x39, 0xE7, 0x39, 0x08, 0x42,
    0x2A, 0x32, 0xED, 0x09, 0x0E, 0x02, 0xEE, 0x01, 0x13, 0x64, 0xDB, 0xDE, 0x3C, 0xE7, 0x9E, 0xEF,
    0x7D, 0xEF, 0x7D, 0xEF, 0x9E, 0xF7, 0x7A, 0xC6, 0x6F, 0x1A, 0x0E, 0x02, 0x0E, 0x02, 0x0E, 0x02,
    0x0E, 0x02, 0x0E, 0x02, 0xEE, 0x01, 0xEE, 0x01, 0x6F, 0x1A, 0x7A, 0xC6, 0xFB, 0xDE, 0xDB, 0xDE,
    0x36, 0x95, 0xD5, 0x84, 0xDB, 0xD6, 0x5D, 0xEF, 0xBE, 0xF7, 0xBB, 0xCE, 0x11, 0x3B, 0xED, 0x01,
    0x0E, 0x02, 0x0E, 0x02, 0x0E, 0x02, 0x0E, 0x02, 0x0E, 0x02, 0x0E, 0x02, 0x0E, 0x02, 0x0E, 0x02,
    0x0E, 0x02, 0x0E, 0x02, 0x0E, 0x0A, 0x37, 0x95, 0x1B, 0xE7, 0xDB, 0xDE, 0xBA, 0xD6, 0xBA, 0xD6,
    0xD8, 0xB5, 0xCF, 0x2A, 0xCD, 0x01, 0xEE, 0x01, 0xEE, 0x01, 0xEE, 0x01, 0x0E, 0x0A, 0xF6, 0x84,
    0x1C, 0xE7, 0xFB, 0xDE, 0x79, 0xCE, 0x38, 0xC6, 0x58, 0xCE, 0x78, 0x95, 0x55, 0x1B, 0x55, 0x13,
    0x55, 0x1B, 0x55, 0x1B, 0x55, 0x1B, 0x55, 0x1B, 0x55, 0x13, 0x55, 0x1B, 0x78, 0x95, 0xF7, 0xBD,
    0xD7, 0xBD, 0x38, 0xC6, 0x3A, 0xBE, 0xB6, 0x2B, 0x55, 0x13, 0x75, 0x1B, 0x75, 0x1B, 0x75, 0x1B,
    0xB2, 0x0A, 0x0E, 0x02, 0x0E, 0x02, 0x0E, 0x0A, 0x47, 0x11, 0x00, 0x00, 0x00, 0x00, 0x00, 0x00,
    0x00, 0x00, 0x00, 0x00, 0x00, 0x00, 0x00, 0x00, 0x00, 0x00, 0x00, 0x00, 0x00, 0x00, 0x00, 0x00,
    0x00, 0x00, 0x00, 0x00, 0x00, 0x00, 0x00, 0x00, 0x00, 0x00, 0x00, 0x00, 0x00, 0x00, 0x00, 0x00,
    0x00, 0x00, 0x00, 0x00, 0x00, 0x00, 0x00, 0x00, 0x00, 0x00, 0x00, 0x00, 0x00, 0x00, 0x00, 0x00,
    0x00, 0x00, 0x00, 0x00, 0x00, 0x00, 0x00, 0x00, 0x00, 0x00, 0x00, 0x00, 0x00, 0x00, 0x00, 0x00,
    0x00, 0x00, 0x00, 0x00, 0x00, 0x00, 0x00, 0x00, 0x00, 0x00, 0x00, 0x00, 0x00, 0x00, 0x00, 0x00,
    0x00, 0x00, 0x00, 0x00, 0x00, 0x00, 0x00, 0x00, 0x00, 0x00, 0x00, 0x00, 0x00, 0x00, 0x00, 0x00,
    0x00, 0x00, 0x00, 0x00, 0x00, 0x00, 0x00, 0x00, 0x00, 0x00, 0x00, 0x00, 0x00, 0x00, 0x00, 0x00,
    0x00, 0x00, 0x00, 0x00, 0x00, 0x00, 0x00, 0x00, 0x00, 0x00, 0x00, 0x00, 0x00, 0x00, 0x00, 0x00,
    0x00, 0x00, 0x00, 0x00, 0x00, 0x00, 0x00, 0x00, 0x00, 0x00, 0x00, 0x00, 0x00, 0x00, 0x00, 0x00,
    0x00, 0x00, 0x00, 0x00, 0x00, 0x00, 0x00, 0x00, 0x00, 0x00, 0x00, 0x00, 0x00, 0x00, 0x00, 0x00,
    0x00, 0x00, 0x00, 0x00, 0x00, 0x00, 0x00, 0x00, 0x00, 0x00, 0x00, 0x00, 0x00, 0x00, 0x00, 0x00,
    0x00, 0x00, 0x00, 0x00, 0x00, 0x00, 0x00, 0x00, 0x00, 0x00, 0x00, 0x00, 0x00, 0x00, 0x00, 0x00,
    0x00, 0x00, 0x00, 0x00, 0x00, 0x00, 0x00, 0x00, 0x00, 0x00, 0x00, 0x00, 0x00, 0x00, 0x00, 0x00,
    0x00, 0x00, 0x00, 0x00, 0x00, 0x00, 0x00, 0x00, 0x00, 0x00, 0x00, 0x00, 0x00, 0x00, 0x00, 0x00,
    0x00, 0x00, 0x00, 0x00, 0x00, 0x00, 0x00, 0x00, 0x00, 0x00, 0x00, 0x00, 0x00, 0x00, 0x00, 0x00,
    0x00, 0x00, 0x00, 0x00, 0x00, 0x00, 0x00, 0x00, 0x00, 0x00, 0x00, 0x00, 0x00, 0x00, 0x00, 0x00,
    0x00, 0x00, 0x00, 0x00, 0x00, 0x00, 0x83, 0x08, 0xED, 0x09, 0x0E, 0x02, 0x0E, 0x02, 0x4F, 0x0A,
    0x35, 0x13, 0x35, 0x13, 0x35, 0x13, 0x35, 0x13, 0x35, 0x13, 0x54, 0x6C, 0xD3, 0x9C, 0x14, 0xA5,
    0x75, 0xAD, 0xD7, 0xB5, 0x16, 0x3C, 0x55, 0x13, 0x75, 0x1B, 0x75, 0x1B, 0x55, 0x1B, 0x55, 0x13,
    0x55, 0x13, 0x55, 0x13, 0x93, 0x3B, 0x29, 0x42, 0x45, 0x29, 0x24, 0x21, 0x24, 0x21, 0x04, 0x21,
    0xCD, 0x4A, 0x70, 0x12, 0x0E, 0x02, 0x0E, 0x02, 0x0E, 0x02, 0xED, 0x01, 0xCD, 0x01, 0x4C, 0x2A,
    0xAA, 0x52, 0x8A, 0x52, 0x69, 0x4A, 0x69, 0x4A, 0x8B, 0x42, 0x0E, 0x0A, 0xEE, 0x01, 0xEE, 0x01,
    0xF3, 0x5B, 0xBA, 0xD6, 0x3C, 0xE7, 0xBE, 0xF7, 0x9E, 0xF7, 0x9E, 0xF7, 0xBE, 0xF7, 0xBB, 0xCE,
    0x6F, 0x1A, 0x0E, 0x02, 0x0E, 0x02, 0x0E, 0x02, 0x0E, 0x02, 0x0E, 0x02, 0x0E, 0x02, 0x0E, 0x02,
    0x0E, 0x0A, 0xB8, 0xA5, 0xFB, 0xDE, 0xBA, 0xD6, 0xBA, 0xD6, 0xBA, 0xD6, 0xBA, 0xD6, 0x7D, 0xEF,
    0xFC, 0xD6, 0x52, 0x43, 0xEE, 0x01, 0x0E, 0x02, 0x0E, 0x02, 0x0E, 0x02, 0x0E, 0x02, 0x0E, 0x02,
    0x0E, 0x02, 0x0E, 0x02, 0x0E, 0x02, 0x0E, 0x02, 0x0E, 0x02, 0x0E, 0x02, 0x0E, 0x0A, 0x57, 0x9D,
    0x3C, 0xE7, 0xFB, 0xDE, 0xFB, 0xDE, 0xDB, 0xDE, 0xD2, 0x53, 0xCD, 0x01, 0xED, 0x01, 0xED, 0x01,
    0xEE, 0x01, 0xEE, 0x01, 0x11, 0x33, 0x9A, 0xCE, 0xFB, 0xDE, 0xFB, 0xDE, 0x79, 0xCE, 0x59, 0xCE,
    0x59, 0xCE, 0x57, 0x54, 0x55, 0x13, 0x55, 0x1B, 0x55, 0x1B, 0x55, 0x1B, 0x75, 0x1B, 0x55, 0x1B,
    0x55, 0x13, 0xD5, 0x33, 0xF8, 0xB5, 0xD7, 0xBD, 0xD7, 0xBD, 0x59, 0xCE, 0x78, 0x8D, 0x55, 0x1B,
    0x55, 0x1B, 0x55, 0x1B, 0x55, 0x1B, 0x55, 0x1B, 0x70, 0x0A, 0x0E, 0x02, 0x0E, 0x02, 0x0E, 0x0A,
    0xC4, 0x10, 0x00, 0x00, 0x00, 0x00, 0x00, 0x00, 0x00, 0x00, 0x00, 0x00, 0x00, 0x00, 0x00, 0x00,
    0x00, 0x00, 0x00, 0x00, 0x00, 0x00, 0x00, 0x00, 0x00, 0x00, 0x00, 0x00, 0x00, 0x00, 0x00, 0x00,
    0x00, 0x00, 0x00, 0x00, 0x00, 0x00, 0x00, 0x00, 0x00, 0x00, 0x00, 0x00, 0x00, 0x00, 0x00, 0x00,
    0x00, 0x00, 0x00, 0x00, 0x00, 0x00, 0x00, 0x00, 0x00, 0x00, 0x00, 0x00, 0x00, 0x00, 0x00, 0x00,
    0x00, 0x00, 0x00, 0x00, 0x00, 0x00, 0x00, 0x00, 0x00, 0x00, 0x00, 0x00, 0x00, 0x00, 0x00, 0x00,
    0x00, 0x00, 0x00, 0x00, 0x00, 0x00, 0x00, 0x00, 0x00, 0x00, 0x00, 0x00, 0x00, 0x00, 0x00, 0x00,
    0x00, 0x00, 0x00, 0x00, 0x00, 0x00, 0x00, 0x00, 0x00, 0x00, 0x00, 0x00, 0x00, 0x00, 0x00, 0x00,
    0x00, 0x00, 0x00, 0x00, 0x00, 0x00, 0x00, 0x00, 0x00, 0x00, 0x00, 0x00, 0x00, 0x00, 0x00, 0x00,
    0x00, 0x00, 0x00, 0x00, 0x00, 0x00, 0x00, 0x00, 0x00, 0x00, 0x00, 0x00, 0x00, 0x00, 0x00, 0x00,
    0x00, 0x00, 0x00, 0x00, 0x00, 0x00, 0x00, 0x00, 0x00, 0x00, 0x00, 0x00, 0x00, 0x00, 0x00, 0x00,
    0x00, 0x00, 0x00, 0x00, 0x00, 0x00, 0x00, 0x00, 0x00, 0x00, 0x00, 0x00, 0x00, 0x00, 0x00, 0x00,
    0x00, 0x00, 0x00, 0x00, 0x00, 0x00, 0x00, 0x00, 0x00, 0x00, 0x00, 0x00, 0x00, 0x00, 0x00, 0x00,
    0x00, 0x00, 0x00, 0x00, 0x00, 0x00, 0x00, 0x00, 0x00, 0x00, 0x00, 0x00, 0x00, 0x00, 0x00, 0x00,
    0x00, 0x00, 0x00, 0x00, 0x00, 0x00, 0x00, 0x00, 0x00, 0x00, 0x00, 0x00, 0x00, 0x00, 0x00, 0x00,
    0x00, 0x00, 0x00, 0x00, 0x00, 0x00, 0x00, 0x00, 0x00, 0x00, 0x00, 0x00, 0x00, 0x00, 0x00, 0x00,
    0x00, 0x00, 0x00, 0x00, 0x00, 0x00, 0x00, 0x00, 0x00, 0x00, 0x00, 0x00, 0x00, 0x00, 0x00, 0x00,
    0x00, 0x00, 0x00, 0x00, 0x00, 0x00, 0x00, 0x00, 0x00, 0x00, 0x00, 0x00, 0x00, 0x00, 0x21, 0x00,
    0xCB, 0x09, 0x0E, 0x02, 0x0E, 0x02, 0x0E, 0x02, 0xF3, 0x12, 0x55, 0x1B, 0x55, 0x1B, 0x55, 0x1B,
    0x55, 0x13, 0xF5, 0x4B, 0x92, 0x94, 0x92, 0x94, 0x34, 0xA5, 0xD7, 0xBD, 0xD7, 0x74, 0x55, 0x1B,
    0x75, 0x1B, 0x75, 0x1B, 0x55, 0x1B, 0x55, 0x13, 0x55, 0x13, 0x55, 0x13, 0x55, 0x1B, 0xCD, 0x42,
    0x65, 0x29, 0x45, 0x29, 0x45, 0x29, 0xC7, 0x31, 0xF1, 0x2A, 0x91, 0x0A, 0x0E, 0x02, 0x0E, 0x02,
    0xED, 0x01, 0xED, 0x01, 0xCD, 0x01, 0xEC, 0x11, 0x2D, 0x5B, 0xAA, 0x52, 0x8A, 0x52, 0xAA, 0x52,
    0xAC, 0x42, 0x0E, 0x0A, 0xEE, 0x01, 0xCD, 0x01, 0xD2, 0x5B, 0x9A, 0xD6, 0x1C, 0xE7, 0x9E, 0xF7,
    0x9E, 0xF7, 0x9E, 0xF7, 0xBE, 0xF7, 0xDC, 0xCE, 0x8F, 0x1A, 0x0E, 0x02, 0x0E, 0x02, 0x0E, 0x02,
    0x0E, 0x02, 0x0E, 0x02, 0x0E, 0x02, 0x0E, 0x02, 0xED, 0x01, 0x51, 0x43, 0x5A, 0xC6, 0xDB, 0xDE,
    0xDA, 0xDE, 0xDA, 0xDE, 0xDB, 0xDE, 0x7A, 0xC6, 0x71, 0x43, 0xEE, 0x01, 0x0E, 0x02, 0x0E, 0x02,
    0x0E, 0x02, 0x0E, 0x02, 0x0E, 0x02, 0x0E, 0x02, 0x0E, 0x02, 0x0E, 0x02, 0x0E, 0x02, 0x0E, 0x02,
    0x0E, 0x02, 0x0E, 0x02, 0x0E, 0x0A, 0x57, 0x9D, 0x3C, 0xE7, 0xFB, 0xDE, 0xFB, 0xDE, 0x19, 0xBE,
    0x2E, 0x12, 0xCD, 0x01, 0xED, 0x01, 0xED, 0x01, 0xCD, 0x01, 0x0E, 0x0A, 0x36, 0x95, 0xFB, 0xDE,
    0xDB, 0xDE, 0xFB, 0xDE, 0x9A, 0xD6, 0x99, 0xD6, 0xD9, 0xA5, 0x96, 0x23, 0x55, 0x1B, 0x55, 0x1B,
    0x55, 0x1B, 0x55, 0x1B, 0x55, 0x1B, 0x55, 0x1B, 0x55, 0x13, 0xB7, 0x6C, 0x38, 0xC6, 0xD7, 0xBD,
    0x18, 0xC6, 0x79, 0xCE, 0x77, 0x5C, 0x35, 0x13, 0x55, 0x1B, 0x55, 0x1B, 0x55, 0x1B, 0x14, 0x13,
    0x2F, 0x02, 0x0E, 0x02, 0x0E, 0x02, 0xCB, 0x11, 0x41, 0x00, 0x00, 0x00, 0x00, 0x00, 0x00, 0x00,
    0x00, 0x00, 0x00, 0x00, 0x00, 0x00, 0x00, 0x00, 0x00, 0x00, 0x00, 0x00, 0x00, 0x00, 0x00, 0x00,
    0x00, 0x00, 0x00, 0x00, 0x00, 0x00, 0x00, 0x00, 0x00, 0x00, 0x00, 0x00, 0x00, 0x00, 0x00, 0x00,
    0x00, 0x00, 0x00, 0x00, 0x00, 0x00, 0x00, 0x00, 0x00, 0x00, 0x00, 0x00, 0x00, 0x00, 0x00, 0x00,
    0x00, 0x00, 0x00, 0x00, 0x00, 0x00, 0x00, 0x00, 0x00, 0x00, 0x00, 0x00, 0x00, 0x00, 0x00, 0x00,
    0x00, 0x00, 0x00, 0x00, 0x00, 0x00, 0x00, 0x00, 0x00, 0x00, 0x00, 0x00, 0x00, 0x00, 0x00, 0x00,
    0x00, 0x00, 0x00, 0x00, 0x00, 0x00, 0x00, 0x00, 0x00, 0x00, 0x00, 0x00, 0x00, 0x00, 0x00, 0x00,
    0x00, 0x00, 0x00, 0x00, 0x00, 0x00, 0x00, 0x00, 0x00, 0x00, 0x00, 0x00, 0x00, 0x00, 0x00, 0x00,
    0x00, 0x00, 0x00, 0x00, 0x00, 0x00, 0x00, 0x00, 0x00, 0x00, 0x00, 0x00, 0x00, 0x00, 0x00, 0x00,
    0x00, 0x00, 0x00, 0x00, 0x00, 0x00, 0x00, 0x00, 0x00, 0x00, 0x00, 0x00, 0x00, 0x00, 0x00, 0x00,
    0x00, 0x00, 0x00, 0x00, 0x00, 0x00, 0x00, 0x00, 0x00, 0x00, 0x00, 0x00, 0x00, 0x00, 0x00, 0x00,
    0x00, 0x00, 0x00, 0x00, 0x00, 0x00, 0x00, 0x00, 0x00, 0x00, 0x00, 0x00, 0x00, 0x00, 0x00, 0x00,
    0x00, 0x00, 0x00, 0x00, 0x00, 0x00, 0x00, 0x00, 0x00, 0x00, 0x00, 0x00, 0x00, 0x00, 0x00, 0x00,
    0x00, 0x00, 0x00, 0x00, 0x00, 0x00, 0x00, 0x00, 0x00, 0x00, 0x00, 0x00, 0x00, 0x00, 0x00, 0x00,
    0x00, 0x00, 0x00, 0x00, 0x00, 0x00, 0x00, 0x00, 0x00, 0x00, 0x00, 0x00, 0x00, 0x00, 0x00, 0x00,
    0x00, 0x00, 0x00, 0x00, 0x00, 0x00, 0x00, 0x00, 0x00, 0x00, 0x00, 0x00, 0x00, 0x00, 0x00, 0x00,
    0x00, 0x00, 0x00, 0x00, 0x00, 0x00, 0x00, 0x00, 0x00, 0x00, 0x00, 0x00, 0x00, 0x00, 0x00, 0x00,
    0x00, 0x00, 0x00, 0x00, 0x00, 0x00, 0x00, 0x00, 0x06, 0x09, 0xEE, 0x01, 0xEE, 0x01, 0xED, 0x01,
    0x91, 0x0A, 0x55, 0x1B, 0x75, 0x1B, 0x75, 0x1B, 0x55, 0x1B, 0x75, 0x23, 0x73, 0x7C, 0x71, 0x8C,
    0x34, 0xA5, 0xB6, 0xB5, 0xB8, 0xA5, 0x95, 0x2B, 0x55, 0x13, 0x55, 0x1B, 0x55, 0x1B, 0x55, 0x13,
    0x55, 0x13, 0x55, 0x1B, 0x55, 0x13, 0x73, 0x33, 0xC7, 0x31, 0x65, 0x29, 0x65, 0x29, 0x0F, 0x3B,
    0x34, 0x13, 0xB2, 0x0A, 0x2F, 0x02, 0x0E, 0x02, 0xED, 0x01, 0xED, 0x01, 0xED, 0x01, 0x0D, 0x12,
    0x4E, 0x63, 0xCB, 0x5A, 0xAA, 0x52, 0xEB, 0x5A, 0xCD, 0x4A, 0xED, 0x09, 0xED, 0x01, 0xCD, 0x01,
    0xD2, 0x5B, 0x9A, 0xD6, 0x3C, 0xE7, 0x9E, 0xF7, 0x9E, 0xF7, 0xBE, 0xF7, 0xBE, 0xF7, 0xDC, 0xCE,
    0x8F, 0x1A, 0x0E, 0x02, 0x0E, 0x02, 0x0E, 0x02, 0x0E, 0x02, 0x0E, 0x02, 0x0E, 0x02, 0x0E, 0x02,
    0x0E, 0x02, 0x0E, 0x02, 0x72, 0x43, 0x97, 0xA5, 0x59, 0xC6, 0x39, 0xBE, 0x36, 0x95, 0xF0, 0x32,
    0xEE, 0x01, 0x0E, 0x02, 0x0E, 0x02, 0x0E, 0x02, 0x0E, 0x02, 0x0E, 0x02, 0x0E, 0x02, 0x0E, 0x02,
    0x0E, 0x02, 0x0E, 0x02, 0x0E, 0x02, 0x0E, 0x02, 0x0E, 0x02, 0x0E, 0x02, 0xEE, 0x09, 0x57, 0x95,
    0x3C, 0xE7, 0xFB, 0xDE, 0x1C, 0xE7, 0x19, 0xB6, 0x4E, 0x12, 0xED, 0x01, 0xED, 0x01, 0xED, 0x01,
    0xCD, 0x01, 0x91, 0x4B, 0xBB, 0xD6, 0xDB, 0xDE, 0xDB, 0xDE, 0xFB, 0xDE, 0xBA, 0xD6, 0x9A, 0xCE,
    0x97, 0x5C, 0x55, 0x13, 0x75, 0x1B, 0x55, 0x1B, 0x55, 0x1B, 0x55, 0x1B, 0x55, 0x1B, 0x55, 0x13,
    0x95, 0x23, 0xB8, 0xA5, 0x18, 0xC6, 0x18, 0xC6, 0x38, 0xC6, 0xF9, 0xAD, 0xB5, 0x2B, 0x55, 0x13,
    0x55, 0x1B, 0x55, 0x1B, 0x55, 0x1B, 0xB1, 0x12, 0xEE, 0x01, 0x0E, 0x02, 0x0E, 0x02, 0x68, 0x11,
    0x00, 0x00, 0x00, 0x00, 0x00, 0x00, 0x00, 0x00, 0x00, 0x00, 0x00, 0x00, 0x00, 0x00, 0x00, 0x00,
    0x00, 0x00, 0x00, 0x00, 0x00, 0x00, 0x00, 0x00, 0x00, 0x00, 0x00, 0x00, 0x00, 0x00, 0x00, 0x00,
    0x00, 0x00, 0x00, 0x00, 0x00, 0x00, 0x00, 0x00, 0x00, 0x00, 0x00, 0x00, 0x00, 0x00, 0x00, 0x00,
    0x00, 0x00, 0x00, 0x00, 0x00, 0x00, 0x00, 0x00, 0x00, 0x00, 0x00, 0x00, 0x00, 0x00, 0x00, 0x00,
    0x00, 0x00, 0x00, 0x00, 0x00, 0x00, 0x00, 0x00, 0x00, 0x00, 0x00, 0x00, 0x00, 0x00, 0x00, 0x00,
    0x00, 0x00, 0x00, 0x00, 0x00, 0x00, 0x00, 0x00, 0x00, 0x00, 0x00, 0x00, 0x00, 0x00, 0x00, 0x00,
    0x00, 0x00, 0x00, 0x00, 0x00, 0x00, 0x00, 0x00, 0x00, 0x00, 0x00, 0x00, 0x00, 0x00, 0x00, 0x00,
    0x00, 0x00, 0x00, 0x00, 0x00, 0x00, 0x00, 0x00, 0x00, 0x00, 0x00, 0x00, 0x00, 0x00, 0x00, 0x00,
    0x00, 0x00, 0x00, 0x00, 0x00, 0x00, 0x00, 0x00, 0x00, 0x00, 0x00, 0x00, 0x00, 0x00, 0x00, 0x00,
    0x00, 0x00, 0x00, 0x00, 0x00, 0x00, 0x00, 0x00, 0x00, 0x00, 0x00, 0x00, 0x00, 0x00, 0x00, 0x00,
    0x00, 0x00, 0x00, 0x00, 0x00, 0x00, 0x00, 0x00, 0x00, 0x00, 0x00, 0x00, 0x00, 0x00, 0x00, 0x00,
    0x00, 0x00, 0x00, 0x00, 0x00, 0x00, 0x00, 0x00, 0x00, 0x00, 0x00, 0x00, 0x00, 0x00, 0x00, 0x00,
    0x00, 0x00, 0x00, 0x00, 0x00, 0x00, 0x00, 0x00, 0x00, 0x00, 0x00, 0x00, 0x00, 0x00, 0x00, 0x00,
    0x00, 0x00, 0x00, 0x00, 0x00, 0x00, 0x00, 0x00, 0x00, 0x00, 0x00, 0x00, 0x00, 0x00, 0x00, 0x00,
    0x00, 0x00, 0x00, 0x00, 0x00, 0x00, 0x00, 0x00, 0x00, 0x00, 0x00, 0x00, 0x00, 0x00, 0x00, 0x00,
    0x00, 0x00, 0x00, 0x00, 0x00, 0x00, 0x00, 0x00, 0x00, 0x00, 0x00, 0x00, 0x00, 0x00, 0x00, 0x00,
    0x00, 0x00, 0x00, 0x00, 0x00, 0x00, 0x00, 0x00, 0x00, 0x00, 0x00, 0x00, 0x00, 0x00, 0x00, 0x00,
    0x82, 0x08, 0xCC, 0x09, 0xED, 0x01, 0xED, 0x01, 0x2F, 0x0A, 0x34, 0x13, 0x75, 0x1B, 0x75, 0x1B,
    0x75, 0x1B, 0x55, 0x13, 0x34, 0x5C, 0xF3, 0x9C, 0x34, 0xA5, 0xB6, 0xB5, 0x18, 0xBE, 0x76, 0x5C,
    0x55, 0x13, 0x55, 0x13, 0x55, 0x13, 0x55, 0x13, 0x55, 0x1B, 0x55, 0x1B, 0x55, 0x1B, 0x55, 0x1B,
    0xAD, 0x3A, 0x85, 0x31, 0xAB, 0x42, 0x54, 0x23, 0x14, 0x13, 0xD2, 0x12, 0x70, 0x0A, 0x0E, 0x02,
    0xED, 0x01, 0xED, 0x01, 0xED, 0x01, 0xED, 0x11, 0x6F, 0x63, 0x2C, 0x63, 0x0C, 0x63, 0x2C, 0x63,
    0x0E, 0x53, 0xED, 0x09, 0xCD, 0x01, 0xAD, 0x01, 0xD2, 0x5B, 0xBA, 0xD6, 0x3C, 0xE7, 0x9E, 0xF7,
    0xBE, 0xF7, 0xBE, 0xF7, 0xDF, 0xFF, 0xDC, 0xCE, 0x8F, 0x1A, 0x0E, 0x02, 0x0E, 0x02, 0x0E, 0x02,
    0x0E, 0x02, 0x0E, 0x02, 0x0E, 0x02, 0x0E, 0x02, 0x0E, 0x02, 0x0E, 0x02, 0xEE, 0x01, 0x2E, 0x12,
    0xAF, 0x2A, 0x8F, 0x22, 0x0E, 0x0A, 0xEE, 0x01, 0x0E, 0x02, 0x0E, 0x02, 0x0E, 0x02, 0x0E, 0x02,
    0x0E, 0x02, 0x0E, 0x02, 0x0E, 0x02, 0x0E, 0x02, 0x0E, 0x02, 0x0E, 0x02, 0x0E, 0x02, 0x0E, 0x02,
    0x0E, 0x02, 0x0E, 0x02, 0xED, 0x09, 0x57, 0x95, 0x3C, 0xE7, 0x1C, 0xE7, 0x3C, 0xE7, 0x19, 0xB6,
    0x4E, 0x12, 0xEE, 0x01, 0xED, 0x01, 0xCD, 0x01, 0x6E, 0x1A, 0xD8, 0xAD, 0xDB, 0xDE, 0xDB, 0xDE,
    0xDB, 0xDE, 0xDB, 0xDE, 0xBA, 0xD6, 0x99, 0x9D, 0x75, 0x23, 0x55, 0x1B, 0x55, 0x1B, 0x55, 0x1B,
    0x55, 0x1B, 0x55, 0x1B, 0x55, 0x1B, 0x55, 0x13, 0x56, 0x54, 0x39, 0xC6, 0x18, 0xC6, 0x18, 0xC6,
    0x79, 0xCE, 0xF7, 0x7C, 0x55, 0x1B, 0x55, 0x1B, 0x55, 0x1B, 0x55, 0x1B, 0x34, 0x13, 0x4F, 0x0A,
    0xED, 0x01, 0xED, 0x01, 0xCD, 0x09, 0xA4, 0x08, 0x00, 0x00, 0x00, 0x00, 0x00, 0x00, 0x00, 0x00,
    0x00, 0x00, 0x00, 0x00, 0x00, 0x00, 0x00, 0x00, 0x00, 0x00, 0x00, 0x00, 0x00, 0x00, 0x00, 0x00,
    0x00, 0x00, 0x00, 0x00, 0x00, 0x00, 0x00, 0x00, 0x00, 0x00, 0x00, 0x00, 0x00, 0x00, 0x00, 0x00,
    0x00, 0x00, 0x00, 0x00, 0x00, 0x00, 0x00, 0x00, 0x00, 0x00, 0x00, 0x00, 0x00, 0x00, 0x00, 0x00,
    0x00, 0x00, 0x00, 0x00, 0x00, 0x00, 0x00, 0x00, 0x00, 0x00, 0x00, 0x00, 0x00, 0x00, 0x00, 0x00,
    0x00, 0x00, 0x00, 0x00, 0x00, 0x00, 0x00, 0x00, 0x00, 0x00, 0x00, 0x00, 0x00, 0x00, 0x00, 0x00,
    0x00, 0x00, 0x00, 0x00, 0x00, 0x00, 0x00, 0x00, 0x00, 0x00, 0x00, 0x00, 0x00, 0x00, 0x00, 0x00,
    0x00, 0x00, 0x00, 0x00, 0x00, 0x00, 0x00, 0x00, 0x00, 0x00, 0x00, 0x00, 0x00, 0x00, 0x00, 0x00,
    0x00, 0x00, 0x00, 0x00, 0x00, 0x00, 0x00, 0x00, 0x00, 0x00, 0x00, 0x00, 0x00, 0x00, 0x00, 0x00,
    0x00, 0x00, 0x00, 0x00, 0x00, 0x00, 0x00, 0x00, 0x00, 0x00, 0x00, 0x00, 0x00, 0x00, 0x00, 0x00,
    0x00, 0x00, 0x00, 0x00, 0x00, 0x00, 0x00, 0x00, 0x00, 0x00, 0x00, 0x00, 0x00, 0x00, 0x00, 0x00,
    0x00, 0x00, 0x00, 0x00, 0x00, 0x00, 0x00, 0x00, 0x00, 0x00, 0x00, 0x00, 0x00, 0x00, 0x00, 0x00,
    0x00, 0x00, 0x00, 0x00, 0x00, 0x00, 0x00, 0x00, 0x00, 0x00, 0x00, 0x00, 0x00, 0x00, 0x00, 0x00,
    0x00, 0x00, 0x00, 0x00, 0x00, 0x00, 0x00, 0x00, 0x00, 0x00, 0x00, 0x00, 0x00, 0x00, 0x00, 0x00,
    0x00, 0x00, 0x00, 0x00, 0x00, 0x00, 0x00, 0x00, 0x00, 0x00, 0x00, 0x00, 0x00, 0x00, 0x00, 0x00,
    0x00, 0x00, 0x00, 0x00, 0x00, 0x00, 0x00, 0x00, 0x00, 0x00, 0x00, 0x00, 0x00, 0x00, 0x00, 0x00,
    0x00, 0x00, 0x00, 0x00, 0x00, 0x00, 0x00, 0x00, 0x00, 0x00, 0x00, 0x00, 0x00, 0x00, 0x00, 0x00,
    0x00, 0x00, 0x00, 0x00, 0x00, 0x00, 0x00, 0x00, 0x62, 0x08, 0xCB, 0x09, 0xED, 0x01, 0xED, 0x01,
    0xEE, 0x01, 0xF3, 0x12, 0x75, 0x1B, 0x75, 0x1B, 0x75, 0x1B, 0x55, 0x13, 0xB5, 0x33, 0x56, 0x9D,
    0x75, 0xAD, 0xB6, 0xB5, 0xD7, 0xBD, 0x57, 0x95, 0x75, 0x23, 0x55, 0x13, 0x55, 0x13, 0x55, 0x13,
    0x55, 0x1B, 0x55, 0x1B, 0x55, 0x1B, 0x55, 0x13, 0x53, 0x2B, 0x8A, 0x42, 0x52, 0x3B, 0x34, 0x13,
    0x34, 0x13, 0xF3, 0x12, 0xB1, 0x0A, 0x70, 0x0A, 0x2E, 0x0A, 0xEE, 0x01, 0xED, 0x01, 0xEC, 0x11,
    0x6F, 0x63, 0x6D, 0x6B, 0x2C, 0x63, 0x4D, 0x6B, 0x2E, 0x53, 0xCD, 0x01, 0xCD, 0x01, 0xAD, 0x01,
    0x33, 0x6C, 0x7D, 0xEF, 0x3C, 0xE7, 0xFB, 0xDE, 0xFB, 0xDE, 0xFB, 0xDE, 0x1C, 0xE7, 0x5A, 0xC6,
    0x8F, 0x1A, 0x0E, 0x02, 0x0E, 0x02, 0x0E, 0x02, 0x0E, 0x02, 0x0E, 0x02, 0x0E, 0x02, 0x0E, 0x02,
    0x0E, 0x02, 0x0E, 0x02, 0x0E, 0x02, 0x0E, 0x02, 0xEE, 0x01, 0xEE, 0x01, 0x0E, 0x02, 0x0E, 0x02,
    0x0E, 0x02, 0x0E, 0x02, 0x0E, 0x02, 0x0E, 0x02, 0x0E, 0x02, 0x0E, 0x02, 0x0E, 0x02, 0x0E, 0x02,
    0x0E, 0x02, 0x0E, 0x02, 0x0E, 0x02, 0x0E, 0x02, 0x0E, 0x02, 0x0E, 0x02, 0xED, 0x01, 0xF5, 0x84,
    0xBA, 0xD6, 0x9A, 0xD6, 0xBA, 0xD6, 0xB7, 0xA5, 0x4E, 0x12, 0x0E, 0x02, 0x0E, 0x02, 0x2E, 0x0A,
    0x16, 0x8D, 0xBA, 0xD6, 0x59, 0xCE, 0x59, 0xCE, 0x59, 0xCE, 0x79, 0xCE, 0xBA, 0xCE, 0x36, 0x4C,
    0x35, 0x13, 0x55, 0x13, 0x55, 0x13, 0x55, 0x1B, 0x55, 0x1B, 0x55, 0x1B, 0x55, 0x13, 0x55, 0x1B,
    0x99, 0x9D, 0xBA, 0xDE, 0x9A, 0xD6, 0x9A, 0xD6, 0xBB, 0xCE, 0x36, 0x44, 0x55, 0x13, 0x75, 0x1B,
    0x55, 0x1B, 0x55, 0x1B, 0xF3, 0x12, 0xEE, 0x01, 0xED, 0x01, 0xED, 0x01, 0xEC, 0x11, 0xA3, 0x10,
    0x00, 0x00, 0x00, 0x00, 0x00, 0x00, 0x00, 0x00, 0x00, 0x00, 0x00, 0x00, 0x00, 0x00, 0x00, 0x00,
    0x00, 0x00, 0x00, 0x00, 0x00, 0x00, 0x00, 0x00, 0x00, 0x00, 0x00, 0x00, 0x00, 0x00, 0x00, 0x00,
    0x00, 0x00, 0x00, 0x00, 0x00, 0x00, 0x00, 0x00, 0x00, 0x00, 0x00, 0x00, 0x00, 0x00, 0x00, 0x00,
    0x00, 0x00, 0x00, 0x00, 0x00, 0x00, 0x00, 0x00, 0x00, 0x00, 0x00, 0x00, 0x00, 0x00, 0x00, 0x00,
    0x00, 0x00, 0x00, 0x00, 0x00, 0x00, 0x00, 0x00, 0x00, 0x00, 0x00, 0x00, 0x00, 0x00, 0x00, 0x00,
    0x00, 0x00, 0x00, 0x00, 0x00, 0x00, 0x00, 0x00, 0x00, 0x00, 0x00, 0x00, 0x00, 0x00, 0x00, 0x00,
    0x00, 0x00, 0x00, 0x00, 0x00, 0x00, 0x00, 0x00, 0x00, 0x00, 0x00, 0x00, 0x00, 0x00, 0x00, 0x00,
    0x00, 0x00, 0x00, 0x00, 0x00, 0x00, 0x00, 0x00, 0x00, 0x00, 0x00, 0x00, 0x00, 0x00, 0x00, 0x00,
    0x00, 0x00, 0x00, 0x00, 0x00, 0x00, 0x00, 0x00, 0x00, 0x00, 0x00, 0x00, 0x00, 0x00, 0x00, 0x00,
    0x00, 0x00, 0x00, 0x00, 0x00, 0x00, 0x00, 0x00, 0x00, 0x00, 0x00, 0x00, 0x00, 0x00, 0x00, 0x00,
    0x00, 0x00, 0x00, 0x00, 0x00, 0x00, 0x00, 0x00, 0x00, 0x00, 0x00, 0x00, 0x00, 0x00, 0x00, 0x00,
    0x00, 0x00, 0x00, 0x00, 0x00, 0x00, 0x00, 0x00, 0x00, 0x00, 0x00, 0x00, 0x00, 0x00, 0x00, 0x00,
    0x00, 0x00, 0x00, 0x00, 0x00, 0x00, 0x00, 0x00, 0x00, 0x00, 0x00, 0x00, 0x00, 0x00, 0x00, 0x00,
    0x00, 0x00, 0x00, 0x00, 0x00, 0x00, 0x00, 0x00, 0x00, 0x00, 0x00, 0x00, 0x00, 0x00, 0x00, 0x00,
    0x00, 0x00, 0x00, 0x00, 0x00, 0x00, 0x00, 0x00, 0x00, 0x00, 0x00, 0x00, 0x00, 0x00, 0x00, 0x00,
    0x00, 0x00, 0x00, 0x00, 0x00, 0x00, 0x00, 0x00, 0x00, 0x00, 0x00, 0x00, 0x00, 0x00, 0x00, 0x00,
    0x00, 0x00, 0x00, 0x00, 0x00, 0x00, 0x00, 0x00, 0x00, 0x00, 0x00, 0x00, 0x00, 0x00, 0x62, 0x08,
    0xAA, 0x11, 0x0E, 0x0A, 0x0E, 0x02, 0x0E, 0x02, 0xED, 0x01, 0x70, 0x0A, 0x55, 0x1B, 0x75, 0x1B,
    0x75, 0x1B, 0x55, 0x1B, 0x55, 0x1B, 0xD6, 0x74, 0x96, 0xB5, 0x75, 0xAD, 0x75, 0xAD, 0xB7, 0xB5,
    0x16, 0x4C, 0x55, 0x13, 0x55, 0x13, 0x55, 0x13, 0x55, 0x1B, 0x55, 0x1B, 0x55, 0x1B, 0x55, 0x13,
    0x55, 0x1B, 0xB4, 0x3B, 0x55, 0x1B, 0x35, 0x13, 0x34, 0x13, 0x34, 0x13, 0xF3, 0x12, 0xD4, 0x43,
    0x13, 0x64, 0x0E, 0x0A, 0xED, 0x01, 0xEC, 0x11, 0x6F, 0x63, 0x8D, 0x73, 0x4D, 0x6B, 0xAE, 0x73,
    0x6F, 0x5B, 0xCD, 0x01, 0xED, 0x01, 0xCD, 0x01, 0x74, 0x6C, 0xDF, 0xFF, 0x3C, 0xE7, 0xBA, 0xD6,
    0xBA, 0xD6, 0xBA, 0xD6, 0xBA, 0xD6, 0x19, 0xBE, 0x8F, 0x1A, 0xEE, 0x01, 0x0E, 0x02, 0x0E, 0x02,
    0x0E, 0x02, 0x0E, 0x02, 0x0E, 0x02, 0x0E, 0x02, 0x0E, 0x02, 0x0E, 0x02, 0x0E, 0x02, 0x0E, 0x02,
    0x0E, 0x02, 0x0E, 0x02, 0x0E, 0x02, 0x0E, 0x02, 0x0E, 0x02, 0x0E, 0x02, 0x0E, 0x02, 0x0E, 0x02,
    0x0E, 0x02, 0x0E, 0x02, 0x0E, 0x02, 0x0E, 0x02, 0x0E, 0x02, 0x0E, 0x02, 0x0E, 0x02, 0x0E, 0x02,
    0x0E, 0x02, 0x0E, 0x02, 0xED, 0x01, 0xD5, 0x84, 0x79, 0xCE, 0x38, 0xC6, 0x59, 0xCE, 0x77, 0xA5,
    0x2E, 0x12, 0xEE, 0x01, 0x0E, 0x02, 0x34, 0x64, 0x1C, 0xE7, 0x79, 0xCE, 0x38, 0xC6, 0x38, 0xC6,
    0x38, 0xC6, 0x59, 0xCE, 0x58, 0x8D, 0x55, 0x1B, 0x55, 0x13, 0x55, 0x13, 0x55, 0x13, 0x55, 0x1B,
    0x55, 0x1B, 0x55, 0x1B, 0x55, 0x13, 0x16, 0x4C, 0x59, 0xC6, 0xDB, 0xDE, 0xBA, 0xD6, 0xDB, 0xDE,
    0xF9, 0xA5, 0x76, 0x23, 0x75, 0x1B, 0x75, 0x1B, 0x55, 0x1B, 0x55, 0x1B, 0x90, 0x0A, 0xED, 0x01,
    0xEE, 0x01, 0xEE, 0x01, 0xEE, 0x09, 0xEB, 0x11, 0xA3, 0x08, 0x00, 0x00, 0x00, 0x00, 0x00, 0x00,
    0x00, 0x00, 0x00, 0x00, 0x00, 0x00, 0x00, 0x00, 0x00, 0x00, 0x00, 0x00, 0x00, 0x00, 0x00, 0x00,
    0x00, 0x00, 0x00, 0x00, 0x00, 0x00, 0x00, 0x00, 0x00, 0x00, 0x00, 0x00, 0x00, 0x00, 0x00, 0x00,
    0x00, 0x00, 0x00, 0x00, 0x00, 0x00, 0x00, 0x00, 0x00, 0x00, 0x00, 0x00, 0x00, 0x00, 0x00, 0x00,
    0x00, 0x00, 0x00, 0x00, 0x00, 0x00, 0x00, 0x00, 0x00, 0x00, 0x00, 0x00, 0x00, 0x00, 0x00, 0x00,
    0x00, 0x00, 0x00, 0x00, 0x00, 0x00, 0x00, 0x00, 0x00, 0x00, 0x00, 0x00, 0x00, 0x00, 0x00, 0x00,
    0x00, 0x00, 0x00, 0x00, 0x00, 0x00, 0x00, 0x00, 0x00, 0x00, 0x00, 0x00, 0x00, 0x00, 0x00, 0x00,
    0x00, 0x00, 0x00, 0x00, 0x00, 0x00, 0x00, 0x00, 0x00, 0x00, 0x00, 0x00, 0x00, 0x00, 0x00, 0x00,
    0x00, 0x00, 0x00, 0x00, 0x00, 0x00, 0x00, 0x00, 0x00, 0x00, 0x00, 0x00, 0x00, 0x00, 0x00, 0x00,
    0x00, 0x00, 0x00, 0x00, 0x00, 0x00, 0x00, 0x00, 0x00, 0x00, 0x00, 0x00, 0x00, 0x00, 0x00, 0x00,
    0x00, 0x00, 0x00, 0x00, 0x00, 0x00, 0x00, 0x00, 0x00, 0x00, 0x00, 0x00, 0x00, 0x00, 0x00, 0x00,
    0x00, 0x00, 0x00, 0x00, 0x00, 0x00, 0x00, 0x00, 0x00, 0x00, 0x00, 0x00, 0x00, 0x00, 0x00, 0x00,
    0x00, 0x00, 0x00, 0x00, 0x00, 0x00, 0x00, 0x00, 0x00, 0x00, 0x00, 0x00, 0x00, 0x00, 0x00, 0x00,
    0x00, 0x00, 0x00, 0x00, 0x00, 0x00, 0x00, 0x00, 0x00, 0x00, 0x00, 0x00, 0x00, 0x00, 0x00, 0x00,
    0x00, 0x00, 0x00, 0x00, 0x00, 0x00, 0x00, 0x00, 0x00, 0x00, 0x00, 0x00, 0x00, 0x00, 0x00, 0x00,
    0x00, 0x00, 0x00, 0x00, 0x00, 0x00, 0x00, 0x00, 0x00, 0x00, 0x00, 0x00, 0x00, 0x00, 0x00, 0x00,
    0x00, 0x00, 0x00, 0x00, 0x00, 0x00, 0x00, 0x00, 0x00, 0x00, 0x00, 0x00, 0x00, 0x00, 0x00, 0x00,
    0x00, 0x00, 0x00, 0x00, 0x83, 0x08, 0xCB, 0x11, 0x2E, 0x0A, 0x0E, 0x02, 0x0E, 0x02, 0x0E, 0x02,
    0x0E, 0x02, 0x91, 0x0A, 0x75, 0x1B, 0x75, 0x1B, 0x55, 0x1B, 0x55, 0x1B, 0x55, 0x13, 0xF5, 0x43,
    0x76, 0xA5, 0x55, 0xAD, 0x55, 0xAD, 0x95, 0xB5, 0x16, 0x8D, 0x75, 0x23, 0x55, 0x13, 0x55, 0x1B,
    0x55, 0x1B, 0x55, 0x1B, 0x55, 0x1B, 0x55, 0x13, 0x55, 0x13, 0x55, 0x13, 0x55, 0x13, 0x55, 0x13,
    0x55, 0x13, 0x55, 0x13, 0x55, 0x23, 0x16, 0x8D, 0x75, 0xAD, 0x70, 0x4B, 0xED, 0x01, 0xCC, 0x09,
    0x8F, 0x63, 0xAE, 0x73, 0x6D, 0x6B, 0xCF, 0x7B, 0x6F, 0x5B, 0xCD, 0x01, 0xEE, 0x01, 0xEE, 0x01,
    0x75, 0x6C, 0xDF, 0xFF, 0x3C, 0xE7, 0xBA, 0xD6, 0xBA, 0xD6, 0xBA, 0xD6, 0xBA, 0xDE, 0x19, 0xBE,
    0x6F, 0x1A, 0xEE, 0x01, 0x0E, 0x02, 0x0E, 0x02, 0x0E, 0x02, 0x0E, 0x02, 0x0E, 0x02, 0x0E, 0x02,
    0x0E, 0x02, 0x0E, 0x02, 0x0E, 0x02, 0x0E, 0x02, 0x0E, 0x02, 0x0E, 0x02, 0x0E, 0x02, 0x0E, 0x02,
    0x0E, 0x02, 0x0E, 0x02, 0x0E, 0x02, 0x0E, 0x02, 0x0E, 0x02, 0x0E, 0x02, 0x0E, 0x02, 0x0E, 0x02,
    0x0E, 0x02, 0x0E, 0x02, 0x0E, 0x02, 0x0E, 0x02, 0x0E, 0x02, 0x0E, 0x02, 0xED, 0x01, 0xB5, 0x84,
    0x59, 0xCE, 0x38, 0xC6, 0x38, 0xCE, 0x56, 0x9D, 0x0E, 0x12, 0xED, 0x01, 0x92, 0x4B, 0xFC, 0xDE,
    0x5C, 0xEF, 0x79, 0xCE, 0x38, 0xC6, 0x38, 0xC6, 0x58, 0xCE, 0xD8, 0xAD, 0xB5, 0x2B, 0x35, 0x13,
    0x55, 0x13, 0x55, 0x13, 0x55, 0x13, 0x55, 0x1B, 0x55, 0x1B, 0x55, 0x1B, 0x76, 0x23, 0x57, 0x8D,
    0x79, 0xCE, 0xBA, 0xD6, 0xDA, 0xDE, 0xFB, 0xDE, 0x77, 0x5C, 0x55, 0x13, 0x75, 0x1B, 0x75, 0x1B,
    0x55, 0x1B, 0x55, 0x1B, 0x91, 0x0A, 0x0E, 0x02, 0x0E, 0x02, 0x0E, 0x02, 0x0E, 0x02, 0x0E, 0x02,
    0xEB, 0x11, 0xC4, 0x10, 0x00, 0x00, 0x00, 0x00, 0x00, 0x00, 0x00, 0x00, 0x00, 0x00, 0x00, 0x00,
    0x00, 0x00, 0x00, 0x00, 0x00, 0x00, 0x00, 0x00, 0x00, 0x00, 0x00, 0x00, 0x00, 0x00, 0x00, 0x00,
    0x00, 0x00, 0x00, 0x00, 0x00, 0x00, 0x00, 0x00, 0x00, 0x00, 0x00, 0x00, 0x00, 0x00, 0x00, 0x00,
    0x00, 0x00, 0x00, 0x00, 0x00, 0x00, 0x00, 0x00, 0x00, 0x00, 0x00, 0x00, 0x00, 0x00, 0x00, 0x00,
    0x00, 0x00, 0x00, 0x00, 0x00, 0x00, 0x00, 0x00, 0x00, 0x00, 0x00, 0x00, 0x00, 0x00, 0x00, 0x00,
    0x00, 0x00, 0x00, 0x00, 0x00, 0x00, 0x00, 0x00, 0x00, 0x00, 0x00, 0x00, 0x00, 0x00, 0x00, 0x00,
    0x00, 0x00, 0x00, 0x00, 0x00, 0x00, 0x00, 0x00, 0x00, 0x00, 0x00, 0x00, 0x00, 0x00, 0x00, 0x00,
    0x00, 0x00, 0x00, 0x00, 0x00, 0x00, 0x00, 0x00, 0x00, 0x00, 0x00, 0x00, 0x00, 0x00, 0x00, 0x00,
    0x00, 0x00, 0x00, 0x00, 0x00, 0x00, 0x00, 0x00, 0x00, 0x00, 0x00, 0x00, 0x00, 0x00, 0x00, 0x00,
    0x00, 0x00, 0x00, 0x00, 0x00, 0x00, 0x00, 0x00, 0x00, 0x00, 0x00, 0x00, 0x00, 0x00, 0x00, 0x00,
    0x00, 0x00, 0x00, 0x00, 0x00, 0x00, 0x00, 0x00, 0x00, 0x00, 0x00, 0x00, 0x00, 0x00, 0x00, 0x00,
    0x00, 0x00, 0x00, 0x00, 0x00, 0x00, 0x00, 0x00, 0x00, 0x00, 0x00, 0x00, 0x00, 0x00, 0x00, 0x00,
    0x00, 0x00, 0x00, 0x00, 0x00, 0x00, 0x00, 0x00, 0x00, 0x00, 0x00, 0x00, 0x00, 0x00, 0x00, 0x00,
    0x00, 0x00, 0x00, 0x00, 0x00, 0x00, 0x00, 0x00, 0x00, 0x00, 0x00, 0x00, 0x00, 0x00, 0x00, 0x00,
    0x00, 0x00, 0x00, 0x00, 0x00, 0x00, 0x00, 0x00, 0x00, 0x00, 0x00, 0x00, 0x00, 0x00, 0x00, 0x00,
    0x00, 0x00, 0x00, 0x00, 0x00, 0x00, 0x00, 0x00, 0x00, 0x00, 0x00, 0x00, 0x00, 0x00, 0x00, 0x00,
    0x00, 0x00, 0x00, 0x00, 0x00, 0x00, 0x00, 0x00, 0x00, 0x00, 0xC4, 0x08, 0xCB, 0x09, 0xED, 0x01,
    0x0E, 0x02, 0x0E, 0x02, 0x0E, 0x02, 0x0E, 0x02, 0x91, 0x0A, 0x55, 0x13, 0x75, 0x1B, 0x55, 0x1B,
    0x55, 0x1B, 0x55, 0x13, 0x55, 0x13, 0x55, 0x1B, 0xD6, 0x7C, 0x75, 0xAD, 0x55, 0xAD, 0x55, 0xAD,
    0x76, 0xAD, 0x35, 0x54, 0x55, 0x13, 0x55, 0x1B, 0x55, 0x1B, 0x55, 0x1B, 0x55, 0x1B, 0x55, 0x13,
    0x55, 0x13, 0x55, 0x13, 0x55, 0x13, 0x55, 0x13, 0x55, 0x13, 0x55, 0x13, 0x55, 0x5C, 0x76, 0xAD,
    0x14, 0xA5, 0xD3, 0x94, 0xAE, 0x32, 0xCB, 0x09, 0x6F, 0x63, 0x8E, 0x73, 0x4D, 0x6B, 0xCF, 0x7B,
    0x8F, 0x5B, 0xED, 0x09, 0xEE, 0x01, 0xEE, 0x01, 0x75, 0x74, 0xDF, 0xFF, 0x3C, 0xE7, 0xBA, 0xD6,
    0xBA, 0xD6, 0xBA, 0xD6, 0xBA, 0xDE, 0x19, 0xBE, 0x6F, 0x1A, 0xEE, 0x01, 0x0E, 0x02, 0x0E, 0x02,
    0x0E, 0x02, 0x0E, 0x02, 0x0E, 0x02, 0x0E, 0x02, 0x0E, 0x02, 0x0E, 0x02, 0x0E, 0x02, 0x0E, 0x02,
    0x0E, 0x02, 0x0E, 0x02, 0x0E, 0x02, 0x0E, 0x02, 0x0E, 0x02, 0x0E, 0x02, 0x0E, 0x02, 0x0E, 0x02,
    0x0E, 0x02, 0x0E, 0x02, 0x0E, 0x02, 0x0E, 0x02, 0x0E, 0x02, 0x0E, 0x02, 0x0E, 0x02, 0x0E, 0x02,
    0x0E, 0x02, 0x0E, 0x02, 0xED, 0x09, 0xD5, 0x84, 0x58, 0xCE, 0x38, 0xC6, 0x38, 0xC6, 0x56, 0x9D,
    0xED, 0x09, 0x10, 0x33, 0x9B, 0xCE, 0x5D, 0xEF, 0x3C, 0xE7, 0x9A, 0xD6, 0x59, 0xCE, 0x38, 0xCE,
    0x59, 0xC6, 0x77, 0x5C, 0x55, 0x13, 0x55, 0x13, 0x55, 0x13, 0x55, 0x1B, 0x55, 0x13, 0x55, 0x13,
    0x55, 0x13, 0x55, 0x13, 0x56, 0x54, 0xF8, 0xBD, 0x59, 0xCE, 0xDB, 0xDE, 0xFB, 0xDE, 0x1A, 0xAE,
    0x75, 0x23, 0x55, 0x1B, 0x75, 0x1B, 0x55, 0x1B, 0x55, 0x1B, 0x75, 0x1B, 0x55, 0x13, 0xB1, 0x0A,
    0x0E, 0x02, 0x0E, 0x02, 0x0E, 0x02, 0xED, 0x01, 0xED, 0x01, 0xEC, 0x11, 0x05, 0x11, 0x00, 0x00,
    0x00, 0x00, 0x00, 0x00, 0x00, 0x00, 0x00, 0x00, 0x00, 0x00, 0x00, 0x00, 0x00, 0x00, 0x00, 0x00,
    0x00, 0x00, 0x00, 0x00, 0x00, 0x00, 0x00, 0x00, 0x00, 0x00, 0x00, 0x00, 0x00, 0x00, 0x00, 0x00,
    0x00, 0x00, 0x00, 0x00, 0x00, 0x00, 0x00, 0x00, 0x00, 0x00, 0x00, 0x00, 0x00, 0x00, 0x00, 0x00,
    0x00, 0x00, 0x00, 0x00, 0x00, 0x00, 0x00, 0x00, 0x00, 0x00, 0x00, 0x00, 0x00, 0x00, 0x00, 0x00,
    0x00, 0x00, 0x00, 0x00, 0x00, 0x00, 0x00, 0x00, 0x00, 0x00, 0x00, 0x00, 0x00, 0x00, 0x00, 0x00,
    0x00, 0x00, 0x00, 0x00, 0x00, 0x00, 0x00, 0x00, 0x00, 0x00, 0x00, 0x00, 0x00, 0x00, 0x00, 0x00,
    0x00, 0x00, 0x00, 0x00, 0x00, 0x00, 0x00, 0x00, 0x00, 0x00, 0x00, 0x00, 0x00, 0x00, 0x00, 0x00,
    0x00, 0x00, 0x00, 0x00, 0x00, 0x00, 0x00, 0x00, 0x00, 0x00, 0x00, 0x00, 0x00, 0x00, 0x00, 0x00,
    0x00, 0x00, 0x00, 0x00, 0x00, 0x00, 0x00, 0x00, 0x00, 0x00, 0x00, 0x00, 0x00, 0x00, 0x00, 0x00,
    0x00, 0x00, 0x00, 0x00, 0x00, 0x00, 0x00, 0x00, 0x00, 0x00, 0x00, 0x00, 0x00, 0x00, 0x00, 0x00,
    0x00, 0x00, 0x00, 0x00, 0x00, 0x00, 0x00, 0x00, 0x00, 0x00, 0x00, 0x00, 0x00, 0x00, 0x00, 0x00,
    0x00, 0x00, 0x00, 0x00, 0x00, 0x00, 0x00, 0x00, 0x00, 0x00, 0x00, 0x00, 0x00, 0x00, 0x00, 0x00,
    0x00, 0x00, 0x00, 0x00, 0x00, 0x00, 0x00, 0x00, 0x00, 0x00, 0x00, 0x00, 0x00, 0x00, 0x00, 0x00,
    0x00, 0x00, 0x00, 0x00, 0x00, 0x00, 0x00, 0x00, 0x00, 0x00, 0x00, 0x00, 0x00, 0x00, 0x00, 0x00,
    0x00, 0x00, 0x00, 0x00, 0x00, 0x00, 0x00, 0x00, 0x00, 0x00, 0x00, 0x00, 0x00, 0x00, 0x00, 0x00,
    0x00, 0x00, 0x00, 0x00, 0x00, 0x00, 0x00, 0x00, 0x00, 0x00, 0x00, 0x00, 0x00, 0x00, 0x00, 0x00,
    0xE5, 0x10, 0xCC, 0x09, 0xED, 0x01, 0xED, 0x01, 0xED, 0x01, 0xED, 0x01, 0x0E, 0x02, 0xD2, 0x12,
    0x75, 0x1B, 0x75, 0x1B, 0x75, 0x1B, 0x55, 0x1B, 0x55, 0x13, 0x55, 0x13, 0x55, 0x13, 0x55, 0x13,
    0xD5, 0x43, 0x55, 0xA5, 0x75, 0xAD, 0x75, 0xAD, 0x75, 0xAD, 0x56, 0x9D, 0xB6, 0x2B, 0x55, 0x13,
    0x55, 0x1B, 0x55, 0x1B, 0x55, 0x1B, 0x55, 0x1B, 0x55, 0x13, 0x55, 0x13, 0x55, 0x13, 0x55, 0x1B,
    0x55, 0x13, 0x95, 0x33, 0xF4, 0x94, 0x34, 0xA5, 0xF3, 0x9C, 0x14, 0xA5, 0xF4, 0x94, 0x8E, 0x32,
    0x8F, 0x63, 0xCF, 0x7B, 0xAE, 0x73, 0x30, 0x84, 0xD1, 0x63, 0x0E, 0x0A, 0xEE, 0x01, 0xEE, 0x01,
    0x75, 0x74, 0xDF, 0xFF, 0x3C, 0xE7, 0xBA, 0xD6, 0xBA, 0xD6, 0xBA, 0xD6, 0xBA, 0xD6, 0x19, 0xBE,
    0x6F, 0x1A, 0xEE, 0x01, 0x0E, 0x02, 0x0E, 0x02, 0x0E, 0x02, 0x0E, 0x02, 0x0E, 0x02, 0x0E, 0x02,
    0x0E, 0x02, 0x0E, 0x02, 0x0E, 0x02, 0x0E, 0x02, 0x0E, 0x02, 0x0E, 0x02, 0x0E, 0x02, 0x0E, 0x02,
    0x0E, 0x02, 0x0E, 0x02, 0x0E, 0x02, 0x0E, 0x02, 0x0E, 0x02, 0x0E, 0x02, 0x0E, 0x02, 0x0E, 0x02,
    0x0E, 0x02, 0x0E, 0x02, 0x0E, 0x02, 0x0E, 0x02, 0x0E, 0x02, 0x0E, 0x02, 0xEE, 0x09, 0xD5, 0x84,
    0x59, 0xCE, 0x38, 0xC6, 0x38, 0xCE, 0x56, 0x9D, 0xF0, 0x32, 0x39, 0xBE, 0x5D, 0xEF, 0x5D, 0xE7,
    0x3C, 0xE7, 0x9A, 0xD6, 0x79, 0xCE, 0x79, 0xCE, 0x17, 0x7D, 0x75, 0x1B, 0x55, 0x1B, 0x55, 0x1B,
    0x55, 0x1B, 0x55, 0x1B, 0x55, 0x13, 0x55, 0x13, 0x55, 0x13, 0x75, 0x23, 0x56, 0x95, 0xD6, 0xBD,
    0x38, 0xC6, 0xFB, 0xDE, 0xFC, 0xDE, 0x77, 0x5C, 0x55, 0x13, 0x55, 0x1B, 0x55, 0x1B, 0x55, 0x1B,
    0x55, 0x1B, 0x55, 0x1B, 0x75, 0x1B, 0x55, 0x13, 0xB2, 0x0A, 0x0E, 0x02, 0xED, 0x01, 0xED, 0x01,
    0xED, 0x01, 0xED, 0x01, 0xEC, 0x09, 0x26, 0x11, 0x20, 0x00, 0x00, 0x00, 0x00, 0x00, 0x00, 0x00,
    0x00, 0x00, 0x00, 0x00, 0x00, 0x00, 0x00, 0x00, 0x00, 0x00, 0x00, 0x00, 0x00, 0x00, 0x00, 0x00,
    0x00, 0x00, 0x00, 0x00, 0x00, 0x00, 0x00, 0x00, 0x00, 0x00, 0x00, 0x00, 0x00, 0x00, 0x00, 0x00,
    0x00, 0x00, 0x00, 0x00, 0x00, 0x00, 0x00, 0x00, 0x00, 0x00, 0x00, 0x00, 0x00, 0x00, 0x00, 0x00,
    0x00, 0x00, 0x00, 0x00, 0x00, 0x00, 0x00, 0x00, 0x00, 0x00, 0x00, 0x00, 0x00, 0x00, 0x00, 0x00,
    0x00, 0x00, 0x00, 0x00, 0x00, 0x00, 0x00, 0x00, 0x00, 0x00, 0x00, 0x00, 0x00, 0x00, 0x00, 0x00,
    0x00, 0x00, 0x00, 0x00, 0x00, 0x00, 0x00, 0x00, 0x00, 0x00, 0x00, 0x00, 0x00, 0x00, 0x00, 0x00,
    0x00, 0x00, 0x00, 0x00, 0x00, 0x00, 0x00, 0x00, 0x00, 0x00, 0x00, 0x00, 0x00, 0x00, 0x00, 0x00,
    0x00, 0x00, 0x00, 0x00, 0x00, 0x00, 0x00, 0x00, 0x00, 0x00, 0x00, 0x00, 0x00, 0x00, 0x00, 0x00,
    0x00, 0x00, 0x00, 0x00, 0x00, 0x00, 0x00, 0x00, 0x00, 0x00, 0x00, 0x00, 0x00, 0x00, 0x00, 0x00,
    0x00, 0x00, 0x00, 0x00, 0x00, 0x00, 0x00, 0x00, 0x00, 0x00, 0x00, 0x00, 0x00, 0x00, 0x00, 0x00,
    0x00, 0x00, 0x00, 0x00, 0x00, 0x00, 0x00, 0x00, 0x00, 0x00, 0x00, 0x00, 0x00, 0x00, 0x00, 0x00,
    0x00, 0x00, 0x00, 0x00, 0x00, 0x00, 0x00, 0x00, 0x00, 0x00, 0x00, 0x00, 0x00, 0x00, 0x00, 0x00,
    0x00, 0x00, 0x00, 0x00, 0x00, 0x00, 0x00, 0x00, 0x00, 0x00, 0x00, 0x00, 0x00, 0x00, 0x00, 0x00,
    0x00, 0x00, 0x00, 0x00, 0x00, 0x00, 0x00, 0x00, 0x00, 0x00, 0x00, 0x00, 0x00, 0x00, 0x00, 0x00,
    0x00, 0x00, 0x00, 0x00, 0x00, 0x00, 0x00, 0x00, 0x00, 0x00, 0x00, 0x00, 0x00, 0x00, 0x00, 0x00,
    0x00, 0x00, 0x00, 0x00, 0x20, 0x00, 0x47, 0x11, 0x0D, 0x0A, 0xED, 0x01, 0xED, 0x01, 0xED, 0x01,
    0xED, 0x01, 0x0E, 0x02, 0xD2, 0x12, 0x55, 0x1B, 0x75, 0x1B, 0x55, 0x1B, 0x55, 0x1B, 0x55, 0x1B,
    0x55, 0x1B, 0x55, 0x1B, 0x55, 0x13, 0x55, 0x13, 0x55, 0x1B, 0xF6, 0x84, 0xD7, 0xBD, 0xD7, 0xBD,
    0xD7, 0xBD, 0x18, 0xBE, 0xD6, 0x74, 0x55, 0x1B, 0x55, 0x1B, 0x55, 0x1B, 0x55, 0x13, 0x55, 0x13,
    0x55, 0x13, 0x55, 0x13, 0x55, 0x13, 0x55, 0x13, 0x75, 0x1B, 0xD6, 0x84, 0xF3, 0x9C, 0x92, 0x94,
    0x92, 0x94, 0xD3, 0x9C, 0x34, 0xA5, 0x72, 0x84, 0x31, 0x7C, 0x71, 0x8C, 0x71, 0x8C, 0xF3, 0x9C,
    0x52, 0x74, 0x0E, 0x0A, 0xEE, 0x01, 0xCD, 0x01, 0x33, 0x64, 0x3C, 0xE7, 0x3C, 0xE7, 0x3C, 0xE7,
    0x3C, 0xE7, 0x3C, 0xE7, 0x3C, 0xE7, 0x5A, 0xC6, 0x6F, 0x1A, 0xEE, 0x01, 0x0E, 0x02, 0x0E, 0x02,
    0x0E, 0x02, 0x0E, 0x02, 0x0E, 0x02, 0x0E, 0x02, 0x0E, 0x02, 0x0E, 0x02, 0x0E, 0x02, 0x0E, 0x02,
    0x0E, 0x02, 0x0E, 0x02, 0x0E, 0x02, 0x0E, 0x02, 0x0E, 0x02, 0x0E, 0x02, 0x0E, 0x02, 0x0E, 0x02,
    0x0E, 0x02, 0x0E, 0x02, 0x0E, 0x02, 0x0E, 0x02, 0x0E, 0x02, 0x0E, 0x02, 0x0E, 0x02, 0x0E, 0x02,
    0x0E, 0x02, 0x0E, 0x02, 0x0E, 0x0A, 0x16, 0x8D, 0xDB, 0xDE, 0xBA, 0xD6, 0xBA, 0xD6, 0x18, 0xB6,
    0xB7, 0xAD, 0xDB, 0xDE, 0xBA, 0xD6, 0xDB, 0xD6, 0xDB, 0xDE, 0xDB, 0xDE, 0xFB, 0xDE, 0xD9, 0xA5,
    0xB6, 0x2B, 0x75, 0x1B, 0x55, 0x1B, 0x55, 0x1B, 0x55, 0x13, 0x55, 0x13, 0x55, 0x13, 0x55, 0x13,
    0x35, 0x13, 0x96, 0x6C, 0xF7, 0xBD, 0xD7, 0xBD, 0x38, 0xC6, 0x9A, 0xD6, 0xD9, 0xA5, 0x76, 0x23,
    0x55, 0x13, 0x55, 0x1B, 0x55, 0x1B, 0x55, 0x1B, 0x55, 0x13, 0x55, 0x1B, 0x55, 0x1B, 0x55, 0x1B,
    0x55, 0x13, 0xD2, 0x12, 0x0E, 0x0A, 0xED, 0x01, 0xED, 0x01, 0xEE, 0x01, 0x0E, 0x02, 0x0D, 0x0A,
    0x88, 0x19, 0x41, 0x08, 0x00, 0x00, 0x00, 0x00, 0x00, 0x00, 0x00, 0x00, 0x00, 0x00, 0x00, 0x00,
    0x00, 0x00, 0x00, 0x00, 0x00, 0x00, 0x00, 0x00, 0x00, 0x00, 0x00, 0x00, 0x00, 0x00, 0x00, 0x00,
    0x00, 0x00, 0x00, 0x00, 0x00, 0x00, 0x00, 0x00, 0x00, 0x00, 0x00, 0x00, 0x00, 0x00, 0x00, 0x00,
    0x00, 0x00, 0x00, 0x00, 0x00, 0x00, 0x00, 0x00, 0x00, 0x00, 0x00, 0x00, 0x00, 0x00, 0x00, 0x00,
    0x00, 0x00, 0x00, 0x00, 0x00, 0x00, 0x00, 0x00, 0x00, 0x00, 0x00, 0x00, 0x00, 0x00, 0x00, 0x00,
    0x00, 0x00, 0x00, 0x00, 0x00, 0x00, 0x00, 0x00, 0x00, 0x00, 0x00, 0x00, 0x00, 0x00, 0x00, 0x00,
    0x00, 0x00, 0x00, 0x00, 0x00, 0x00, 0x00, 0x00, 0x00, 0x00, 0x00, 0x00, 0x00, 0x00, 0x00, 0x00,
    0x00, 0x00, 0x00, 0x00, 0x00, 0x00, 0x00, 0x00, 0x00, 0x00, 0x00, 0x00, 0x00, 0x00, 0x00, 0x00,
    0x00, 0x00, 0x00, 0x00, 0x00, 0x00, 0x00, 0x00, 0x00, 0x00, 0x00, 0x00, 0x00, 0x00, 0x00, 0x00,
    0x00, 0x00, 0x00, 0x00, 0x00, 0x00, 0x00, 0x00, 0x00, 0x00, 0x00, 0x00, 0x00, 0x00, 0x00, 0x00,
    0x00, 0x00, 0x00, 0x00, 0x00, 0x00, 0x00, 0x00, 0x00, 0x00, 0x00, 0x00, 0x00, 0x00, 0x00, 0x00,
    0x00, 0x00, 0x00, 0x00, 0x00, 0x00, 0x00, 0x00, 0x00, 0x00, 0x00, 0x00, 0x00, 0x00, 0x00, 0x00,
    0x00, 0x00, 0x00, 0x00, 0x00, 0x00, 0x00, 0x00, 0x00, 0x00, 0x00, 0x00, 0x00, 0x00, 0x00, 0x00,
    0x00, 0x00, 0x00, 0x00, 0x00, 0x00, 0x00, 0x00, 0x00, 0x00, 0x00, 0x00, 0x00, 0x00, 0x00, 0x00,
    0x00, 0x00, 0x00, 0x00, 0x00, 0x00, 0x00, 0x00, 0x00, 0x00, 0x00, 0x00, 0x00, 0x00, 0x00, 0x00,
    0x00, 0x00, 0x00, 0x00, 0x00, 0x00, 0x00, 0x00, 0x00, 0x00, 0x21, 0x00, 0x68, 0x11, 0x0D, 0x0A,
    0x0E, 0x02, 0x0E, 0x02, 0x0E, 0x02, 0x0E, 0x02, 0x2F, 0x0A, 0xF3, 0x12, 0x75, 0x1B, 0x55, 0x1B,
    0x55, 0x1B, 0x55, 0x1B, 0x55, 0x1B, 0x55, 0x1B, 0x55, 0x13, 0x55, 0x1B, 0x55, 0x1B, 0x55, 0x1B,
    0x55, 0x13, 0xF6, 0x3B, 0x18, 0xBE, 0x58, 0xCE, 0x79, 0xCE, 0xF7, 0xBD, 0x56, 0xA5, 0xD5, 0x3B,
    0x55, 0x13, 0x55, 0x13, 0x55, 0x1B, 0x55, 0x1B, 0x55, 0x13, 0x55, 0x1B, 0x55, 0x1B, 0x55, 0x13,
    0x75, 0x23, 0x36, 0x95, 0xF3, 0x9C, 0xF0, 0x7B, 0xEF, 0x7B, 0x30, 0x84, 0x51, 0x84, 0x51, 0x8C,
    0xB2, 0x94, 0xD3, 0x9C, 0xD3, 0x9C, 0x55, 0xAD, 0x93, 0x7C, 0x0E, 0x0A, 0xEE, 0x01, 0xCD, 0x01,
    0xB2, 0x4B, 0x9A, 0xCE, 0x1C, 0xE7, 0xBE, 0xF7, 0xBE, 0xF7, 0xBE, 0xF7, 0xBF, 0xF7, 0x9B, 0xC6,
    0x6F, 0x1A, 0xEE, 0x01, 0x0E, 0x02, 0x0E, 0x02, 0x0E, 0x02, 0x0E, 0x02, 0x0E, 0x02, 0x0E, 0x02,
    0x0E, 0x02, 0x0E, 0x02, 0x0E, 0x02, 0x0E, 0x02, 0x0E, 0x02, 0x0E, 0x02, 0x0E, 0x02, 0x0E, 0x02,
    0x0E, 0x02, 0x0E, 0x02, 0x0E, 0x02, 0x0E, 0x02, 0x0E, 0x02, 0x0E, 0x02, 0x0E, 0x02, 0x0E, 0x02,
    0x0E, 0x02, 0x0E, 0x02, 0x0E, 0x02, 0x0E, 0x02, 0x0E, 0x02, 0x0E, 0x02, 0x0E, 0x0A, 0x77, 0x9D,
    0x5D, 0xEF, 0x3C, 0xE7, 0x3C, 0xE7, 0xFB, 0xDE, 0x38, 0xC6, 0x38, 0xC6, 0x38, 0xC6, 0x38, 0xC6,
    0x59, 0xCE, 0x3C, 0xE7, 0xBC, 0xCE, 0xF6, 0x3B, 0x55, 0x13, 0x55, 0x1B, 0x55, 0x1B, 0x55, 0x1B,
    0x55, 0x1B, 0x55, 0x13, 0x55, 0x13, 0x35, 0x13, 0xD5, 0x3B, 0xF8, 0xB5, 0x18, 0xC6, 0x38, 0xC6,
    0x18, 0xC6, 0xD7, 0xB5, 0x36, 0x4C, 0x55, 0x13, 0x55, 0x1B, 0x55, 0x13, 0x55, 0x13, 0x55, 0x1B,
    0x55, 0x1B, 0x55, 0x13, 0x55, 0x13, 0x55, 0x1B, 0x55, 0x1B, 0x55, 0x1B, 0xF3, 0x12, 0x4F, 0x0A,
    0x0E, 0x02, 0x0E, 0x02, 0x0E, 0x02, 0x0E, 0x02, 0x0D, 0x0A, 0xCA, 0x19, 0x62, 0x08, 0x00, 0x00,
    0x00, 0x00, 0x00, 0x00, 0x00, 0x00, 0x00, 0x00, 0x00, 0x00, 0x00, 0x00, 0x00, 0x00, 0x00, 0x00,
    0x00, 0x00, 0x00, 0x00, 0x00, 0x00, 0x00, 0x00, 0x00, 0x00, 0x00, 0x00, 0x00, 0x00, 0x00, 0x00,
    0x00, 0x00, 0x00, 0x00, 0x00, 0x00, 0x00, 0x00, 0x00, 0x00, 0x00, 0x00, 0x00, 0x00, 0x00, 0x00,
    0x00, 0x00, 0x00, 0x00, 0x00, 0x00, 0x00, 0x00, 0x00, 0x00, 0x00, 0x00, 0x00, 0x00, 0x00, 0x00,
    0x00, 0x00, 0x00, 0x00, 0x00, 0x00, 0x00, 0x00, 0x00, 0x00, 0x00, 0x00, 0x00, 0x00, 0x00, 0x00,
    0x00, 0x00, 0x00, 0x00, 0x00, 0x00, 0x00, 0x00, 0x00, 0x00, 0x00, 0x00, 0x00, 0x00, 0x00, 0x00,
    0x00, 0x00, 0x00, 0x00, 0x00, 0x00, 0x00, 0x00, 0x00, 0x00, 0x00, 0x00, 0x00, 0x00, 0x00, 0x00,
    0x00, 0x00, 0x00, 0x00, 0x00, 0x00, 0x00, 0x00, 0x00, 0x00, 0x00, 0x00, 0x00, 0x00, 0x00, 0x00,
    0x00, 0x00, 0x00, 0x00, 0x00, 0x00, 0x00, 0x00, 0x00, 0x00, 0x00, 0x00, 0x00, 0x00, 0x00, 0x00,
    0x00, 0x00, 0x00, 0x00, 0x00, 0x00, 0x00, 0x00, 0x00, 0x00, 0x00, 0x00, 0x00, 0x00, 0x00, 0x00,
    0x00, 0x00, 0x00, 0x00, 0x00, 0x00, 0x00, 0x00, 0x00, 0x00, 0x00, 0x00, 0x00, 0x00, 0x00, 0x00,
    0x00, 0x00, 0x00, 0x00, 0x00, 0x00, 0x00, 0x00, 0x00, 0x00, 0x00, 0x00, 0x00, 0x00, 0x00, 0x00,
    0x00, 0x00, 0x00, 0x00, 0x00, 0x00, 0x00, 0x00, 0x00, 0x00, 0x00, 0x00, 0x00, 0x00, 0x00, 0x00,
    0x00, 0x00, 0x00, 0x00, 0x00, 0x00, 0x00, 0x00, 0x00, 0x00, 0x00, 0x00, 0x00, 0x00, 0x00, 0x00,
    0x00, 0x00, 0x00, 0x00, 0x00, 0x00, 0x00, 0x00, 0x00, 0x00, 0x00, 0x00, 0x00, 0x00, 0x00, 0x00,
    0x00, 0x00, 0xE4, 0x10, 0x0D, 0x0A, 0xED, 0x01, 0x0E, 0x02, 0x0E, 0x02, 0x0E, 0x02, 0x70, 0x0A,
    0x34, 0x13, 0x75, 0x1B, 0x55, 0x1B, 0x55, 0x1B, 0x55, 0x1B, 0x55, 0x1B, 0x55, 0x1B, 0x55, 0x1B,
    0x55, 0x13, 0x55, 0x1B, 0x55, 0x1B, 0x55, 0x1B, 0x55, 0x1B, 0x55, 0x1B, 0xF7, 0x7C, 0x59, 0xCE,
    0x38, 0xC6, 0xB6, 0xB5, 0x14, 0xA5, 0xD5, 0x84, 0x75, 0x23, 0x55, 0x13, 0x55, 0x1B, 0x55, 0x1B,
    0x55, 0x1B, 0x55, 0x1B, 0x55, 0x13, 0x55, 0x13, 0x35, 0x13, 0xB4, 0x3B, 0xB3, 0x8C, 0xCF, 0x7B,
    0xAE, 0x73, 0xAE, 0x73, 0xAE, 0x73, 0xCF, 0x7B, 0x51, 0x8C, 0x92, 0x94, 0xD3, 0x9C, 0x34, 0xA5,
    0x93, 0x84, 0x0D, 0x0A, 0xEE, 0x01, 0xEE, 0x01, 0x4F, 0x12, 0x71, 0x43, 0x92, 0x4B, 0xB2, 0x53,
    0xB3, 0x53, 0xD3, 0x53, 0xD3, 0x53, 0x92, 0x43, 0x0E, 0x0A, 0x0E, 0x02, 0x0E, 0x02, 0x0E, 0x02,
    0x0E, 0x02, 0x0E, 0x02, 0x0E, 0x02, 0x0E, 0x02, 0x0E, 0x02, 0x0E, 0x02, 0x0E, 0x02, 0x0E, 0x02,
    0x0E, 0x02, 0x0E, 0x02, 0x0E, 0x02, 0x0E, 0x02, 0x0E, 0x02, 0x0E, 0x02, 0x0E, 0x02, 0x0E, 0x02,
    0x0E, 0x02, 0x0E, 0x02, 0x0E, 0x02, 0x0E, 0x02, 0x0E, 0x02, 0x0E, 0x02, 0x0E, 0x02, 0x0E, 0x02,
    0x0E, 0x02, 0x0E, 0x02, 0x0E, 0x0A, 0x97, 0x9D, 0x3C, 0xE7, 0x1C, 0xE7, 0xFB, 0xDE, 0xFB, 0xDE,
    0x59, 0xC6, 0x38, 0xC6, 0x38, 0xC6, 0x38, 0xC6, 0x79, 0xCE, 0xBB, 0xCE, 0x36, 0x4C, 0x35, 0x13,
    0x55, 0x1B, 0x55, 0x1B, 0x55, 0x1B, 0x55, 0x1B, 0x55, 0x1B, 0x55, 0x1B, 0x55, 0x13, 0x75, 0x23,
    0x98, 0x9D, 0x18, 0xC6, 0xD7, 0xBD, 0xD7, 0xBD, 0xF7, 0xBD, 0xF7, 0x7C, 0x55, 0x1B, 0x55, 0x1B,
    0x55, 0x1B, 0x55, 0x1B, 0x55, 0x1B, 0x55, 0x1B, 0x55, 0x1B, 0x55, 0x1B, 0x55, 0x13, 0x55, 0x13,
    0x55, 0x1B, 0x55, 0x1B, 0x75, 0x1B, 0x34, 0x13, 0x70, 0x0A, 0x0E, 0x02, 0x0E, 0x02, 0xED, 0x01,
    0xED, 0x01, 0x0D, 0x0A, 0x05, 0x11, 0x00, 0x00, 0x00, 0x00, 0x00, 0x00, 0x00, 0x00, 0x00, 0x00,
    0x00, 0x00, 0x00, 0x00, 0x00, 0x00, 0x00, 0x00, 0x00, 0x00, 0x00, 0x00, 0x00, 0x00, 0x00, 0x00,
    0x00, 0x00, 0x00, 0x00, 0x00, 0x00, 0x00, 0x00, 0x00, 0x00, 0x00, 0x00, 0x00, 0x00, 0x00, 0x00,
    0x00, 0x00, 0x00, 0x00, 0x00, 0x00, 0x00, 0x00, 0x00, 0x00, 0x00, 0x00, 0x00, 0x00, 0x00, 0x00,
    0x00, 0x00, 0x00, 0x00, 0x00, 0x00, 0x00, 0x00, 0x00, 0x00, 0x00, 0x00, 0x00, 0x00, 0x00, 0x00,
    0x00, 0x00, 0x00, 0x00, 0x00, 0x00, 0x00, 0x00, 0x00, 0x00, 0x00, 0x00, 0x00, 0x00, 0x00, 0x00,
    0x00, 0x00, 0x00, 0x00, 0x00, 0x00, 0x00, 0x00, 0x00, 0x00, 0x00, 0x00, 0x00, 0x00, 0x00, 0x00,
    0x00, 0x00, 0x00, 0x00, 0x00, 0x00, 0x00, 0x00, 0x00, 0x00, 0x00, 0x00, 0x00, 0x00, 0x00, 0x00,
    0x00, 0x00, 0x00, 0x00, 0x00, 0x00, 0x00, 0x00, 0x00, 0x00, 0x00, 0x00, 0x00, 0x00, 0x00, 0x00,
    0x00, 0x00, 0x00, 0x00, 0x00, 0x00, 0x00, 0x00, 0x00, 0x00, 0x00, 0x00, 0x00, 0x00, 0x00, 0x00,
    0x00, 0x00, 0x00, 0x00, 0x00, 0x00, 0x00, 0x00, 0x00, 0x00, 0x00, 0x00, 0x00, 0x00, 0x00, 0x00,
    0x00, 0x00, 0x00, 0x00, 0x00, 0x00, 0x00, 0x00, 0x00, 0x00, 0x00, 0x00, 0x00, 0x00, 0x00, 0x00,
    0x00, 0x00, 0x00, 0x00, 0x00, 0x00, 0x00, 0x00, 0x00, 0x00, 0x00, 0x00, 0x00, 0x00, 0x00, 0x00,
    0x00, 0x00, 0x00, 0x00, 0x00, 0x00, 0x00, 0x00, 0x00, 0x00, 0x00, 0x00, 0x00, 0x00, 0x00, 0x00,
    0x00, 0x00, 0x00, 0x00, 0x00, 0x00, 0x00, 0x00, 0x00, 0x00, 0x00, 0x00, 0x00, 0x00, 0x00, 0x00,
    0x00, 0x00, 0x00, 0x00, 0x00, 0x00, 0x00, 0x00, 0x00, 0x00, 0x82, 0x08, 0xCC, 0x11, 0xED, 0x01,
    0x0E, 0x02, 0x0E, 0x02, 0x0E, 0x02, 0xD2, 0x12, 0x75, 0x1B, 0x55, 0x1B, 0x55, 0x1B, 0x55, 0x1B,
    0x55, 0x1B, 0x55, 0x1B, 0x55, 0x1B, 0x55, 0x1B, 0x55, 0x1B, 0x55, 0x1B, 0x55, 0x1B, 0x55, 0x1B,
    0x55, 0x1B, 0x55, 0x13, 0x95, 0x2B, 0xB7, 0xA5, 0xD7, 0xBD, 0x55, 0xAD, 0x92, 0x94, 0x92, 0x94,
    0x55, 0x64, 0x75, 0x1B, 0x75, 0x1B, 0x55, 0x1B, 0x55, 0x1B, 0x55, 0x1B, 0x55, 0x13, 0x55, 0x13,
    0x35, 0x13, 0x34, 0x13, 0xB3, 0x43, 0xF0, 0x73, 0x6D, 0x6B, 0x6D, 0x6B, 0x8E, 0x6B, 0xAE, 0x73,
    0x10, 0x84, 0x71, 0x8C, 0xB2, 0x94, 0xF3, 0x9C, 0xD4, 0x94, 0x6E, 0x1A, 0xEE, 0x01, 0x0E, 0x02,
    0xED, 0x01, 0xCD, 0x01, 0xCD, 0x01, 0xCD, 0x01, 0xED, 0x01, 0xEE, 0x01, 0xEE, 0x01, 0xEE, 0x01,
    0x0E, 0x02, 0x0E, 0x02, 0x0E, 0x02, 0x0E, 0x02, 0x0E, 0x02, 0x0E, 0x02, 0x0E, 0x02, 0x0E, 0x02,
    0x0E, 0x02, 0x0E, 0x02, 0x0E, 0x02, 0x0E, 0x02, 0x0E, 0x02, 0x0E, 0x02, 0x0E, 0x02, 0x0E, 0x02,
    0x0E, 0x02, 0x0E, 0x02, 0x0E, 0x02, 0x0E, 0x02, 0x0E, 0x02, 0x0E, 0x02, 0x0E, 0x02, 0x0E, 0x02,
    0x0E, 0x02, 0x0E, 0x02, 0x0E, 0x02, 0x0E, 0x02, 0x0E, 0x02, 0xED, 0x01, 0x6F, 0x1A, 0x39, 0xBE,
    0x1C, 0xE7, 0xFB, 0xDE, 0xFB, 0xDE, 0xDB, 0xDE, 0x38, 0xC6, 0x38, 0xC6, 0x38, 0xC6, 0x59, 0xCE,
    0x39, 0xBE, 0x77, 0x54, 0x35, 0x13, 0x55, 0x13, 0x55, 0x13, 0x55, 0x13, 0x55, 0x1B, 0x55, 0x1B,
    0x55, 0x1B, 0x55, 0x1B, 0x75, 0x1B, 0xD7, 0x74, 0x59, 0xC6, 0xD7, 0xBD, 0xB6, 0xB5, 0xB6, 0xB5,
    0xB7, 0xA5, 0x95, 0x2B, 0x55, 0x13, 0x55, 0x1B, 0x55, 0x1B, 0x55, 0x1B, 0x55, 0x1B, 0x55, 0x1B,
    0x55, 0x1B, 0x55, 0x1B, 0x55, 0x13, 0x55, 0x1B, 0x55, 0x1B, 0x55, 0x1B, 0x55, 0x13, 0x75, 0x1B,
    0xD2, 0x12, 0x0E, 0x02, 0x0E, 0x02, 0xED, 0x01, 0xED, 0x01, 0xEC, 0x11, 0x82, 0x08, 0x00, 0x00,
    0x00, 0x00, 0x00, 0x00, 0x00, 0x00, 0x00, 0x00, 0x00, 0x00, 0x00, 0x00, 0x00, 0x00, 0x00, 0x00,
    0x00, 0x00, 0x00, 0x00, 0x00, 0x00, 0x00, 0x00, 0x00, 0x00, 0x00, 0x00, 0x00, 0x00, 0x00, 0x00,
    0x00, 0x00, 0x00, 0x00, 0x00, 0x00, 0x00, 0x00, 0x00, 0x00, 0x00, 0x00, 0x00, 0x00, 0x00, 0x00,
    0x00, 0x00, 0x00, 0x00, 0x00, 0x00, 0x00, 0x00, 0x00, 0x00, 0x00, 0x00, 0x00, 0x00, 0x00, 0x00,
    0x00, 0x00, 0x00, 0x00, 0x00, 0x00, 0x00, 0x00, 0x00, 0x00, 0x00, 0x00, 0x00, 0x00, 0x00, 0x00,
    0x00, 0x00, 0x00, 0x00, 0x00, 0x00, 0x00, 0x00, 0x00, 0x00, 0x00, 0x00, 0x00, 0x00, 0x00, 0x00,
    0x00, 0x00, 0x00, 0x00, 0x00, 0x00, 0x00, 0x00, 0x00, 0x00, 0x00, 0x00, 0x00, 0x00, 0x00, 0x00,
    0x00, 0x00, 0x00, 0x00, 0x00, 0x00, 0x00, 0x00, 0x00, 0x00, 0x00, 0x00, 0x00, 0x00, 0x00, 0x00,
    0x00, 0x00, 0x00, 0x00, 0x00, 0x00, 0x00, 0x00, 0x00, 0x00, 0x00, 0x00, 0x00, 0x00, 0x00, 0x00,
    0x00, 0x00, 0x00, 0x00, 0x00, 0x00, 0x00, 0x00, 0x00, 0x00, 0x00, 0x00, 0x00, 0x00, 0x00, 0x00,
    0x00, 0x00, 0x00, 0x00, 0x00, 0x00, 0x00, 0x00, 0x00, 0x00, 0x00, 0x00, 0x00, 0x00, 0x00, 0x00,
    0x00, 0x00, 0x00, 0x00, 0x00, 0x00, 0x00, 0x00, 0x00, 0x00, 0x00, 0x00, 0x00, 0x00, 0x00, 0x00,
    0x00, 0x00, 0x00, 0x00, 0x00, 0x00, 0x00, 0x00, 0x00, 0x00, 0x00, 0x00, 0x00, 0x00, 0x00, 0x00,
    0x00, 0x00, 0x00, 0x00, 0x00, 0x00, 0x00, 0x00, 0x00, 0x00, 0x00, 0x00, 0x00, 0x00, 0x00, 0x00,
    0x00, 0x00, 0x00, 0x00, 0x00, 0x00, 0x00, 0x00, 0x00, 0x00, 0x00, 0x00, 0x00, 0x00, 0x00, 0x00,
    0x00, 0x00, 0x00, 0x00, 0x67, 0x11, 0x0E, 0x0A, 0x0E, 0x02, 0x0E, 0x02, 0xEE, 0x01, 0x4F, 0x0A,
    0x34, 0x13, 0x55, 0x1B, 0x55, 0x1B, 0x55, 0x1B, 0x55, 0x1B, 0x55, 0x1B, 0x55, 0x1B, 0x55, 0x1B,
    0x55, 0x1B, 0x55, 0x1B, 0x55, 0x1B, 0x55, 0x1B, 0x55, 0x1B, 0x55, 0x1B, 0x35, 0x13, 0x56, 0x54,
    0xB7, 0xB5, 0xF3, 0x9C, 0x71, 0x8C, 0x71, 0x8C, 0xD3, 0x94, 0xF5, 0x43, 0x55, 0x1B, 0x55, 0x1B,
    0x55, 0x1B, 0x55, 0x1B, 0x55, 0x1B, 0x55, 0x1B, 0x55, 0x1B, 0x55, 0x1B, 0x13, 0x5C, 0xF0, 0x7B,
    0xAE, 0x73, 0xCF, 0x7B, 0xEF, 0x7B, 0xF0, 0x7B, 0x71, 0x8C, 0xB2, 0x94, 0xF3, 0x9C, 0xF3, 0x9C,
    0x35, 0xA5, 0xB1, 0x5B, 0xED, 0x01, 0xED, 0x01, 0xED, 0x01, 0xED, 0x01, 0xEE, 0x01, 0x0E, 0x02,
    0xEE, 0x01, 0xED, 0x01, 0xEE, 0x01, 0x0E, 0x02, 0x0E, 0x02, 0x0E, 0x02, 0x0E, 0x02, 0x0E, 0x02,
    0x0E, 0x02, 0x0E, 0x02, 0x0E, 0x02, 0x0E, 0x02, 0x0E, 0x02, 0xEE, 0x01, 0x0E, 0x02, 0x0E, 0x02,
    0x0E, 0x02, 0x0E, 0x02, 0x0E, 0x02, 0x0E, 0x02, 0x0E, 0x02, 0x0E, 0x02, 0x0E, 0x02, 0x0E, 0x02,
    0x0E, 0x02, 0x0E, 0x02, 0x0E, 0x02, 0x0E, 0x02, 0x0E, 0x02, 0x0E, 0x02, 0x0E, 0x02, 0xEE, 0x01,
    0xED, 0x01, 0xCD, 0x01, 0x13, 0x64, 0xFB, 0xDE, 0xDB, 0xDE, 0xFB, 0xDE, 0xFB, 0xDE, 0xFB, 0xDE,
    0x38, 0xC6, 0x38, 0xC6, 0x59, 0xCE, 0x39, 0xBE, 0x77, 0x54, 0x55, 0x1B, 0x55, 0x1B, 0x55, 0x1B,
    0x55, 0x13, 0x55, 0x13, 0x55, 0x13, 0x55, 0x13, 0x55, 0x13, 0x55, 0x13, 0x36, 0x4C, 0xF8, 0xB5,
    0x18, 0xC6, 0xF7, 0xBD, 0xB6, 0xB5, 0xF7, 0xBD, 0x76, 0x5C, 0x35, 0x13, 0x55, 0x13, 0x55, 0x1B,
    0x55, 0x1B, 0x55, 0x1B, 0x55, 0x1B, 0x55, 0x1B, 0x55, 0x1B, 0x55, 0x1B, 0x55, 0x13, 0x55, 0x13,
    0x55, 0x1B, 0x55, 0x13, 0x55, 0x13, 0x34, 0x13, 0x4F, 0x0A, 0xEE, 0x01, 0x0E, 0x02, 0x0E, 0x02,
    0x0E, 0x02, 0x68, 0x11, 0x00, 0x00, 0x00, 0x00, 0x00, 0x00, 0x00, 0x00, 0x00, 0x00, 0x00, 0x00,
    0x00, 0x00, 0x00, 0x00, 0x00, 0x00, 0x00, 0x00, 0x00, 0x00, 0x00, 0x00, 0x00, 0x00, 0x00, 0x00,
    0x00, 0x00, 0x00, 0x00, 0x00, 0x00, 0x00, 0x00, 0x00, 0x00, 0x00, 0x00, 0x00, 0x00, 0x00, 0x00,
    0x00, 0x00, 0x00, 0x00, 0x00, 0x00, 0x00, 0x00, 0x00, 0x00, 0x00, 0x00, 0x00, 0x00, 0x00, 0x00,
    0x00, 0x00, 0x00, 0x00, 0x00, 0x00, 0x00, 0x00, 0x00, 0x00, 0x00, 0x00, 0x00, 0x00, 0x00, 0x00,
    0x00, 0x00, 0x00, 0x00, 0x00, 0x00, 0x00, 0x00, 0x00, 0x00, 0x00, 0x00, 0x00, 0x00, 0x00, 0x00,
    0x00, 0x00, 0x00, 0x00, 0x00, 0x00, 0x00, 0x00, 0x00, 0x00, 0x00, 0x00, 0x00, 0x00, 0x00, 0x00,
    0x00, 0x00, 0x00, 0x00, 0x00, 0x00, 0x00, 0x00, 0x00, 0x00, 0x00, 0x00, 0x00, 0x00, 0x00, 0x00,
    0x00, 0x00, 0x00, 0x00, 0x00, 0x00, 0x00, 0x00, 0x00, 0x00, 0x00, 0x00, 0x00, 0x00, 0x00, 0x00,
    0x00, 0x00, 0x00, 0x00, 0x00, 0x00, 0x00, 0x00, 0x00, 0x00, 0x00, 0x00, 0x00, 0x00, 0x00, 0x00,
    0x00, 0x00, 0x00, 0x00, 0x00, 0x00, 0x00, 0x00, 0x00, 0x00, 0x00, 0x00, 0x00, 0x00, 0x00, 0x00,
    0x00, 0x00, 0x00, 0x00, 0x00, 0x00, 0x00, 0x00, 0x00, 0x00, 0x00, 0x00, 0x00, 0x00, 0x00, 0x00,
    0x00, 0x00, 0x00, 0x00, 0x00, 0x00, 0x00, 0x00, 0x00, 0x00, 0x00, 0x00, 0x00, 0x00, 0x00, 0x00,
    0x00, 0x00, 0x00, 0x00, 0x00, 0x00, 0x00, 0x00, 0x00, 0x00, 0x00, 0x00, 0x00, 0x00, 0x00, 0x00,
    0x00, 0x00, 0x00, 0x00, 0x00, 0x00, 0x00, 0x00, 0x00, 0x00, 0x00, 0x00, 0x00, 0x00, 0x00, 0x00,
    0x00, 0x00, 0x00, 0x00, 0x00, 0x00, 0x00, 0x00, 0x00, 0x00, 0x00, 0x00, 0xA3, 0x08, 0x0D, 0x12,
    0x0E, 0x02, 0xEE, 0x01, 0xED, 0x01, 0xED, 0x01, 0xD2, 0x12, 0x55, 0x1B, 0x55, 0x1B, 0x55, 0x1B,
    0x55, 0x1B, 0x55, 0x1B, 0x55, 0x1B, 0x55, 0x1B, 0x55, 0x1B, 0x55, 0x1B, 0x55, 0x1B, 0x55, 0x1B,
    0x55, 0x1B, 0x55, 0x1B, 0x55, 0x1B, 0x75, 0x1B, 0xD6, 0x7C, 0x14, 0x9D, 0x71, 0x8C, 0x92, 0x94,
    0x92, 0x94, 0x93, 0x84, 0x74, 0x2B, 0x55, 0x13, 0x55, 0x1B, 0x35, 0x1B, 0x55, 0x1B, 0x55, 0x1B,
    0x54, 0x1B, 0xF3, 0x53, 0x51, 0x8C, 0xCF, 0x7B, 0xEF, 0x7B, 0x30, 0x84, 0x51, 0x8C, 0x51, 0x8C,
    0xB2, 0x94, 0xF3, 0x9C, 0xF3, 0x9C, 0xB3, 0x94, 0xB2, 0x94, 0x72, 0x84, 0xEF, 0x3A, 0xED, 0x09,
    0xED, 0x01, 0x0E, 0x02, 0x0E, 0x02, 0xED, 0x09, 0x0E, 0x0A, 0x0E, 0x0A, 0x0E, 0x0A, 0x0E, 0x0A,
    0x2E, 0x0A, 0x2E, 0x0A, 0x2E, 0x0A, 0x2E, 0x0A, 0x2E, 0x0A, 0x2E, 0x0A, 0x2E, 0x0A, 0x0E, 0x0A,
    0x0E, 0x0A, 0x0E, 0x0A, 0x0D, 0x0A, 0x0E, 0x0A, 0x0E, 0x0A, 0x0E, 0x0A, 0x0E, 0x0A, 0x0E, 0x0A,
    0x2E, 0x0A, 0x2E, 0x0A, 0x2E, 0x0A, 0x2E, 0x0A, 0x2E, 0x0A, 0x0E, 0x0A, 0x0E, 0x0A, 0x0E, 0x0A,
    0xED, 0x09, 0x0E, 0x02, 0x0E, 0x02, 0xED, 0x01, 0x0D, 0x0A, 0x92, 0x4B, 0x18, 0xBE, 0x9A, 0xD6,
    0x9A, 0xD6, 0x9A, 0xD6, 0xBA, 0xD6, 0xBA, 0xD6, 0x79, 0xCE, 0x79, 0xCE, 0x39, 0xBE, 0x57, 0x54,
    0x75, 0x1B, 0x55, 0x1B, 0x55, 0x1B, 0x55, 0x1B, 0x55, 0x13, 0x55, 0x13, 0x55, 0x13, 0x55, 0x13,
    0x35, 0x13, 0xD5, 0x33, 0x97, 0x9D, 0xB6, 0xB5, 0xD7, 0xBD, 0xD7, 0xBD, 0xF7, 0xBD, 0x37, 0x8D,
    0x75, 0x1B, 0x55, 0x13, 0x55, 0x1B, 0x55, 0x1B, 0x55, 0x13, 0x55, 0x13, 0x55, 0x13, 0x55, 0x1B,
    0x55, 0x1B, 0x55, 0x13, 0x55, 0x13, 0x55, 0x13, 0x55, 0x1B, 0x55, 0x13, 0x55, 0x13, 0xD2, 0x12,
    0xED, 0x01, 0xED, 0x01, 0x0E, 0x02, 0x0E, 0x02, 0x0D, 0x0A, 0xA3, 0x08, 0x00, 0x00, 0x00, 0x00,
    0x00, 0x00, 0x00, 0x00, 0x00, 0x00, 0x00, 0x00, 0x00, 0x00, 0x00, 0x00, 0x00, 0x00, 0x00, 0x00,
    0x00, 0x00, 0x00, 0x00, 0x00, 0x00, 0x00, 0x00, 0x00, 0x00, 0x00, 0x00, 0x00, 0x00, 0x00, 0x00,
    0x00, 0x00, 0x00, 0x00, 0x00, 0x00, 0x00, 0x00, 0x00, 0x00, 0x00, 0x00, 0x00, 0x00, 0x00, 0x00,
    0x00, 0x00, 0x00, 0x00, 0x00, 0x00, 0x00, 0x00, 0x00, 0x00, 0x00, 0x00, 0x00, 0x00, 0x00, 0x00,
    0x00, 0x00, 0x00, 0x00, 0x00, 0x00, 0x00, 0x00, 0x00, 0x00, 0x00, 0x00, 0x00, 0x00, 0x00, 0x00,
    0x00, 0x00, 0x00, 0x00, 0x00, 0x00, 0x00, 0x00, 0x00, 0x00, 0x00, 0x00, 0x00, 0x00, 0x00, 0x00,
    0x00, 0x00, 0x00, 0x00, 0x00, 0x00, 0x00, 0x00, 0x00, 0x00, 0x00, 0x00, 0x00, 0x00, 0x00, 0x00,
    0x00, 0x00, 0x00, 0x00, 0x00, 0x00, 0x00, 0x00, 0x00, 0x00, 0x00, 0x00, 0x00, 0x00, 0x00, 0x00,
    0x00, 0x00, 0x00, 0x00, 0x00, 0x00, 0x00, 0x00, 0x00, 0x00, 0x00, 0x00, 0x00, 0x00, 0x00, 0x00,
    0x00, 0x00, 0x00, 0x00, 0x00, 0x00, 0x00, 0x00, 0x00, 0x00, 0x00, 0x00, 0x00, 0x00, 0x00, 0x00,
    0x00, 0x00, 0x00, 0x00, 0x00, 0x00, 0x00, 0x00, 0x00, 0x00, 0x00, 0x00, 0x00, 0x00, 0x00, 0x00,
    0x00, 0x00, 0x00, 0x00, 0x00, 0x00, 0x00, 0x00, 0x00, 0x00, 0x00, 0x00, 0x00, 0x00, 0x00, 0x00,
    0x00, 0x00, 0x00, 0x00, 0x00, 0x00, 0x00, 0x00, 0x00, 0x00, 0x00, 0x00, 0x00, 0x00, 0x00, 0x00,
    0x00, 0x00, 0x00, 0x00, 0x00, 0x00, 0x00, 0x00, 0x00, 0x00, 0x00, 0x00, 0x00, 0x00, 0x00, 0x00,
    0x00, 0x00, 0x00, 0x00, 0x00, 0x00, 0x00, 0x00, 0x00, 0x00, 0x00, 0x00, 0x00, 0x00, 0x00, 0x00,
    0x00, 0x00, 0x00, 0x00, 0x20, 0x00, 0x89, 0x11, 0xED, 0x01, 0xED, 0x01, 0xED, 0x01, 0xED, 0x01,
    0x2F, 0x0A, 0x34, 0x13, 0x55, 0x1B, 0x55, 0x1B, 0x55, 0x1B, 0x55, 0x1B, 0x55, 0x1B, 0x55, 0x1B,
    0x55, 0x13, 0x55, 0x1B, 0x55, 0x1B, 0x55, 0x1B, 0x55, 0x1B, 0x55, 0x1B, 0x55, 0x1B, 0x55, 0x13,
    0xB5, 0x2B, 0x94, 0x7C, 0x71, 0x8C, 0x51, 0x8C, 0x51, 0x8C, 0x10, 0x84, 0x12, 0x6C, 0x54, 0x23,
    0x55, 0x13, 0x55, 0x1B, 0x55, 0x1B, 0x54, 0x1B, 0x91, 0x4B, 0x6D, 0x6B, 0x4D, 0x6B, 0xAE, 0x73,
    0x10, 0x84, 0x51, 0x8C, 0xB2, 0x94, 0xD3, 0x9C, 0x71, 0x8C, 0x51, 0x8C, 0x30, 0x84, 0xCF, 0x7B,
    0x8E, 0x73, 0x8E, 0x73, 0x10, 0x7C, 0xB1, 0x5B, 0x0E, 0x0A, 0xEE, 0x01, 0xED, 0x01, 0x6F, 0x1A,
    0x98, 0x9D, 0x3A, 0xBE, 0x39, 0xB6, 0xD8, 0xAD, 0x57, 0x9D, 0x57, 0x9D, 0x76, 0x9D, 0x76, 0x9D,
    0x77, 0xA5, 0xF9, 0xB5, 0x19, 0xB6, 0x19, 0xB6, 0x19, 0xB6, 0xF9, 0xB5, 0x77, 0x9D, 0x76, 0x9D,
    0x56, 0x9D, 0x36, 0x9D, 0x56, 0x9D, 0xD8, 0xAD, 0x19, 0xB6, 0x19, 0xB6, 0x19, 0xB6, 0x19, 0xB6,
    0xD8, 0xAD, 0x77, 0x9D, 0x77, 0x9D, 0xF6, 0x8C, 0x6E, 0x1A, 0xED, 0x01, 0xED, 0x01, 0x2E, 0x12,
    0xD5, 0x7C, 0xBB, 0xD6, 0x9A, 0xD6, 0xD7, 0xBD, 0xD7, 0xBD, 0xD7, 0xBD, 0xD7, 0xBD, 0x38, 0xC6,
    0x3C, 0xE7, 0x9B, 0xC6, 0x36, 0x4C, 0x55, 0x13, 0x55, 0x1B, 0x55, 0x1B, 0x55, 0x1B, 0x55, 0x1B,
    0x55, 0x1B, 0x55, 0x13, 0x55, 0x13, 0x55, 0x13, 0x95, 0x23, 0x98, 0x9D, 0x18, 0xC6, 0x75, 0xAD,
    0x34, 0xA5, 0x55, 0xAD, 0x56, 0x95, 0xD6, 0x33, 0x55, 0x13, 0x55, 0x1B, 0x55, 0x1B, 0x55, 0x1B,
    0x55, 0x13, 0x55, 0x13, 0x55, 0x13, 0x55, 0x1B, 0x55, 0x1B, 0x55, 0x13, 0x55, 0x13, 0x55, 0x13,
    0x55, 0x1B, 0x55, 0x13, 0x34, 0x13, 0x4F, 0x0A, 0xED, 0x01, 0xED, 0x01, 0xED, 0x01, 0xEE, 0x01,
    0x69, 0x11, 0x00, 0x00, 0x00, 0x00, 0x00, 0x00, 0x00, 0x00, 0x00, 0x00, 0x00, 0x00, 0x00, 0x00,
    0x00, 0x00, 0x00, 0x00, 0x00, 0x00, 0x00, 0x00, 0x00, 0x00, 0x00, 0x00, 0x00, 0x00, 0x00, 0x00,
    0x00, 0x00, 0x00, 0x00, 0x00, 0x00, 0x00, 0x00, 0x00, 0x00, 0x00, 0x00, 0x00, 0x00, 0x00, 0x00,
    0x00, 0x00, 0x00, 0x00, 0x00, 0x00, 0x00, 0x00, 0x00, 0x00, 0x00, 0x00, 0x00, 0x00, 0x00, 0x00,
    0x00, 0x00, 0x00, 0x00, 0x00, 0x00, 0x00, 0x00, 0x00, 0x00, 0x00, 0x00, 0x00, 0x00, 0x00, 0x00,
    0x00, 0x00, 0x00, 0x00, 0x00, 0x00, 0x00, 0x00, 0x00, 0x00, 0x00, 0x00, 0x00, 0x00, 0x00, 0x00,
    0x00, 0x00, 0x00, 0x00, 0x00, 0x00, 0x00, 0x00, 0x00, 0x00, 0x00, 0x00, 0x00, 0x00, 0x00, 0x00,
    0x00, 0x00, 0x00, 0x00, 0x00, 0x00, 0x00, 0x00, 0x00, 0x00, 0x00, 0x00, 0x00, 0x00, 0x00, 0x00,
    0x00, 0x00, 0x00, 0x00, 0x00, 0x00, 0x00, 0x00, 0x00, 0x00, 0x00, 0x00, 0x00, 0x00, 0x00, 0x00,
    0x00, 0x00, 0x00, 0x00, 0x00, 0x00, 0x00, 0x00, 0x00, 0x00, 0x00, 0x00, 0x00, 0x00, 0x00, 0x00,
    0x00, 0x00, 0x00, 0x00, 0x00, 0x00, 0x00, 0x00, 0x00, 0x00, 0x00, 0x00, 0x00, 0x00, 0x00, 0x00,
    0x00, 0x00, 0x00, 0x00, 0x00, 0x00, 0x00, 0x00, 0x00, 0x00, 0x00, 0x00, 0x00, 0x00, 0x00, 0x00,
    0x00, 0x00, 0x00, 0x00, 0x00, 0x00, 0x00, 0x00, 0x00, 0x00, 0x00, 0x00, 0x00, 0x00, 0x00, 0x00,
    0x00, 0x00, 0x00, 0x00, 0x00, 0x00, 0x00, 0x00, 0x00, 0x00, 0x00, 0x00, 0x00, 0x00, 0x00, 0x00,
    0x00, 0x00, 0x00, 0x00, 0x00, 0x00, 0x00, 0x00, 0x00, 0x00, 0x00, 0x00, 0x00, 0x00, 0x00, 0x00,
    0x00, 0x00, 0x00, 0x00, 0x00, 0x00, 0x00, 0x00, 0x00, 0x00, 0x00, 0x00, 0x00, 0x00, 0xA3, 0x08,
    0xCC, 0x09, 0xED, 0x01, 0xED, 0x01, 0xED, 0x01, 0xED, 0x01, 0xD2, 0x12, 0x55, 0x1B, 0x55, 0x1B,
    0x55, 0x1B, 0x55, 0x1B, 0x55, 0x13, 0x55, 0x13, 0x55, 0x1B, 0x55, 0x13, 0x55, 0x1B, 0x55, 0x1B,
    0x55, 0x1B, 0x55, 0x1B, 0x55, 0x1B, 0x55, 0x1B, 0x55, 0x13, 0xD5, 0x3B, 0x72, 0x84, 0xEF, 0x7B,
    0xCF, 0x7B, 0xAE, 0x73, 0xAE, 0x73, 0xD1, 0x5B, 0x75, 0x23, 0x55, 0x13, 0x75, 0x1B, 0x92, 0x4B,
    0x4D, 0x63, 0xEB, 0x5A, 0x2C, 0x63, 0xAE, 0x73, 0x10, 0x84, 0x52, 0x7C, 0xB3, 0x4B, 0x94, 0x7C,
    0x30, 0x84, 0xCF, 0x7B, 0xAE, 0x73, 0x4D, 0x6B, 0x2C, 0x63, 0x4D, 0x6B, 0xAE, 0x73, 0x31, 0x84,
    0x30, 0x4B, 0xED, 0x01, 0xED, 0x01, 0xEE, 0x09, 0x95, 0x74, 0xFC, 0xDE, 0x1C, 0xDF, 0x9A, 0xCE,
    0x18, 0xBE, 0xF8, 0xBD, 0xF8, 0xBD, 0xF8, 0xB5, 0x19, 0xBE, 0xBB, 0xD6, 0xDB, 0xD6, 0xDC, 0xD6,
    0xDC, 0xD6, 0xDB, 0xD6, 0x39, 0xC6, 0x19, 0xBE, 0x18, 0xBE, 0xF8, 0xB5, 0xF8, 0xB5, 0x9A, 0xCE,
    0xDC, 0xD6, 0xDB, 0xD6, 0xDC, 0xD6, 0xDC, 0xD6, 0x9A, 0xCE, 0x39, 0xBE, 0x39, 0xBE, 0x54, 0x6C,
    0x0E, 0x0A, 0xED, 0x01, 0xCD, 0x01, 0xF3, 0x5B, 0xBA, 0xD6, 0x9A, 0xD6, 0x59, 0xCE, 0xD7, 0xBD,
    0xD7, 0xBD, 0xB6, 0xB5, 0xB6, 0xB5, 0x38, 0xC6, 0x1A, 0xAE, 0xF6, 0x3B, 0x35, 0x13, 0x55, 0x13,
    0x55, 0x13, 0x55, 0x1B, 0x55, 0x1B, 0x55, 0x1B, 0x55, 0x1B, 0x55, 0x1B, 0x55, 0x13, 0x75, 0x23,
    0xF6, 0x84, 0xD7, 0xBD, 0xB6, 0xB5, 0x75, 0xAD, 0x55, 0xAD, 0x76, 0xAD, 0x16, 0x4C, 0x55, 0x13,
    0x75, 0x1B, 0x55, 0x1B, 0x55, 0x1B, 0x55, 0x1B, 0x55, 0x1B, 0x55, 0x13, 0x55, 0x1B, 0x55, 0x13,
    0x55, 0x13, 0x55, 0x13, 0x55, 0x13, 0x55, 0x13, 0x55, 0x13, 0x55, 0x1B, 0xD2, 0x12, 0xEE, 0x01,
    0xED, 0x01, 0xED, 0x01, 0xED, 0x01, 0xCC, 0x09, 0xA3, 0x08, 0x00, 0x00, 0x00, 0x00, 0x00, 0x00,
    0x00, 0x00, 0x00, 0x00, 0x00, 0x00, 0x00, 0x00, 0x00, 0x00, 0x00, 0x00, 0x00, 0x00, 0x00, 0x00,
    0x00, 0x00, 0x00, 0x00, 0x00, 0x00, 0x00, 0x00, 0x00, 0x00, 0x00, 0x00, 0x00, 0x00, 0x00, 0x00,
    0x00, 0x00, 0x00, 0x00, 0x00, 0x00, 0x00, 0x00, 0x00, 0x00, 0x00, 0x00, 0x00, 0x00, 0x00, 0x00,
    0x00, 0x00, 0x00, 0x00, 0x00, 0x00, 0x00, 0x00, 0x00, 0x00, 0x00, 0x00, 0x00, 0x00, 0x00, 0x00,
    0x00, 0x00, 0x00, 0x00, 0x00, 0x00, 0x00, 0x00, 0x00, 0x00, 0x00, 0x00, 0x00, 0x00, 0x00, 0x00,
    0x00, 0x00, 0x00, 0x00, 0x00, 0x00, 0x00, 0x00, 0x00, 0x00, 0x00, 0x00, 0x00, 0x00, 0x00, 0x00,
    0x00, 0x00, 0x00, 0x00, 0x00, 0x00, 0x00, 0x00, 0x00, 0x00, 0x00, 0x00, 0x00, 0x00, 0x00, 0x00,
    0x00, 0x00, 0x00, 0x00, 0x00, 0x00, 0x00, 0x00, 0x00, 0x00, 0x00, 0x00, 0x00, 0x00, 0x00, 0x00,
    0x00, 0x00, 0x00, 0x00, 0x00, 0x00, 0x00, 0x00, 0x00, 0x00, 0x00, 0x00, 0x00, 0x00, 0x00, 0x00,
    0x00, 0x00, 0x00, 0x00, 0x00, 0x00, 0x00, 0x00, 0x00, 0x00, 0x00, 0x00, 0x00, 0x00, 0x00, 0x00,
    0x00, 0x00, 0x00, 0x00, 0x00, 0x00, 0x00, 0x00, 0x00, 0x00, 0x00, 0x00, 0x00, 0x00, 0x00, 0x00,
    0x00, 0x00, 0x00, 0x00, 0x00, 0x00, 0x00, 0x00, 0x00, 0x00, 0x00, 0x00, 0x00, 0x00, 0x00, 0x00,
    0x00, 0x00, 0x00, 0x00, 0x00, 0x00, 0x00, 0x00, 0x00, 0x00, 0x00, 0x00, 0x00, 0x00, 0x00, 0x00,
    0x00, 0x00, 0x00, 0x00, 0x00, 0x00, 0x00, 0x00, 0x00, 0x00, 0x00, 0x00, 0x00, 0x00, 0x00, 0x00,
    0x00, 0x00, 0x00, 0x00, 0x00, 0x00, 0x00, 0x00, 0x00, 0x00, 0x00, 0x00, 0x00, 0x00, 0x00, 0x00,
    0x00, 0x00, 0x00, 0x00, 0x00, 0x00, 0x00, 0x00, 0x68, 0x11, 0xED, 0x01, 0xED, 0x01, 0xEE, 0x01,
    0xEE, 0x01, 0x4F, 0x0A, 0x34, 0x13, 0x55, 0x1B, 0x55, 0x1B, 0x55, 0x1B, 0x55, 0x1B, 0x55, 0x1B,
    0x55, 0x1B, 0x55, 0x1B, 0x55, 0x1B, 0x55, 0x1B, 0x55, 0x1B, 0x55, 0x1B, 0x55, 0x1B, 0x55, 0x1B,
    0x55, 0x1B, 0x35, 0x13, 0xD4, 0x4B, 0x10, 0x7C, 0x6D, 0x6B, 0x8E, 0x73, 0x6D, 0x6B, 0xEF, 0x7B,
    0xF2, 0x63, 0x74, 0x23, 0x92, 0x4B, 0x8E, 0x6B, 0xEB, 0x5A, 0x0C, 0x63, 0x6D, 0x6B, 0x30, 0x84,
    0x93, 0x84, 0x94, 0x3B, 0x14, 0x13, 0x54, 0x23, 0xB2, 0x53, 0x4D, 0x63, 0x0C, 0x63, 0xEC, 0x5A,
    0x0C, 0x63, 0x4D, 0x6B, 0x8E, 0x73, 0xCF, 0x73, 0x31, 0x7C, 0x6E, 0x22, 0xEE, 0x01, 0x0E, 0x02,
    0x0E, 0x0A, 0x8F, 0x1A, 0xAF, 0x22, 0x8F, 0x1A, 0x6E, 0x1A, 0x6E, 0x1A, 0x6E, 0x1A, 0x6E, 0x1A,
    0x6E, 0x1A, 0x6F, 0x1A, 0x8F, 0x22, 0xAF, 0x22, 0xB0, 0x22, 0xB0, 0x22, 0x8F, 0x22, 0x8F, 0x1A,
    0x6F, 0x1A, 0x6E, 0x1A, 0x6E, 0x1A, 0x8F, 0x1A, 0x8F, 0x1A, 0x8E, 0x1A, 0x8E, 0x1A, 0x8F, 0x1A,
    0x8F, 0x1A, 0x8F, 0x22, 0x6F, 0x1A, 0x0E, 0x0A, 0x0E, 0x02, 0xEE, 0x01, 0x8F, 0x22, 0xD7, 0xB5,
    0x38, 0xC6, 0x38, 0xC6, 0x38, 0xC6, 0xD7, 0xBD, 0xD7, 0xBD, 0xB6, 0xB5, 0xB7, 0xB5, 0xF7, 0x7C,
    0xB5, 0x2B, 0x55, 0x13, 0x55, 0x1B, 0x55, 0x13, 0x55, 0x1B, 0x55, 0x13, 0x55, 0x13, 0x55, 0x13,
    0x55, 0x1B, 0x55, 0x13, 0x76, 0x23, 0xD6, 0x74, 0x96, 0xAD, 0x34, 0xA5, 0x96, 0xB5, 0x75, 0xAD,
    0x96, 0xAD, 0x76, 0x5C, 0x55, 0x13, 0x55, 0x13, 0x55, 0x1B, 0x55, 0x13, 0x55, 0x1B, 0x55, 0x1B,
    0x55, 0x1B, 0x55, 0x1B, 0x55, 0x1B, 0x55, 0x1B, 0x55, 0x1B, 0x55, 0x1B, 0x55, 0x13, 0x55, 0x13,
    0x55, 0x13, 0x34, 0x13, 0x4F, 0x0A, 0xEE, 0x01, 0xED, 0x01, 0xED, 0x01, 0xED, 0x01, 0x69, 0x11,
    0x20, 0x00, 0x00, 0x00, 0x00, 0x00, 0x00, 0x00, 0x00, 0x00, 0x00, 0x00, 0x00, 0x00, 0x00, 0x00,
    0x00, 0x00, 0x00, 0x00, 0x00, 0x00, 0x00, 0x00, 0x00, 0x00, 0x00, 0x00, 0x00, 0x00, 0x00, 0x00,
    0x00, 0x00, 0x00, 0x00, 0x00, 0x00, 0x00, 0x00, 0x00, 0x00, 0x00, 0x00, 0x00, 0x00, 0x00, 0x00,
    0x00, 0x00, 0x00, 0x00, 0x00, 0x00, 0x00, 0x00, 0x00, 0x00, 0x00, 0x00, 0x00, 0x00, 0x00, 0x00,
    0x00, 0x00, 0x00, 0x00, 0x00, 0x00, 0x00, 0x00, 0x00, 0x00, 0x00, 0x00, 0x00, 0x00, 0x00, 0x00,
    0x00, 0x00, 0x00, 0x00, 0x00, 0x00, 0x00, 0x00, 0x00, 0x00, 0x00, 0x00, 0x00, 0x00, 0x00, 0x00,
    0x00, 0x00, 0x00, 0x00, 0x00, 0x00, 0x00, 0x00, 0x00, 0x00, 0x00, 0x00, 0x00, 0x00, 0x00, 0x00,
    0x00, 0x00, 0x00, 0x00, 0x00, 0x00, 0x00, 0x00, 0x00, 0x00, 0x00, 0x00, 0x00, 0x00, 0x00, 0x00,
    0x00, 0x00, 0x00, 0x00, 0x00, 0x00, 0x00, 0x00, 0x00, 0x00, 0x00, 0x00, 0x00, 0x00, 0x00, 0x00,
    0x00, 0x00, 0x00, 0x00, 0x00, 0x00, 0x00, 0x00, 0x00, 0x00, 0x00, 0x00, 0x00, 0x00, 0x00, 0x00,
    0x00, 0x00, 0x00, 0x00, 0x00, 0x00, 0x00, 0x00, 0x00, 0x00, 0x00, 0x00, 0x00, 0x00, 0x00, 0x00,
    0x00, 0x00, 0x00, 0x00, 0x00, 0x00, 0x00, 0x00, 0x00, 0x00, 0x00, 0x00, 0x00, 0x00, 0x00, 0x00,
    0x00, 0x00, 0x00, 0x00, 0x00, 0x00, 0x00, 0x00, 0x00, 0x00, 0x00, 0x00, 0x00, 0x00, 0x00, 0x00,
    0x00, 0x00, 0x00, 0x00, 0x00, 0x00, 0x00, 0x00, 0x00, 0x00, 0x00, 0x00, 0x00, 0x00, 0x00, 0x00,
    0x00, 0x00, 0x00, 0x00, 0x00, 0x00, 0x00, 0x00, 0x00, 0x00, 0x00, 0x00, 0x00, 0x00, 0x00, 0x00,
    0x00, 0x00, 0x00, 0x00, 0x00, 0x00, 0x00, 0x00, 0x00, 0x00, 0x00, 0x00, 0x00, 0x00, 0x00, 0x00,
    0xA3, 0x08, 0xCC, 0x09, 0x0E, 0x02, 0x0E, 0x02, 0x0E, 0x02, 0xEE, 0x01, 0xB1, 0x0A, 0x55, 0x1B,
    0x55, 0x1B, 0x55, 0x13, 0x55, 0x13, 0x55, 0x13, 0x55, 0x1B, 0x55, 0x13, 0x55, 0x1B, 0x75, 0x1B,
    0x75, 0x1B, 0x55, 0x1B, 0x55, 0x1B, 0x55, 0x13, 0x55, 0x1B, 0x55, 0x13, 0x54, 0x1B, 0xB2, 0x53,
    0x6E, 0x6B, 0x2C, 0x63, 0x4D, 0x6B, 0x4D, 0x6B, 0x8E, 0x6B, 0x6F, 0x63, 0x2C, 0x63, 0xCB, 0x5A,
    0xCB, 0x5A, 0x0C, 0x5B, 0x4D, 0x6B, 0x31, 0x7C, 0xD4, 0x3B, 0x35, 0x13, 0x55, 0x1B, 0x35, 0x13,
    0x34, 0x1B, 0x72, 0x3B, 0x6F, 0x63, 0x0C, 0x63, 0x0C, 0x63, 0x4D, 0x6B, 0x8E, 0x6B, 0x8E, 0x73,
    0xEF, 0x7B, 0x90, 0x5B, 0x2E, 0x0A, 0x0E, 0x02, 0x0E, 0x02, 0xED, 0x01, 0xED, 0x01, 0xED, 0x01,
    0xED, 0x01, 0xED, 0x01, 0xED, 0x01, 0xED, 0x01, 0xED, 0x01, 0xED, 0x01, 0xED, 0x01, 0xED, 0x01,
    0xED, 0x01, 0xEE, 0x01, 0xEE, 0x01, 0xEE, 0x01, 0xEE, 0x01, 0xEE, 0x01, 0xED, 0x01, 0xED, 0x01,
    0xED, 0x01, 0xED, 0x01, 0xED, 0x01, 0xED, 0x01, 0xED, 0x01, 0xED, 0x01, 0xEE, 0x01, 0x0E, 0x02,
    0x0E, 0x02, 0x2E, 0x0A, 0x74, 0x7C, 0xD7, 0xBD, 0xB6, 0xB5, 0xD7, 0xBD, 0xD7, 0xBD, 0x75, 0xAD,
    0xB6, 0xB5, 0x97, 0xA5, 0x56, 0x54, 0x75, 0x1B, 0x55, 0x1B, 0x55, 0x1B, 0x55, 0x1B, 0x55, 0x13,
    0x55, 0x13, 0x55, 0x13, 0x55, 0x13, 0x55, 0x13, 0x55, 0x13, 0x75, 0x1B, 0xB6, 0x74, 0x75, 0xAD,
    0x14, 0xA5, 0x75, 0xAD, 0xB6, 0xB5, 0xB6, 0xB5, 0xB6, 0x74, 0x55, 0x1B, 0x55, 0x13, 0x55, 0x13,
    0x55, 0x13, 0x55, 0x13, 0x75, 0x1B, 0x75, 0x1B, 0x75, 0x1B, 0x55, 0x1B, 0x55, 0x1B, 0x55, 0x1B,
    0x55, 0x1B, 0x55, 0x13, 0x55, 0x13, 0x55, 0x13, 0x55, 0x13, 0xB1, 0x0A, 0xEE, 0x01, 0x0E, 0x02,
    0x0E, 0x02, 0x0E, 0x02, 0xED, 0x09, 0xC4, 0x10, 0x00, 0x00, 0x00, 0x00, 0x00, 0x00, 0x00, 0x00,
    0x00, 0x00, 0x00, 0x00, 0x00, 0x00, 0x00, 0x00, 0x00, 0x00, 0x00, 0x00, 0x00, 0x00, 0x00, 0x00,
    0x00, 0x00, 0x00, 0x00, 0x00, 0x00, 0x00, 0x00, 0x00, 0x00, 0x00, 0x00, 0x00, 0x00, 0x00, 0x00,
    0x00, 0x00, 0x00, 0x00, 0x00, 0x00, 0x00, 0x00, 0x00, 0x00, 0x00, 0x00, 0x00, 0x00, 0x00, 0x00,
    0x00, 0x00, 0x00, 0x00, 0x00, 0x00, 0x00, 0x00, 0x00, 0x00, 0x00, 0x00, 0x00, 0x00, 0x00, 0x00,
    0x00, 0x00, 0x00, 0x00, 0x00, 0x00, 0x00, 0x00, 0x00, 0x00, 0x00, 0x00, 0x00, 0x00, 0x00, 0x00,
    0x00, 0x00, 0x00, 0x00, 0x00, 0x00, 0x00, 0x00, 0x00, 0x00, 0x00, 0x00, 0x00, 0x00, 0x00, 0x00,
    0x00, 0x00, 0x00, 0x00, 0x00, 0x00, 0x00, 0x00, 0x00, 0x00, 0x00, 0x00, 0x00, 0x00, 0x00, 0x00,
    0x00, 0x00, 0x00, 0x00, 0x00, 0x00, 0x00, 0x00, 0x00, 0x00, 0x00, 0x00, 0x00, 0x00, 0x00, 0x00,
    0x00, 0x00, 0x00, 0x00, 0x00, 0x00, 0x00, 0x00, 0x00, 0x00, 0x00, 0x00, 0x00, 0x00, 0x00, 0x00,
    0x00, 0x00, 0x00, 0x00, 0x00, 0x00, 0x00, 0x00, 0x00, 0x00, 0x00, 0x00, 0x00, 0x00, 0x00, 0x00,
    0x00, 0x00, 0x00, 0x00, 0x00, 0x00, 0x00, 0x00, 0x00, 0x00, 0x00, 0x00, 0x00, 0x00, 0x00, 0x00,
    0x00, 0x00, 0x00, 0x00, 0x00, 0x00, 0x00, 0x00, 0x00, 0x00, 0x00, 0x00, 0x00, 0x00, 0x00, 0x00,
    0x00, 0x00, 0x00, 0x00, 0x00, 0x00, 0x00, 0x00, 0x00, 0x00, 0x00, 0x00, 0x00, 0x00, 0x00, 0x00,
    0x00, 0x00, 0x00, 0x00, 0x00, 0x00, 0x00, 0x00, 0x00, 0x00, 0x00, 0x00, 0x00, 0x00, 0x00, 0x00,
    0x00, 0x00, 0x00, 0x00, 0x00, 0x00, 0x00, 0x00, 0x00, 0x00, 0x00, 0x00, 0x00, 0x00, 0x00, 0x00,
    0x00, 0x00, 0x00, 0x00, 0x00, 0x00, 0x00, 0x00, 0x00, 0x00, 0x47, 0x11, 0x0E, 0x02, 0x0E, 0x02,
    0xEE, 0x01, 0xED, 0x01, 0x0E, 0x02, 0xF3, 0x12, 0x55, 0x13, 0x55, 0x1B, 0x55, 0x13, 0x55, 0x13,
    0x55, 0x1B, 0x55, 0x1B, 0x55, 0x13, 0x13, 0x13, 0xB1, 0x0A, 0xD2, 0x12, 0x55, 0x1B, 0x55, 0x1B,
    0x55, 0x1B, 0x55, 0x1B, 0x55, 0x13, 0x55, 0x23, 0xB1, 0x5B, 0x0C, 0x63, 0xEB, 0x5A, 0x0C, 0x63,
    0x2C, 0x63, 0x2C, 0x63, 0xEB, 0x5A, 0xEB, 0x5A, 0x0C, 0x5B, 0xEB, 0x5A, 0x8F, 0x63, 0x93, 0x33,
    0x35, 0x13, 0x55, 0x1B, 0x55, 0x1B, 0x55, 0x1B, 0x55, 0x1B, 0x35, 0x13, 0x74, 0x2B, 0x91, 0x53,
    0x4D, 0x63, 0x2C, 0x6B, 0x4D, 0x6B, 0x6D, 0x6B, 0x8E, 0x73, 0xEF, 0x7B, 0x4F, 0x53, 0x2D, 0x12,
    0xED, 0x09, 0xED, 0x01, 0xED, 0x09, 0xED, 0x09, 0xED, 0x09, 0xED, 0x09, 0xED, 0x09, 0xED, 0x09,
    0xED, 0x09, 0xED, 0x01, 0xCD, 0x01, 0xED, 0x01, 0xED, 0x01, 0xED, 0x01, 0xED, 0x09, 0x0E, 0x0A,
    0x0E, 0x0A, 0x0E, 0x0A, 0x0E, 0x0A, 0x0E, 0x0A, 0xED, 0x09, 0xED, 0x01, 0xCD, 0x09, 0xCD, 0x09,
    0xEC, 0x09, 0xED, 0x01, 0xED, 0x01, 0xED, 0x09, 0x2E, 0x12, 0x70, 0x53, 0xD3, 0x9C, 0xD3, 0x9C,
    0xF3, 0x9C, 0x14, 0xA5, 0x34, 0xA5, 0x35, 0xA5, 0xD6, 0x7C, 0xB5, 0x33, 0x55, 0x13, 0x55, 0x1B,
    0x55, 0x1B, 0x55, 0x1B, 0x55, 0x13, 0x55, 0x13, 0x55, 0x13, 0x55, 0x13, 0x55, 0x13, 0x55, 0x13,
    0x54, 0x1B, 0x34, 0x5C, 0x14, 0x9D, 0xF3, 0x9C, 0x14, 0xA5, 0x96, 0xB5, 0xF7, 0xBD, 0x57, 0x8D,
    0x95, 0x23, 0x55, 0x13, 0x55, 0x1B, 0x55, 0x1B, 0x55, 0x13, 0x55, 0x13, 0xD2, 0x12, 0x91, 0x0A,
    0x13, 0x13, 0x55, 0x13, 0x75, 0x1B, 0x55, 0x1B, 0x55, 0x1B, 0x55, 0x13, 0x55, 0x13, 0x55, 0x13,
    0xF3, 0x12, 0x0E, 0x02, 0xED, 0x01, 0x0E, 0x02, 0x0E, 0x02, 0x0E, 0x02, 0x68, 0x11, 0x00, 0x00,
    0x00, 0x00, 0x00, 0x00, 0x00, 0x00, 0x00, 0x00, 0x00, 0x00, 0x00, 0x00, 0x00, 0x00, 0x00, 0x00,
    0x00, 0x00, 0x00, 0x00, 0x00, 0x00, 0x00, 0x00, 0x00, 0x00, 0x00, 0x00, 0x00, 0x00, 0x00, 0x00,
    0x00, 0x00, 0x00, 0x00, 0x00, 0x00, 0x00, 0x00, 0x00, 0x00, 0x00, 0x00, 0x00, 0x00, 0x00, 0x00,
    0x00, 0x00, 0x00, 0x00, 0x00, 0x00, 0x00, 0x00, 0x00, 0x00, 0x00, 0x00, 0x00, 0x00, 0x00, 0x00,
    0x00, 0x00, 0x00, 0x00, 0x00, 0x00, 0x00, 0x00, 0x00, 0x00, 0x00, 0x00, 0x00, 0x00, 0x00, 0x00,
    0x00, 0x00, 0x00, 0x00, 0x00, 0x00, 0x00, 0x00, 0x00, 0x00, 0x00, 0x00, 0x00, 0x00, 0x00, 0x00,
    0x00, 0x00, 0x00, 0x00, 0x00, 0x00, 0x00, 0x00, 0x00, 0x00, 0x00, 0x00, 0x00, 0x00, 0x00, 0x00,
    0x00, 0x00, 0x00, 0x00, 0x00, 0x00, 0x00, 0x00, 0x00, 0x00, 0x00, 0x00, 0x00, 0x00, 0x00, 0x00,
    0x00, 0x00, 0x00, 0x00, 0x00, 0x00, 0x00, 0x00, 0x00, 0x00, 0x00, 0x00, 0x00, 0x00, 0x00, 0x00,
    0x00, 0x00, 0x00, 0x00, 0x00, 0x00, 0x00, 0x00, 0x00, 0x00, 0x00, 0x00, 0x00, 0x00, 0x00, 0x00,
    0x00, 0x00, 0x00, 0x00, 0x00, 0x00, 0x00, 0x00, 0x00, 0x00, 0x00, 0x00, 0x00, 0x00, 0x00, 0x00,
    0x00, 0x00, 0x00, 0x00, 0x00, 0x00, 0x00, 0x00, 0x00, 0x00, 0x00, 0x00, 0x00, 0x00, 0x00, 0x00,
    0x00, 0x00, 0x00, 0x00, 0x00, 0x00, 0x00, 0x00, 0x00, 0x00, 0x00, 0x00, 0x00, 0x00, 0x00, 0x00,
    0x00, 0x00, 0x00, 0x00, 0x00, 0x00, 0x00, 0x00, 0x00, 0x00, 0x00, 0x00, 0x00, 0x00, 0x00, 0x00,
    0x00, 0x00, 0x00, 0x00, 0x00, 0x00, 0x00, 0x00, 0x00, 0x00, 0x00, 0x00, 0x00, 0x00, 0x00, 0x00,
    0x00, 0x00, 0x00, 0x00, 0x00, 0x00, 0x00, 0x00, 0x00, 0x00, 0x00, 0x00, 0x00, 0x00, 0x00, 0x00,
    0x00, 0x00, 0x62, 0x08, 0xAB, 0x09, 0xED, 0x01, 0xED, 0x01, 0xED, 0x01, 0xED, 0x01, 0x4F, 0x0A,
    0x34, 0x13, 0x55, 0x1B, 0x55, 0x13, 0x34, 0x13, 0xF3, 0x12, 0x91, 0x0A, 0x4F, 0x0A, 0x0E, 0x02,
    0xED, 0x01, 0xED, 0x01, 0xB2, 0x12, 0x55, 0x1B, 0x55, 0x1B, 0x55, 0x13, 0x55, 0x13, 0x55, 0x13,
    0x74, 0x23, 0x90, 0x5B, 0xAA, 0x52, 0x8A, 0x52, 0xAA, 0x52, 0xEB, 0x5A, 0x0C, 0x63, 0x2C, 0x63,
    0x2C, 0x63, 0xD0, 0x6B, 0x73, 0x33, 0x55, 0x13, 0x55, 0x1B, 0x55, 0x1B, 0x55, 0x1B, 0x55, 0x1B,
    0x55, 0x1B, 0x55, 0x13, 0x35, 0x13, 0x34, 0x1B, 0x93, 0x3B, 0xF1, 0x63, 0xAE, 0x73, 0x6D, 0x6B,
    0x6D, 0x6B, 0x4D, 0x6B, 0x69, 0x4A, 0x46, 0x21, 0x47, 0x19, 0x67, 0x19, 0x67, 0x19, 0x67, 0x19,
    0x47, 0x19, 0x67, 0x19, 0x67, 0x19, 0x47, 0x19, 0x46, 0x11, 0x26, 0x11, 0x26, 0x11, 0x26, 0x11,
    0x06, 0x11, 0x26, 0x11, 0x26, 0x11, 0x46, 0x11, 0x47, 0x11, 0x26, 0x11, 0x26, 0x11, 0x47, 0x11,
    0x26, 0x11, 0x06, 0x11, 0x05, 0x11, 0x05, 0x11, 0x46, 0x19, 0x67, 0x19, 0x87, 0x21, 0xE9, 0x29,
    0xAB, 0x4A, 0xEC, 0x5A, 0x0C, 0x63, 0x0C, 0x63, 0x4C, 0x6B, 0xAF, 0x73, 0x53, 0x7C, 0x15, 0x4C,
    0x55, 0x1B, 0x35, 0x13, 0x55, 0x13, 0x55, 0x13, 0x55, 0x1B, 0x55, 0x13, 0x55, 0x13, 0x55, 0x1B,
    0x55, 0x1B, 0x55, 0x1B, 0x55, 0x13, 0x54, 0x23, 0x54, 0x6C, 0x51, 0x8C, 0x10, 0x84, 0x51, 0x8C,
    0xB2, 0x94, 0x34, 0xA5, 0x37, 0x95, 0xB5, 0x2B, 0x55, 0x13, 0x75, 0x13, 0x55, 0x13, 0x55, 0x13,
    0x55, 0x13, 0xD2, 0x12, 0xED, 0x01, 0xED, 0x01, 0x0E, 0x02, 0x4F, 0x0A, 0x91, 0x0A, 0xF3, 0x12,
    0x34, 0x13, 0x55, 0x1B, 0x55, 0x1B, 0x34, 0x13, 0x4F, 0x0A, 0xCD, 0x01, 0xED, 0x01, 0xED, 0x01,
    0xED, 0x01, 0xEC, 0x11, 0x83, 0x08, 0x00, 0x00, 0x00, 0x00, 0x00, 0x00, 0x00, 0x00, 0x00, 0x00,
    0x00, 0x00, 0x00, 0x00, 0x00, 0x00, 0x00, 0x00, 0x00, 0x00, 0x00, 0x00, 0x00, 0x00, 0x00, 0x00,
    0x00, 0x00, 0x00, 0x00, 0x00, 0x00, 0x00, 0x00, 0x00, 0x00, 0x00, 0x00, 0x00, 0x00, 0x00, 0x00,
    0x00, 0x00, 0x00, 0x00, 0x00, 0x00, 0x00, 0x00, 0x00, 0x00, 0x00, 0x00, 0x00, 0x00, 0x00, 0x00,
    0x00, 0x00, 0x00, 0x00, 0x00, 0x00, 0x00, 0x00, 0x00, 0x00, 0x00, 0x00, 0x00, 0x00, 0x00, 0x00,
    0x00, 0x00, 0x00, 0x00, 0x00, 0x00, 0x00, 0x00, 0x00, 0x00, 0x00, 0x00, 0x00, 0x00, 0x00, 0x00,
    0x00, 0x00, 0x00, 0x00, 0x00, 0x00, 0x00, 0x00, 0x00, 0x00, 0x00, 0x00, 0x00, 0x00, 0x00, 0x00,
    0x00, 0x00, 0x00, 0x00, 0x00, 0x00, 0x00, 0x00, 0x00, 0x00, 0x00, 0x00, 0x00, 0x00, 0x00, 0x00,
    0x00, 0x00, 0x00, 0x00, 0x00, 0x00, 0x00, 0x00, 0x00, 0x00, 0x00, 0x00, 0x00, 0x00, 0x00, 0x00,
    0x00, 0x00, 0x00, 0x00, 0x00, 0x00, 0x00, 0x00, 0x00, 0x00, 0x00, 0x00, 0x00, 0x00, 0x00, 0x00,
    0x00, 0x00, 0x00, 0x00, 0x00, 0x00, 0x00, 0x00, 0x00, 0x00, 0x00, 0x00, 0x00, 0x00, 0x00, 0x00,
    0x00, 0x00, 0x00, 0x00, 0x00, 0x00, 0x00, 0x00, 0x00, 0x00, 0x00, 0x00, 0x00, 0x00, 0x00, 0x00,
    0x00, 0x00, 0x00, 0x00, 0x00, 0x00, 0x00, 0x00, 0x00, 0x00, 0x00, 0x00, 0x00, 0x00, 0x00, 0x00,
    0x00, 0x00, 0x00, 0x00, 0x00, 0x00, 0x00, 0x00, 0x00, 0x00, 0x00, 0x00, 0x00, 0x00, 0x00, 0x00,
    0x00, 0x00, 0x00, 0x00, 0x00, 0x00, 0x00, 0x00, 0x00, 0x00, 0x00, 0x00, 0x00, 0x00, 0x00, 0x00,
    0x00, 0x00, 0x00, 0x00, 0x00, 0x00, 0x00, 0x00, 0x00, 0x00, 0x00, 0x00, 0x00, 0x00, 0x00, 0x00,
    0x00, 0x00, 0x00, 0x00, 0x00, 0x00, 0x00, 0x00, 0x00, 0x00, 0x00, 0x00, 0x06, 0x11, 0xCC, 0x09,
    0xED, 0x01, 0xED, 0x01, 0xED, 0x01, 0xEE, 0x01, 0xB2, 0x0A, 0xF3, 0x12, 0x91, 0x0A, 0x2F, 0x0A,
    0x0E, 0x02, 0xEE, 0x01, 0xED, 0x01, 0xED, 0x01, 0xED, 0x01, 0xCD, 0x01, 0x0E, 0x02, 0x13, 0x13,
    0x75, 0x1B, 0x55, 0x13, 0x55, 0x1B, 0x55, 0x1B, 0x55, 0x13, 0x75, 0x23, 0x70, 0x53, 0xAA, 0x52,
    0x8A, 0x52, 0xCB, 0x5A, 0x0C, 0x63, 0x2C, 0x63, 0x2C, 0x63, 0x72, 0x43, 0x75, 0x1B, 0x55, 0x1B,
    0x55, 0x1B, 0x55, 0x1B, 0x55, 0x1B, 0x55, 0x1B, 0x55, 0x1B, 0x55, 0x1B, 0x55, 0x1B, 0x55, 0x1B,
    0x55, 0x13, 0x75, 0x23, 0xF4, 0x4B, 0x32, 0x74, 0xF0, 0x7B, 0x4D, 0x6B, 0xA6, 0x31, 0x41, 0x08,
    0x20, 0x00, 0x20, 0x00, 0x41, 0x08, 0x61, 0x08, 0x41, 0x08, 0x20, 0x00, 0x20, 0x00, 0x20, 0x00,
    0x00, 0x00, 0x00, 0x00, 0x00, 0x00, 0x00, 0x00, 0x00, 0x00, 0x00, 0x00, 0x00, 0x00, 0x00, 0x00,
    0x00, 0x00, 0x00, 0x00, 0x00, 0x00, 0x00, 0x00, 0x00, 0x00, 0x00, 0x00, 0x00, 0x00, 0x20, 0x00,
    0x82, 0x10, 0xE3, 0x18, 0x24, 0x21, 0x86, 0x31, 0x08, 0x42, 0x69, 0x4A, 0xCB, 0x5A, 0x2C, 0x63,
    0x8F, 0x63, 0xB3, 0x4B, 0x75, 0x23, 0x55, 0x13, 0x55, 0x1B, 0x55, 0x1B, 0x55, 0x13, 0x55, 0x13,
    0x55, 0x13, 0x55, 0x13, 0x55, 0x13, 0x55, 0x1B, 0x55, 0x1B, 0x55, 0x13, 0x74, 0x23, 0xF2, 0x63,
    0xCF, 0x7B, 0xAE, 0x73, 0xEF, 0x7B, 0x51, 0x8C, 0xD3, 0x9C, 0xF5, 0x84, 0x95, 0x2B, 0x55, 0x13,
    0x55, 0x13, 0x55, 0x13, 0x55, 0x13, 0x75, 0x13, 0x14, 0x13, 0x2E, 0x0A, 0xCD, 0x01, 0xED, 0x01,
    0xED, 0x01, 0xED, 0x01, 0xEE, 0x01, 0x0E, 0x02, 0x2F, 0x0A, 0x91, 0x0A, 0xF3, 0x12, 0xB2, 0x12,
    0xEE, 0x01, 0xED, 0x01, 0xED, 0x01, 0xED, 0x01, 0xED, 0x09, 0x06, 0x11, 0x00, 0x00, 0x00, 0x00,
    0x00, 0x00, 0x00, 0x00, 0x00, 0x00, 0x00, 0x00, 0x00, 0x00, 0x00, 0x00, 0x00, 0x00, 0x00, 0x00,
    0x00, 0x00, 0x00, 0x00, 0x00, 0x00, 0x00, 0x00, 0x00, 0x00, 0x00, 0x00, 0x00, 0x00, 0x00, 0x00,
    0x00, 0x00, 0x00, 0x00, 0x00, 0x00, 0x00, 0x00, 0x00, 0x00, 0x00, 0x00, 0x00, 0x00, 0x00, 0x00,
    0x00, 0x00, 0x00, 0x00, 0x00, 0x00, 0x00, 0x00, 0x00, 0x00, 0x00, 0x00, 0x00, 0x00, 0x00, 0x00,
    0x00, 0x00, 0x00, 0x00, 0x00, 0x00, 0x00, 0x00, 0x00, 0x00, 0x00, 0x00, 0x00, 0x00, 0x00, 0x00,
    0x00, 0x00, 0x00, 0x00, 0x00, 0x00, 0x00, 0x00, 0x00, 0x00, 0x00, 0x00, 0x00, 0x00, 0x00, 0x00,
    0x00, 0x00, 0x00, 0x00, 0x00, 0x00, 0x00, 0x00, 0x00, 0x00, 0x00, 0x00, 0x00, 0x00, 0x00, 0x00,
    0x00, 0x00, 0x00, 0x00, 0x00, 0x00, 0x00, 0x00, 0x00, 0x00, 0x00, 0x00, 0x00, 0x00, 0x00, 0x00,
    0x00, 0x00, 0x00, 0x00, 0x00, 0x00, 0x00, 0x00, 0x00, 0x00, 0x00, 0x00, 0x00, 0x00, 0x00, 0x00,
    0x00, 0x00, 0x00, 0x00, 0x00, 0x00, 0x00, 0x00, 0x00, 0x00, 0x00, 0x00, 0x00, 0x00, 0x00, 0x00,
    0x00, 0x00, 0x00, 0x00, 0x00, 0x00, 0x00, 0x00, 0x00, 0x00, 0x00, 0x00, 0x00, 0x00, 0x00, 0x00,
    0x00, 0x00, 0x00, 0x00, 0x00, 0x00, 0x00, 0x00, 0x00, 0x00, 0x00, 0x00, 0x00, 0x00, 0x00, 0x00,
    0x00, 0x00, 0x00, 0x00, 0x00, 0x00, 0x00, 0x00, 0x00, 0x00, 0x00, 0x00, 0x00, 0x00, 0x00, 0x00,
    0x00, 0x00, 0x00, 0x00, 0x00, 0x00, 0x00, 0x00, 0x00, 0x00, 0x00, 0x00, 0x00, 0x00, 0x00, 0x00,
    0x00, 0x00, 0x00, 0x00, 0x00, 0x00, 0x00, 0x00, 0x00, 0x00, 0x00, 0x00, 0x00, 0x00, 0x00, 0x00,
    0x00, 0x00, 0x00, 0x00, 0x00, 0x00, 0x00, 0x00, 0x00, 0x00, 0x00, 0x00, 0x00, 0x00, 0x00, 0x00,
    0x00, 0x00, 0x00, 0x00, 0x41, 0x00, 0x89, 0x09, 0xED, 0x01, 0xED, 0x01, 0xEE, 0x01, 0xEE, 0x01,
    0x0E, 0x02, 0x0E, 0x02, 0xEE, 0x01, 0xEE, 0x01, 0xEE, 0x01, 0xED, 0x01, 0xED, 0x01, 0xED, 0x01,
    0xED, 0x01, 0xED, 0x01, 0xEE, 0x01, 0x4F, 0x0A, 0x35, 0x13, 0x75, 0x1B, 0x55, 0x1B, 0x55, 0x1B,
    0x55, 0x1B, 0x55, 0x13, 0x54, 0x23, 0x4F, 0x4B, 0xAA, 0x52, 0x8A, 0x52, 0xAA, 0x52, 0xCB, 0x5A,
    0xCB, 0x5A, 0x4E, 0x5B, 0x73, 0x33, 0x55, 0x1B, 0x55, 0x1B, 0x55, 0x1B, 0x55, 0x1B, 0x55, 0x1B,
    0x55, 0x1B, 0x55, 0x1B, 0x55, 0x1B, 0x55, 0x1B, 0x55, 0x1B, 0x55, 0x1B, 0x55, 0x13, 0x75, 0x23,
    0x15, 0x4C, 0x12, 0x6C, 0x6A, 0x42, 0xA2, 0x10, 0x20, 0x00, 0x20, 0x00, 0x41, 0x08, 0x61, 0x08,
    0x61, 0x08, 0x41, 0x08, 0x20, 0x00, 0x20, 0x00, 0x00, 0x00, 0x00, 0x00, 0x00, 0x00, 0x00, 0x00,
    0x00, 0x00, 0x00, 0x00, 0x00, 0x00, 0x00, 0x00, 0x00, 0x00, 0x00, 0x00, 0x00, 0x00, 0x00, 0x00,
    0x00, 0x00, 0x00, 0x00, 0x00, 0x00, 0x20, 0x00, 0x61, 0x08, 0xE3, 0x18, 0x45, 0x29, 0xA6, 0x31,
    0x28, 0x42, 0xEC, 0x5A, 0x90, 0x5B, 0xD4, 0x4B, 0x95, 0x2B, 0x55, 0x1B, 0x55, 0x1B, 0x55, 0x1B,
    0x55, 0x1B, 0x55, 0x1B, 0x55, 0x13, 0x55, 0x1B, 0x55, 0x13, 0x55, 0x13, 0x55, 0x13, 0x55, 0x13,
    0x55, 0x13, 0x94, 0x33, 0xD1, 0x6B, 0x2C, 0x63, 0x0C, 0x63, 0x6D, 0x6B, 0xEF, 0x7B, 0xB2, 0x94,
    0xD5, 0x84, 0x95, 0x2B, 0x34, 0x13, 0x55, 0x1B, 0x55, 0x1B, 0x55, 0x13, 0x75, 0x13, 0x55, 0x13,
    0x70, 0x0A, 0xEE, 0x01, 0xED, 0x01, 0xED, 0x01, 0xED, 0x01, 0xED, 0x01, 0xED, 0x01, 0xED, 0x01,
    0xEE, 0x01, 0xEE, 0x01, 0x0E, 0x02, 0x0E, 0x02, 0xEE, 0x01, 0xEE, 0x01, 0xED, 0x01, 0xED, 0x01,
    0x89, 0x09, 0x41, 0x00, 0x00, 0x00, 0x00, 0x00, 0x00, 0x00, 0x00, 0x00, 0x00, 0x00, 0x00, 0x00,
    0x00, 0x00, 0x00, 0x00, 0x00, 0x00, 0x00, 0x00, 0x00, 0x00, 0x00, 0x00, 0x00, 0x00, 0x00, 0x00,
    0x00, 0x00, 0x00, 0x00, 0x00, 0x00, 0x00, 0x00, 0x00, 0x00, 0x00, 0x00, 0x00, 0x00, 0x00, 0x00,
    0x00, 0x00, 0x00, 0x00, 0x00, 0x00, 0x00, 0x00, 0x00, 0x00, 0x00, 0x00, 0x00, 0x00, 0x00, 0x00,
    0x00, 0x00, 0x00, 0x00, 0x00, 0x00, 0x00, 0x00, 0x00, 0x00, 0x00, 0x00, 0x00, 0x00, 0x00, 0x00,
    0x00, 0x00, 0x00, 0x00, 0x00, 0x00, 0x00, 0x00, 0x00, 0x00, 0x00, 0x00, 0x00, 0x00, 0x00, 0x00,
    0x00, 0x00, 0x00, 0x00, 0x00, 0x00, 0x00, 0x00, 0x00, 0x00, 0x00, 0x00, 0x00, 0x00, 0x00, 0x00,
    0x00, 0x00, 0x00, 0x00, 0x00, 0x00, 0x00, 0x00, 0x00, 0x00, 0x00, 0x00, 0x00, 0x00, 0x00, 0x00,
    0x00, 0x00, 0x00, 0x00, 0x00, 0x00, 0x00, 0x00, 0x00, 0x00, 0x00, 0x00, 0x00, 0x00, 0x00, 0x00,
    0x00, 0x00, 0x00, 0x00, 0x00, 0x00, 0x00, 0x00, 0x00, 0x00, 0x00, 0x00, 0x00, 0x00, 0x00, 0x00,
    0x00, 0x00, 0x00, 0x00, 0x00, 0x00, 0x00, 0x00, 0x00, 0x00, 0x00, 0x00, 0x00, 0x00, 0x00, 0x00,
    0x00, 0x00, 0x00, 0x00, 0x00, 0x00, 0x00, 0x00, 0x00, 0x00, 0x00, 0x00, 0x00, 0x00, 0x00, 0x00,
    0x00, 0x00, 0x00, 0x00, 0x00, 0x00, 0x00, 0x00, 0x00, 0x00, 0x00, 0x00, 0x00, 0x00, 0x00, 0x00,
    0x00, 0x00, 0x00, 0x00, 0x00, 0x00, 0x00, 0x00, 0x00, 0x00, 0x00, 0x00, 0x00, 0x00, 0x00, 0x00,
    0x00, 0x00, 0x00, 0x00, 0x00, 0x00, 0x00, 0x00, 0x00, 0x00, 0x00, 0x00, 0x00, 0x00, 0x00, 0x00,
    0x00, 0x00, 0x00, 0x00, 0x00, 0x00, 0x00, 0x00, 0x00, 0x00, 0x00, 0x00, 0x00, 0x00, 0x00, 0x00,
    0x00, 0x00, 0x00, 0x00, 0x00, 0x00, 0x00, 0x00, 0x00, 0x00, 0x00, 0x00, 0x00, 0x00, 0xA3, 0x08,
    0xCC, 0x09, 0x0E, 0x02, 0xEE, 0x01, 0xED, 0x01, 0xED, 0x01, 0xEE, 0x01, 0xEE, 0x01, 0xEE, 0x01,
    0xEE, 0x01, 0xED, 0x01, 0xED, 0x01, 0xCD, 0x09, 0xED, 0x09, 0xEE, 0x01, 0xEE, 0x01, 0xEE, 0x01,
    0x70, 0x0A, 0x34, 0x13, 0x55, 0x1B, 0x55, 0x13, 0x55, 0x13, 0x55, 0x13, 0x35, 0x13, 0x54, 0x23,
    0x0F, 0x4B, 0xAA, 0x52, 0x69, 0x4A, 0xAA, 0x52, 0xCB, 0x5A, 0xAA, 0x52, 0x2D, 0x5B, 0x51, 0x3B,
    0x34, 0x1B, 0x35, 0x13, 0x55, 0x13, 0x55, 0x1B, 0x55, 0x1B, 0x55, 0x1B, 0x55, 0x1B, 0x55, 0x1B,
    0x55, 0x1B, 0x55, 0x1B, 0x55, 0x1B, 0x55, 0x13, 0x35, 0x13, 0x55, 0x1B, 0x53, 0x33, 0xCF, 0x32,
    0x2A, 0x32, 0xE3, 0x18, 0x41, 0x08, 0x61, 0x08, 0x61, 0x08, 0x41, 0x08, 0x00, 0x00, 0x00, 0x00,
    0x00, 0x00, 0x00, 0x00, 0x00, 0x00, 0x00, 0x00, 0x00, 0x00, 0x00, 0x00, 0x00, 0x00, 0x00, 0x00,
    0x00, 0x00, 0x00, 0x00, 0x00, 0x00, 0x00, 0x00, 0x00, 0x00, 0x00, 0x00, 0x00, 0x00, 0x00, 0x00,
    0x82, 0x10, 0x45, 0x29, 0x08, 0x42, 0xEC, 0x52, 0x70, 0x4B, 0x93, 0x3B, 0x55, 0x1B, 0x55, 0x13,
    0x55, 0x1B, 0x55, 0x1B, 0x55, 0x1B, 0x55, 0x1B, 0x55, 0x1B, 0x55, 0x1B, 0x55, 0x1B, 0x55, 0x1B,
    0x55, 0x13, 0x55, 0x13, 0x55, 0x13, 0x34, 0x1B, 0x31, 0x33, 0x4E, 0x5B, 0xEB, 0x5A, 0xAA, 0x52,
    0xCB, 0x5A, 0x6D, 0x6B, 0x51, 0x84, 0x74, 0x74, 0x95, 0x2B, 0x34, 0x13, 0x55, 0x1B, 0x55, 0x1B,
    0x55, 0x13, 0x55, 0x13, 0x34, 0x13, 0x70, 0x0A, 0xEE, 0x01, 0xEE, 0x01, 0xEE, 0x01, 0xED, 0x09,
    0xCC, 0x09, 0xED, 0x01, 0xED, 0x01, 0xED, 0x01, 0xEE, 0x01, 0xEE, 0x01, 0xED, 0x01, 0xED, 0x01,
    0xED, 0x01, 0xEE, 0x01, 0xEE, 0x01, 0xCC, 0x09, 0x83, 0x08, 0x00, 0x00, 0x00, 0x00, 0x00, 0x00,
    0x00, 0x00, 0x00, 0x00, 0x00, 0x00, 0x00, 0x00, 0x00, 0x00, 0x00, 0x00, 0x00, 0x00, 0x00, 0x00,
    0x00, 0x00, 0x00, 0x00, 0x00, 0x00, 0x00, 0x00, 0x00, 0x00, 0x00, 0x00, 0x00, 0x00, 0x00, 0x00,
    0x00, 0x00, 0x00, 0x00, 0x00, 0x00, 0x00, 0x00, 0x00, 0x00, 0x00, 0x00, 0x00, 0x00, 0x00, 0x00,
    0x00, 0x00, 0x00, 0x00, 0x00, 0x00, 0x00, 0x00, 0x00, 0x00, 0x00, 0x00, 0x00, 0x00, 0x00, 0x00,
    0x00, 0x00, 0x00, 0x00, 0x00, 0x00, 0x00, 0x00, 0x00, 0x00, 0x00, 0x00, 0x00, 0x00, 0x00, 0x00,
    0x00, 0x00, 0x00, 0x00, 0x00, 0x00, 0x00, 0x00, 0x00, 0x00, 0x00, 0x00, 0x00, 0x00, 0x00, 0x00,
    0x00, 0x00, 0x00, 0x00, 0x00, 0x00, 0x00, 0x00, 0x00, 0x00, 0x00, 0x00, 0x00, 0x00, 0x00, 0x00,
    0x00, 0x00, 0x00, 0x00, 0x00, 0x00, 0x00, 0x00, 0x00, 0x00, 0x00, 0x00, 0x00, 0x00, 0x00, 0x00,
    0x00, 0x00, 0x00, 0x00, 0x00, 0x00, 0x00, 0x00, 0x00, 0x00, 0x00, 0x00, 0x00, 0x00, 0x00, 0x00,
    0x00, 0x00, 0x00, 0x00, 0x00, 0x00, 0x00, 0x00, 0x00, 0x00, 0x00, 0x00, 0x00, 0x00, 0x00, 0x00,
    0x00, 0x00, 0x00, 0x00, 0x00, 0x00, 0x00, 0x00, 0x00, 0x00, 0x00, 0x00, 0x00, 0x00, 0x00, 0x00,
    0x00, 0x00, 0x00, 0x00, 0x00, 0x00, 0x00, 0x00, 0x00, 0x00, 0x00, 0x00, 0x00, 0x00, 0x00, 0x00,
    0x00, 0x00, 0x00, 0x00, 0x00, 0x00, 0x00, 0x00, 0x00, 0x00, 0x00, 0x00, 0x00, 0x00, 0x00, 0x00,
    0x00, 0x00, 0x00, 0x00, 0x00, 0x00, 0x00, 0x00, 0x00, 0x00, 0x00, 0x00, 0x00, 0x00, 0x00, 0x00,
    0x00, 0x00, 0x00, 0x00, 0x00, 0x00, 0x00, 0x00, 0x00, 0x00, 0x00, 0x00, 0x00, 0x00, 0x00, 0x00,
    0x00, 0x00, 0x00, 0x00, 0x00, 0x00, 0x00, 0x00, 0x00, 0x00, 0x00, 0x00, 0x00, 0x00, 0x00, 0x00,
    0x00, 0x00, 0x00, 0x00, 0x00, 0x00, 0x00, 0x00, 0x06, 0x09, 0xED, 0x09, 0xED, 0x01, 0xED, 0x01,
    0xED, 0x01, 0xED, 0x01, 0xEE, 0x01, 0xEE, 0x01, 0x0E, 0x0A, 0xCC, 0x09, 0x89, 0x11, 0xE5, 0x08,
    0x46, 0x11, 0xCC, 0x09, 0xEE, 0x01, 0xED, 0x01, 0xED, 0x01, 0x4F, 0x0A, 0x14, 0x13, 0x55, 0x13,
    0x55, 0x13, 0x55, 0x13, 0x55, 0x13, 0x55, 0x13, 0x54, 0x23, 0x50, 0x4B, 0xCB, 0x5A, 0x8A, 0x52,
    0xCB, 0x5A, 0xCB, 0x5A, 0x8A, 0x52, 0xAB, 0x52, 0x0F, 0x43, 0x54, 0x23, 0x55, 0x13, 0x55, 0x1B,
    0x55, 0x1B, 0x55, 0x1B, 0x55, 0x1B, 0x55, 0x1B, 0x55, 0x1B, 0x55, 0x1B, 0x55, 0x13, 0x55, 0x13,
    0x55, 0x13, 0x55, 0x13, 0x35, 0x13, 0x55, 0x1B, 0x74, 0x23, 0x11, 0x2B, 0xE8, 0x31, 0x82, 0x10,
    0x82, 0x10, 0x61, 0x08, 0x20, 0x00, 0x00, 0x00, 0x00, 0x00, 0x00, 0x00, 0x00, 0x00, 0x00, 0x00,
    0x00, 0x00, 0x00, 0x00, 0x00, 0x00, 0x00, 0x00, 0x00, 0x00, 0x00, 0x00, 0x00, 0x00, 0x20, 0x00,
    0x61, 0x08, 0x82, 0x10, 0xC3, 0x18, 0x66, 0x29, 0xAC, 0x42, 0xB1, 0x53, 0x93, 0x3B, 0x74, 0x23,
    0x55, 0x1B, 0x35, 0x13, 0x55, 0x13, 0x55, 0x1B, 0x55, 0x1B, 0x55, 0x1B, 0x55, 0x1B, 0x55, 0x1B,
    0x55, 0x1B, 0x55, 0x1B, 0x55, 0x1B, 0x55, 0x1B, 0x55, 0x13, 0x55, 0x13, 0x54, 0x23, 0x30, 0x43,
    0xAB, 0x52, 0x69, 0x4A, 0x8A, 0x52, 0xAA, 0x52, 0xAA, 0x52, 0x8E, 0x6B, 0x33, 0x64, 0x95, 0x23,
    0x55, 0x13, 0x55, 0x1B, 0x55, 0x1B, 0x55, 0x13, 0x55, 0x13, 0x34, 0x13, 0x4F, 0x0A, 0xED, 0x01,
    0xED, 0x01, 0xEE, 0x01, 0xED, 0x09, 0x06, 0x11, 0xA4, 0x08, 0x68, 0x09, 0xAB, 0x09, 0xED, 0x09,
    0xEE, 0x01, 0xEE, 0x01, 0xED, 0x01, 0xED, 0x01, 0xED, 0x01, 0xED, 0x01, 0xED, 0x09, 0x06, 0x09,
    0x00, 0x00, 0x00, 0x00, 0x00, 0x00, 0x00, 0x00, 0x00, 0x00, 0x00, 0x00, 0x00, 0x00, 0x00, 0x00,
    0x00, 0x00, 0x00, 0x00, 0x00, 0x00, 0x00, 0x00, 0x00, 0x00, 0x00, 0x00, 0x00, 0x00, 0x00, 0x00,
    0x00, 0x00, 0x00, 0x00, 0x00, 0x00, 0x00, 0x00, 0x00, 0x00, 0x00, 0x00, 0x00, 0x00, 0x00, 0x00,
    0x00, 0x00, 0x00, 0x00, 0x00, 0x00, 0x00, 0x00, 0x00, 0x00, 0x00, 0x00, 0x00, 0x00, 0x00, 0x00,
    0x00, 0x00, 0x00, 0x00, 0x00, 0x00, 0x00, 0x00, 0x00, 0x00, 0x00, 0x00, 0x00, 0x00, 0x00, 0x00,
    0x00, 0x00, 0x00, 0x00, 0x00, 0x00, 0x00, 0x00, 0x00, 0x00, 0x00, 0x00, 0x00, 0x00, 0x00, 0x00,
    0x00, 0x00, 0x00, 0x00, 0x00, 0x00, 0x00, 0x00, 0x00, 0x00, 0x00, 0x00, 0x00, 0x00, 0x00, 0x00,
    0x00, 0x00, 0x00, 0x00, 0x00, 0x00, 0x00, 0x00, 0x00, 0x00, 0x00, 0x00, 0x00, 0x00, 0x00, 0x00,
    0x00, 0x00, 0x00, 0x00, 0x00, 0x00, 0x00, 0x00, 0x00, 0x00, 0x00, 0x00, 0x00, 0x00, 0x00, 0x00,
    0x00, 0x00, 0x00, 0x00, 0x00, 0x00, 0x00, 0x00, 0x00, 0x00, 0x00, 0x00, 0x00, 0x00, 0x00, 0x00,
    0x00, 0x00, 0x00, 0x00, 0x00, 0x00, 0x00, 0x00, 0x00, 0x00, 0x00, 0x00, 0x00, 0x00, 0x00, 0x00,
    0x00, 0x00, 0x00, 0x00, 0x00, 0x00, 0x00, 0x00, 0x00, 0x00, 0x00, 0x00, 0x00, 0x00, 0x00, 0x00,
    0x00, 0x00, 0x00, 0x00, 0x00, 0x00, 0x00, 0x00, 0x00, 0x00, 0x00, 0x00, 0x00, 0x00, 0x00, 0x00,
    0x00, 0x00, 0x00, 0x00, 0x00, 0x00, 0x00, 0x00, 0x00, 0x00, 0x00, 0x00, 0x00, 0x00, 0x00, 0x00,
    0x00, 0x00, 0x00, 0x00, 0x00, 0x00, 0x00, 0x00, 0x00, 0x00, 0x00, 0x00, 0x00, 0x00, 0x00, 0x00,
    0x00, 0x00, 0x00, 0x00, 0x00, 0x00, 0x00, 0x00, 0x00, 0x00, 0x00, 0x00, 0x00, 0x00, 0x00, 0x00,
    0x00, 0x00, 0x00, 0x00, 0x00, 0x00, 0x00, 0x00, 0x00, 0x00, 0x00, 0x00, 0x00, 0x00, 0x00, 0x00,
    0x20, 0x00, 0x89, 0x11, 0xED, 0x01, 0xED, 0x01, 0xED, 0x01, 0xCD, 0x09, 0xCC, 0x09, 0x8A, 0x11,
    0x26, 0x11, 0x82, 0x08, 0x20, 0x00, 0x00, 0x00, 0x00, 0x00, 0x26, 0x11, 0xED, 0x09, 0xED, 0x01,
    0xED, 0x01, 0xCD, 0x01, 0x4F, 0x0A, 0x34, 0x13, 0x55, 0x1B, 0x55, 0x1B, 0x55, 0x1B, 0x55, 0x1B,
    0x55, 0x13, 0x55, 0x1B, 0x71, 0x43, 0x0C, 0x5B, 0x69, 0x4A, 0x69, 0x4A, 0x69, 0x4A, 0x69, 0x4A,
    0xAA, 0x52, 0x4E, 0x5B, 0x93, 0x3B, 0x75, 0x1B, 0x55, 0x13, 0x55, 0x1B, 0x55, 0x1B, 0x55, 0x1B,
    0x55, 0x13, 0x55, 0x13, 0x55, 0x13, 0x55, 0x13, 0x55, 0x13, 0x55, 0x13, 0x55, 0x13, 0x55, 0x13,
    0x55, 0x13, 0x75, 0x1B, 0x12, 0x6C, 0x0C, 0x63, 0x4D, 0x6B, 0x8E, 0x73, 0x2D, 0x5B, 0x4B, 0x32,
    0x2A, 0x32, 0x4A, 0x3A, 0x6A, 0x4A, 0xAA, 0x52, 0xEB, 0x5A, 0x0C, 0x63, 0xEB, 0x5A, 0x0C, 0x63,
    0x2D, 0x63, 0x0C, 0x5B, 0xEC, 0x52, 0x2E, 0x53, 0x4F, 0x53, 0x50, 0x43, 0x72, 0x33, 0x74, 0x2B,
    0x95, 0x23, 0x75, 0x1B, 0x55, 0x13, 0x55, 0x13, 0x55, 0x1B, 0x55, 0x13, 0x55, 0x13, 0x55, 0x13,
    0x55, 0x13, 0x55, 0x1B, 0x55, 0x1B, 0x55, 0x1B, 0x55, 0x1B, 0x55, 0x1B, 0x55, 0x1B, 0x55, 0x1B,
    0x55, 0x1B, 0x93, 0x3B, 0x6F, 0x5B, 0xAA, 0x52, 0x49, 0x4A, 0x28, 0x42, 0x49, 0x4A, 0x69, 0x4A,
    0x0C, 0x5B, 0xB2, 0x4B, 0x75, 0x23, 0x55, 0x1B, 0x55, 0x1B, 0x55, 0x1B, 0x55, 0x1B, 0x55, 0x1B,
    0x34, 0x13, 0x70, 0x0A, 0xCD, 0x01, 0xED, 0x01, 0xED, 0x01, 0xCD, 0x09, 0xE6, 0x08, 0x00, 0x00,
    0x00, 0x00, 0x00, 0x00, 0x41, 0x00, 0x05, 0x09, 0x89, 0x09, 0xEC, 0x09, 0xED, 0x09, 0xED, 0x01,
    0xED, 0x01, 0xCD, 0x01, 0x89, 0x11, 0x21, 0x00, 0x00, 0x00, 0x00, 0x00, 0x00, 0x00, 0x00, 0x00,
    0x00, 0x00, 0x00, 0x00, 0x00, 0x00, 0x00, 0x00, 0x00, 0x00, 0x00, 0x00, 0x00, 0x00, 0x00, 0x00,
    0x00, 0x00, 0x00, 0x00, 0x00, 0x00, 0x00, 0x00, 0x00, 0x00, 0x00, 0x00, 0x00, 0x00, 0x00, 0x00,
    0x00, 0x00, 0x00, 0x00, 0x00, 0x00, 0x00, 0x00, 0x00, 0x00, 0x00, 0x00, 0x00, 0x00, 0x00, 0x00,
    0x00, 0x00, 0x00, 0x00, 0x00, 0x00, 0x00, 0x00, 0x00, 0x00, 0x00, 0x00, 0x00, 0x00, 0x00, 0x00,
    0x00, 0x00, 0x00, 0x00, 0x00, 0x00, 0x00, 0x00, 0x00, 0x00, 0x00, 0x00, 0x00, 0x00, 0x00, 0x00,
    0x00, 0x00, 0x00, 0x00, 0x00, 0x00, 0x00, 0x00, 0x00, 0x00, 0x00, 0x00, 0x00, 0x00, 0x00, 0x00,
    0x00, 0x00, 0x00, 0x00, 0x00, 0x00, 0x00, 0x00, 0x00, 0x00, 0x00, 0x00, 0x00, 0x00, 0x00, 0x00,
    0x00, 0x00, 0x00, 0x00, 0x00, 0x00, 0x00, 0x00, 0x00, 0x00, 0x00, 0x00, 0x00, 0x00, 0x00, 0x00,
    0x00, 0x00, 0x00, 0x00, 0x00, 0x00, 0x00, 0x00, 0x00, 0x00, 0x00, 0x00, 0x00, 0x00, 0x00, 0x00,
    0x00, 0x00, 0x00, 0x00, 0x00, 0x00, 0x00, 0x00, 0x00, 0x00, 0x00, 0x00, 0x00, 0x00, 0x00, 0x00,
    0x00, 0x00, 0x00, 0x00, 0x00, 0x00, 0x00, 0x00, 0x00, 0x00, 0x00, 0x00, 0x00, 0x00, 0x00, 0x00,
    0x00, 0x00, 0x00, 0x00, 0x00, 0x00, 0x00, 0x00, 0x00, 0x00, 0x00, 0x00, 0x00, 0x00, 0x00, 0x00,
    0x00, 0x00, 0x00, 0x00, 0x00, 0x00, 0x00, 0x00, 0x00, 0x00, 0x00, 0x00, 0x00, 0x00, 0x00, 0x00,
    0x00, 0x00, 0x00, 0x00, 0x00, 0x00, 0x00, 0x00, 0x00, 0x00, 0x00, 0x00, 0x00, 0x00, 0x00, 0x00,
    0x00, 0x00, 0x00, 0x00, 0x00, 0x00, 0x00, 0x00, 0x00, 0x00, 0x00, 0x00, 0x00, 0x00, 0x00, 0x00,
    0x00, 0x00, 0x00, 0x00, 0x00, 0x00, 0x00, 0x00, 0x00, 0x00, 0x00, 0x00, 0x00, 0x00, 0x00, 0x00,
    0x00, 0x00, 0x00, 0x00, 0x00, 0x00, 0x00, 0x00, 0x00, 0x00, 0x82, 0x08, 0xCB, 0x11, 0xEC, 0x09,
    0x89, 0x11, 0x05, 0x09, 0x82, 0x08, 0x20, 0x00, 0x00, 0x00, 0x00, 0x00, 0x00, 0x00, 0x00, 0x00,
    0x00, 0x00, 0x20, 0x00, 0x47, 0x11, 0xCC, 0x09, 0xED, 0x01, 0xED, 0x01, 0xED, 0x01, 0x70, 0x0A,
    0x35, 0x13, 0x55, 0x1B, 0x55, 0x1B, 0x55, 0x1B, 0x55, 0x13, 0x55, 0x13, 0x34, 0x1B, 0x52, 0x3B,
    0xED, 0x52, 0x28, 0x4A, 0x69, 0x4A, 0xCB, 0x5A, 0xEB, 0x5A, 0xCB, 0x5A, 0x2D, 0x63, 0x91, 0x53,
    0x74, 0x2B, 0x55, 0x13, 0x55, 0x13, 0x55, 0x1B, 0x55, 0x13, 0x55, 0x13, 0x55, 0x13, 0x55, 0x13,
    0x55, 0x13, 0x55, 0x13, 0x55, 0x1B, 0x55, 0x1B, 0x55, 0x1B, 0x75, 0x1B, 0x16, 0x8D, 0x75, 0xAD,
    0x18, 0xC6, 0x99, 0xD6, 0xB8, 0x9D, 0x55, 0x1B, 0x54, 0x23, 0x95, 0x2B, 0xB5, 0x33, 0xF8, 0x74,
    0x5D, 0xEF, 0x3C, 0xE7, 0x79, 0xCE, 0x59, 0xCE, 0xB7, 0x6C, 0xB5, 0x33, 0xB5, 0x2B, 0x95, 0x23,
    0x75, 0x1B, 0x55, 0x1B, 0x55, 0x1B, 0x55, 0x1B, 0x55, 0x1B, 0x55, 0x1B, 0x55, 0x1B, 0x55, 0x1B,
    0x55, 0x1B, 0x55, 0x1B, 0x55, 0x13, 0x55, 0x1B, 0x55, 0x1B, 0x55, 0x1B, 0x55, 0x1B, 0x55, 0x1B,
    0x55, 0x1B, 0x55, 0x1B, 0x55, 0x1B, 0x95, 0x2B, 0xB1, 0x53, 0x2C, 0x63, 0x8A, 0x52, 0x69, 0x4A,
    0x49, 0x4A, 0x08, 0x42, 0x28, 0x42, 0xEC, 0x52, 0x72, 0x3B, 0x35, 0x1B, 0x55, 0x1B, 0x55, 0x1B,
    0x55, 0x1B, 0x55, 0x1B, 0x55, 0x1B, 0x55, 0x13, 0x90, 0x0A, 0xED, 0x01, 0xED, 0x01, 0xED, 0x01,
    0xCC, 0x01, 0x07, 0x09, 0x00, 0x00, 0x00, 0x00, 0x00, 0x00, 0x00, 0x00, 0x00, 0x00, 0x00, 0x00,
    0x20, 0x00, 0x62, 0x08, 0x06, 0x11, 0xAA, 0x11, 0xCC, 0x09, 0xAB, 0x09, 0xA3, 0x08, 0x00, 0x00,
    0x00, 0x00, 0x00, 0x00, 0x00, 0x00, 0x00, 0x00, 0x00, 0x00, 0x00, 0x00, 0x00, 0x00, 0x00, 0x00,
    0x00, 0x00, 0x00, 0x00, 0x00, 0x00, 0x00, 0x00, 0x00, 0x00, 0x00, 0x00, 0x00, 0x00, 0x00, 0x00,
    0x00, 0x00, 0x00, 0x00, 0x00, 0x00, 0x00, 0x00, 0x00, 0x00, 0x00, 0x00, 0x00, 0x00, 0x00, 0x00,
    0x00, 0x00, 0x00, 0x00, 0x00, 0x00, 0x00, 0x00, 0x00, 0x00, 0x00, 0x00, 0x00, 0x00, 0x00, 0x00,
    0x00, 0x00, 0x00, 0x00, 0x00, 0x00, 0x00, 0x00, 0x00, 0x00, 0x00, 0x00, 0x00, 0x00, 0x00, 0x00,
    0x00, 0x00, 0x00, 0x00, 0x00, 0x00, 0x00, 0x00, 0x00, 0x00, 0x00, 0x00, 0x00, 0x00, 0x00, 0x00,
    0x00, 0x00, 0x00, 0x00, 0x00, 0x00, 0x00, 0x00, 0x00, 0x00, 0x00, 0x00, 0x00, 0x00, 0x00, 0x00,
    0x00, 0x00, 0x00, 0x00, 0x00, 0x00, 0x00, 0x00, 0x00, 0x00, 0x00, 0x00, 0x00, 0x00, 0x00, 0x00,
    0x00, 0x00, 0x00, 0x00, 0x00, 0x00, 0x00, 0x00, 0x00, 0x00, 0x00, 0x00, 0x00, 0x00, 0x00, 0x00,
    0x00, 0x00, 0x00, 0x00, 0x00, 0x00, 0x00, 0x00, 0x00, 0x00, 0x00, 0x00, 0x00, 0x00, 0x00, 0x00,
    0x00, 0x00, 0x00, 0x00, 0x00, 0x00, 0x00, 0x00, 0x00, 0x00, 0x00, 0x00, 0x00, 0x00, 0x00, 0x00,
    0x00, 0x00, 0x00, 0x00, 0x00, 0x00, 0x00, 0x00, 0x00, 0x00, 0x00, 0x00, 0x00, 0x00, 0x00, 0x00,
    0x00, 0x00, 0x00, 0x00, 0x00, 0x00, 0x00, 0x00, 0x00, 0x00, 0x00, 0x00, 0x00, 0x00, 0x00, 0x00,
    0x00, 0x00, 0x00, 0x00, 0x00, 0x00, 0x00, 0x00, 0x00, 0x00, 0x00, 0x00, 0x00, 0x00, 0x00, 0x00,
    0x00, 0x00, 0x00, 0x00, 0x00, 0x00, 0x00, 0x00, 0x00, 0x00, 0x00, 0x00, 0x00, 0x00, 0x00, 0x00,
    0x00, 0x00, 0x00, 0x00, 0x00, 0x00, 0x00, 0x00, 0x00, 0x00, 0x00, 0x00, 0x00, 0x00, 0x00, 0x00,
    0x00, 0x00, 0x00, 0x00, 0x00, 0x00, 0x00, 0x00, 0x00, 0x00, 0x00, 0x00, 0x00, 0x00, 0x00, 0x00,
    0x00, 0x00, 0x00, 0x00, 0x82, 0x08, 0x82, 0x08, 0x20, 0x00, 0x00, 0x00, 0x00, 0x00, 0x00, 0x00,
    0x00, 0x00, 0x00, 0x00, 0x00, 0x00, 0x00, 0x00, 0x00, 0x00, 0x00, 0x00, 0x20, 0x00, 0x47, 0x11,
    0xED, 0x09, 0xEE, 0x01, 0xEE, 0x01, 0xEE, 0x01, 0x70, 0x0A, 0x34, 0x13, 0x55, 0x1B, 0x55, 0x1B,
    0x55, 0x13, 0x55, 0x1B, 0x54, 0x13, 0x35, 0x13, 0x53, 0x2B, 0x0E, 0x4B, 0x8A, 0x4A, 0xAA, 0x52,
    0xEB, 0x5A, 0xCB, 0x5A, 0xAA, 0x52, 0xEB, 0x5A, 0x6E, 0x5B, 0x72, 0x43, 0x54, 0x23, 0x35, 0x13,
    0x55, 0x13, 0x55, 0x13, 0x55, 0x13, 0x55, 0x1B, 0x55, 0x1B, 0x55, 0x13, 0x55, 0x1B, 0x55, 0x1B,
    0x55, 0x1B, 0x55, 0x1B, 0xB5, 0x84, 0xD3, 0x9C, 0xB6, 0xB5, 0x59, 0xCE, 0x98, 0x9D, 0x55, 0x1B,
    0x35, 0x13, 0x55, 0x13, 0x34, 0x13, 0x77, 0x54, 0x5D, 0xEF, 0x1C, 0xE7, 0x38, 0xC6, 0x18, 0xBE,
    0x36, 0x54, 0x34, 0x13, 0x55, 0x13, 0x55, 0x1B, 0x55, 0x1B, 0x55, 0x1B, 0x55, 0x1B, 0x55, 0x1B,
    0x55, 0x1B, 0x55, 0x1B, 0x55, 0x1B, 0x55, 0x1B, 0x55, 0x1B, 0x55, 0x13, 0x55, 0x13, 0x55, 0x13,
    0x55, 0x13, 0x55, 0x13, 0x55, 0x1B, 0x55, 0x13, 0x35, 0x13, 0x75, 0x23, 0x93, 0x43, 0x4E, 0x5B,
    0xCB, 0x5A, 0x69, 0x4A, 0x69, 0x4A, 0x69, 0x4A, 0x69, 0x4A, 0x69, 0x4A, 0x2E, 0x53, 0x53, 0x2B,
    0x35, 0x13, 0x54, 0x13, 0x55, 0x1B, 0x55, 0x1B, 0x55, 0x1B, 0x75, 0x1B, 0x55, 0x13, 0x91, 0x0A,
    0x0E, 0x02, 0xEE, 0x01, 0xED, 0x01, 0xED, 0x01, 0x27, 0x09, 0x20, 0x00, 0x00, 0x00, 0x00, 0x00,
    0x00, 0x00, 0x00, 0x00, 0x00, 0x00, 0x00, 0x00, 0x00, 0x00, 0x00, 0x00, 0x00, 0x00, 0x20, 0x00,
    0x82, 0x08, 0x62, 0x08, 0x00, 0x00, 0x00, 0x00, 0x00, 0x00, 0x00, 0x00, 0x00, 0x00, 0x00, 0x00,
    0x00, 0x00, 0x00, 0x00, 0x00, 0x00, 0x00, 0x00, 0x00, 0x00, 0x00, 0x00, 0x00, 0x00, 0x00, 0x00,
    0x00, 0x00, 0x00, 0x00, 0x00, 0x00, 0x00, 0x00, 0x00, 0x00, 0x00, 0x00, 0x00, 0x00, 0x00, 0x00,
    0x00, 0x00, 0x00, 0x00, 0x00, 0x00, 0x00, 0x00, 0x00, 0x00, 0x00, 0x00, 0x00, 0x00, 0x00, 0x00,
    0x00, 0x00, 0x00, 0x00, 0x00, 0x00, 0x00, 0x00, 0x00, 0x00, 0x00, 0x00, 0x00, 0x00, 0x00, 0x00,
    0x00, 0x00, 0x00, 0x00, 0x00, 0x00, 0x00, 0x00, 0x00, 0x00, 0x00, 0x00, 0x00, 0x00, 0x00, 0x00,
    0x00, 0x00, 0x00, 0x00, 0x00, 0x00, 0x00, 0x00, 0x00, 0x00, 0x00, 0x00, 0x00, 0x00, 0x00, 0x00,
    0x00, 0x00, 0x00, 0x00, 0x00, 0x00, 0x00, 0x00, 0x00, 0x00, 0x00, 0x00, 0x00, 0x00, 0x00, 0x00,
    0x00, 0x00, 0x00, 0x00, 0x00, 0x00, 0x00, 0x00, 0x00, 0x00, 0x00, 0x00, 0x00, 0x00, 0x00, 0x00,
    0x00, 0x00, 0x00, 0x00, 0x00, 0x00, 0x00, 0x00, 0x00, 0x00, 0x00, 0x00, 0x00, 0x00, 0x00, 0x00,
    0x00, 0x00, 0x00, 0x00, 0x00, 0x00, 0x00, 0x00, 0x00, 0x00, 0x00, 0x00, 0x00, 0x00, 0x00, 0x00,
    0x00, 0x00, 0x00, 0x00, 0x00, 0x00, 0x00, 0x00, 0x00, 0x00, 0x00, 0x00, 0x00, 0x00, 0x00, 0x00,
    0x00, 0x00, 0x00, 0x00, 0x00, 0x00, 0x00, 0x00, 0x00, 0x00, 0x00, 0x00, 0x00, 0x00, 0x00, 0x00,
    0x00, 0x00, 0x00, 0x00, 0x00, 0x00, 0x00, 0x00, 0x00, 0x00, 0x00, 0x00, 0x00, 0x00, 0x00, 0x00,
    0x00, 0x00, 0x00, 0x00, 0x00, 0x00, 0x00, 0x00, 0x00, 0x00, 0x00, 0x00, 0x00, 0x00, 0x00, 0x00,
    0x00, 0x00, 0x00, 0x00, 0x00, 0x00, 0x00, 0x00, 0x00, 0x00, 0x00, 0x00, 0x00, 0x00, 0x00, 0x00,
    0x00, 0x00, 0x00, 0x00, 0x00, 0x00, 0x00, 0x00, 0x00, 0x00, 0x00, 0x00, 0x00, 0x00, 0x00, 0x00,
    0x00, 0x00, 0x00, 0x00, 0x00, 0x00, 0x00, 0x00, 0x00, 0x00, 0x00, 0x00, 0x00, 0x00, 0x00, 0x00,
    0x00, 0x00, 0x00, 0x00, 0x00, 0x00, 0x00, 0x00, 0x00, 0x00, 0x00, 0x00, 0x00, 0x00, 0x00, 0x00,
    0x00, 0x00, 0x00, 0x00, 0x00, 0x00, 0x20, 0x00, 0x47, 0x11, 0x0D, 0x0A, 0xEE, 0x01, 0xEE, 0x01,
    0xEE, 0x01, 0x4F, 0x0A, 0x13, 0x13, 0x54, 0x1B, 0x54, 0x1B, 0x55, 0x1B, 0x55, 0x1B, 0x55, 0x1B,
    0x55, 0x13, 0x74, 0x23, 0x50, 0x43, 0xCB, 0x52, 0x69, 0x4A, 0xAA, 0x52, 0xCB, 0x5A, 0xEB, 0x5A,
    0xEB, 0x5A, 0x2C, 0x63, 0x90, 0x63, 0x92, 0x3B, 0x34, 0x23, 0x35, 0x13, 0x55, 0x13, 0x55, 0x1B,
    0x55, 0x1B, 0x55, 0x1B, 0x55, 0x1B, 0x55, 0x1B, 0x55, 0x1B, 0x75, 0x1B, 0x73, 0x74, 0x51, 0x8C,
    0x75, 0xAD, 0x18, 0xC6, 0x98, 0x9D, 0x55, 0x1B, 0x55, 0x1B, 0x35, 0x1B, 0x14, 0x13, 0x77, 0x54,
    0x3C, 0xE7, 0xFB, 0xDE, 0x18, 0xC6, 0xD7, 0xBD, 0x35, 0x54, 0x35, 0x13, 0x55, 0x1B, 0x55, 0x1B,
    0x55, 0x1B, 0x55, 0x1B, 0x55, 0x1B, 0x55, 0x1B, 0x55, 0x1B, 0x55, 0x1B, 0x55, 0x1B, 0x55, 0x1B,
    0x55, 0x1B, 0x55, 0x13, 0x55, 0x13, 0x55, 0x13, 0x55, 0x13, 0x35, 0x13, 0x34, 0x13, 0x34, 0x1B,
    0x31, 0x33, 0x2E, 0x53, 0xCB, 0x5A, 0x8A, 0x52, 0x8A, 0x52, 0x8A, 0x52, 0x69, 0x4A, 0x8A, 0x52,
    0x0C, 0x5B, 0x91, 0x4B, 0x75, 0x23, 0x55, 0x13, 0x55, 0x1B, 0x55, 0x1B, 0x55, 0x1B, 0x55, 0x1B,
    0x55, 0x1B, 0x34, 0x13, 0x70, 0x0A, 0xEE, 0x01, 0xEE, 0x01, 0x0E, 0x02, 0x0E, 0x0A, 0x48, 0x09,
    0x20, 0x00, 0x00, 0x00, 0x00, 0x00, 0x00, 0x00, 0x00, 0x00, 0x00, 0x00, 0x00, 0x00, 0x00, 0x00,
    0x00, 0x00, 0x00, 0x00, 0x00, 0x00, 0x00, 0x00, 0x00, 0x00, 0x00, 0x00, 0x00, 0x00, 0x00, 0x00,
    0x00, 0x00, 0x00, 0x00, 0x00, 0x00, 0x00, 0x00, 0x00, 0x00, 0x00, 0x00, 0x00, 0x00, 0x00, 0x00,
    0x00, 0x00, 0x00, 0x00, 0x00, 0x00, 0x00, 0x00, 0x00, 0x00, 0x00, 0x00, 0x00, 0x00, 0x00, 0x00,
    0x00, 0x00, 0x00, 0x00, 0x00, 0x00, 0x00, 0x00, 0x00, 0x00, 0x00, 0x00, 0x00, 0x00, 0x00, 0x00,
    0x00, 0x00, 0x00, 0x00, 0x00, 0x00, 0x00, 0x00, 0x00, 0x00, 0x00, 0x00, 0x00, 0x00, 0x00, 0x00,
    0x00, 0x00, 0x00, 0x00, 0x00, 0x00, 0x00, 0x00, 0x00, 0x00, 0x00, 0x00, 0x00, 0x00, 0x00, 0x00,
    0x00, 0x00, 0x00, 0x00, 0x00, 0x00, 0x00, 0x00, 0x00, 0x00, 0x00, 0x00, 0x00, 0x00, 0x00, 0x00,
    0x00, 0x00, 0x00, 0x00, 0x00, 0x00, 0x00, 0x00, 0x00, 0x00, 0x00, 0x00, 0x00, 0x00, 0x00, 0x00,
    0x00, 0x00, 0x00, 0x00, 0x00, 0x00, 0x00, 0x00, 0x00, 0x00, 0x00, 0x00, 0x00, 0x00, 0x00, 0x00,
    0x00, 0x00, 0x00, 0x00, 0x00, 0x00, 0x00, 0x00, 0x00, 0x00, 0x00, 0x00, 0x00, 0x00, 0x00, 0x00,
    0x00, 0x00, 0x00, 0x00, 0x00, 0x00, 0x00, 0x00, 0x00, 0x00, 0x00, 0x00, 0x00, 0x00, 0x00, 0x00,
    0x00, 0x00, 0x00, 0x00, 0x00, 0x00, 0x00, 0x00, 0x00, 0x00, 0x00, 0x00, 0x00, 0x00, 0x00, 0x00,
    0x00, 0x00, 0x00, 0x00, 0x00, 0x00, 0x00, 0x00, 0x00, 0x00, 0x00, 0x00, 0x00, 0x00, 0x00, 0x00,
    0x00, 0x00, 0x00, 0x00, 0x00, 0x00, 0x00, 0x00, 0x00, 0x00, 0x00, 0x00, 0x00, 0x00, 0x00, 0x00,
    0x00, 0x00, 0x00, 0x00, 0x00, 0x00, 0x00, 0x00, 0x00, 0x00, 0x00, 0x00, 0x00, 0x00, 0x00, 0x00,
    0x00, 0x00, 0x00, 0x00, 0x00, 0x00, 0x00, 0x00, 0x00, 0x00, 0x00, 0x00, 0x00, 0x00, 0x00, 0x00,
    0x00, 0x00, 0x00, 0x00, 0x00, 0x00, 0x00, 0x00, 0x00, 0x00, 0x00, 0x00, 0x00, 0x00, 0x00, 0x00,
    0x00, 0x00, 0x00, 0x00, 0x00, 0x00, 0x00, 0x00, 0x00, 0x00, 0x00, 0x00, 0x00, 0x00, 0x00, 0x00,
    0x00, 0x00, 0x00, 0x00, 0x00, 0x00, 0x00, 0x00, 0x00, 0x00, 0x00, 0x00, 0x00, 0x00, 0x00, 0x00,
    0x00, 0x00, 0x00, 0x00, 0x00, 0x00, 0x00, 0x00, 0x00, 0x00, 0x00, 0x00, 0x00, 0x00, 0x00, 0x00,
    0x20, 0x00, 0x27, 0x09, 0xED, 0x09, 0xED, 0x01, 0xED, 0x01, 0xCD, 0x01, 0x0E, 0x02, 0xD2, 0x12,
    0x54, 0x1B, 0x55, 0x1B, 0x55, 0x1B, 0x55, 0x1B, 0x55, 0x13, 0x56, 0x13, 0x75, 0x1B, 0x73, 0x33,
    0x6F, 0x5B, 0x0C, 0x63, 0xEB, 0x5A, 0x2C, 0x63, 0x2C, 0x63, 0x2C, 0x63, 0x2C, 0x63, 0x6D, 0x6B,
    0x90, 0x63, 0x92, 0x43, 0x74, 0x2B, 0x55, 0x1B, 0x55, 0x13, 0x55, 0x1B, 0x55, 0x1B, 0x55, 0x1B,
    0x55, 0x13, 0x55, 0x1B, 0x32, 0x6C, 0x30, 0x84, 0x75, 0xAD, 0xF7, 0xBD, 0x77, 0x95, 0x55, 0x1B,
    0x35, 0x13, 0x35, 0x13, 0x15, 0x13, 0x77, 0x5C, 0x3D, 0xE7, 0x1C, 0xE7, 0x38, 0xC6, 0xF7, 0xBD,
    0x36, 0x54, 0x14, 0x13, 0x55, 0x13, 0x55, 0x13, 0x55, 0x13, 0x55, 0x13, 0x55, 0x1B, 0x55, 0x1B,
    0x55, 0x1B, 0x55, 0x1B, 0x55, 0x1B, 0x55, 0x1B, 0x55, 0x1B, 0x55, 0x1B, 0x55, 0x1B, 0x55, 0x13,
    0x55, 0x1B, 0x74, 0x2B, 0x72, 0x43, 0x0D, 0x53, 0x6A, 0x4A, 0x49, 0x4A, 0x8A, 0x4A, 0xAA, 0x52,
    0xCB, 0x5A, 0xAA, 0x52, 0xCB, 0x5A, 0x4E, 0x5B, 0xB4, 0x43, 0x75, 0x1B, 0x55, 0x13, 0x55, 0x1B,
    0x55, 0x1B, 0x55, 0x13, 0x55, 0x13, 0x54, 0x1B, 0xF2, 0x12, 0x2E, 0x0A, 0xED, 0x01, 0xED, 0x01,
    0xEE, 0x01, 0xED, 0x09, 0x47, 0x09, 0x20, 0x00, 0x00, 0x00, 0x00, 0x00, 0x00, 0x00, 0x00, 0x00,
    0x00, 0x00, 0x00, 0x00, 0x00, 0x00, 0x00, 0x00, 0x00, 0x00, 0x00, 0x00, 0x00, 0x00, 0x00, 0x00,
    0x00, 0x00, 0x00, 0x00, 0x00, 0x00, 0x00, 0x00, 0x00, 0x00, 0x00, 0x00, 0x00, 0x00, 0x00, 0x00,
    0x00, 0x00, 0x00, 0x00, 0x00, 0x00, 0x00, 0x00, 0x00, 0x00, 0x00, 0x00, 0x00, 0x00, 0x00, 0x00,
    0x00, 0x00, 0x00, 0x00, 0x00, 0x00, 0x00, 0x00, 0x00, 0x00, 0x00, 0x00, 0x00, 0x00, 0x00, 0x00,
    0x00, 0x00, 0x00, 0x00, 0x00, 0x00, 0x00, 0x00, 0x00, 0x00, 0x00, 0x00, 0x00, 0x00, 0x00, 0x00,
    0x00, 0x00, 0x00, 0x00, 0x00, 0x00, 0x00, 0x00, 0x00, 0x00, 0x00, 0x00, 0x00, 0x00, 0x00, 0x00,
    0x00, 0x00, 0x00, 0x00, 0x00, 0x00, 0x00, 0x00, 0x00, 0x00, 0x00, 0x00, 0x00, 0x00, 0x00, 0x00,
    0x00, 0x00, 0x00, 0x00, 0x00, 0x00, 0x00, 0x00, 0x00, 0x00, 0x00, 0x00, 0x00, 0x00, 0x00, 0x00,
    0x00, 0x00, 0x00, 0x00, 0x00, 0x00, 0x00, 0x00, 0x00, 0x00, 0x00, 0x00, 0x00, 0x00, 0x00, 0x00,
    0x00, 0x00, 0x00, 0x00, 0x00, 0x00, 0x00, 0x00, 0x00, 0x00, 0x00, 0x00, 0x00, 0x00, 0x00, 0x00,
    0x00, 0x00, 0x00, 0x00, 0x00, 0x00, 0x00, 0x00, 0x00, 0x00, 0x00, 0x00, 0x00, 0x00, 0x00, 0x00,
    0x00, 0x00, 0x00, 0x00, 0x00, 0x00, 0x00, 0x00, 0x00, 0x00, 0x00, 0x00, 0x00, 0x00, 0x00, 0x00,
    0x00, 0x00, 0x00, 0x00, 0x00, 0x00, 0x00, 0x00, 0x00, 0x00, 0x00, 0x00, 0x00, 0x00, 0x00, 0x00,
    0x00, 0x00, 0x00, 0x00, 0x00, 0x00, 0x00, 0x00, 0x00, 0x00, 0x00, 0x00, 0x00, 0x00, 0x00, 0x00,
    0x00, 0x00, 0x00, 0x00, 0x00, 0x00, 0x00, 0x00, 0x00, 0x00, 0x00, 0x00, 0x00, 0x00, 0x00, 0x00,
    0x00, 0x00, 0x00, 0x00, 0x00, 0x00, 0x00, 0x00, 0x00, 0x00, 0x00, 0x00, 0x00, 0x00, 0x00, 0x00,
    0x00, 0x00, 0x00, 0x00, 0x00, 0x00, 0x00, 0x00, 0x00, 0x00, 0x00, 0x00, 0x00, 0x00, 0x00, 0x00,
    0x00, 0x00, 0x00, 0x00, 0x00, 0x00, 0x00, 0x00, 0x00, 0x00, 0x00, 0x00, 0x00, 0x00, 0x00, 0x00,
    0x00, 0x00, 0x00, 0x00, 0x00, 0x00, 0x00, 0x00, 0x00, 0x00, 0x00, 0x00, 0x00, 0x00, 0x00, 0x00,
    0x00, 0x00, 0x00, 0x00, 0x00, 0x00, 0x00, 0x00, 0x00, 0x00, 0x00, 0x00, 0x00, 0x00, 0x00, 0x00,
    0x00, 0x00, 0x00, 0x00, 0x00, 0x00, 0x00, 0x00, 0x00, 0x00, 0x20, 0x00, 0x06, 0x09, 0xAC, 0x01,
    0xCD, 0x01, 0xED, 0x01, 0xCD, 0x01, 0xEE, 0x01, 0xD2, 0x12, 0x55, 0x1B, 0x55, 0x13, 0x55, 0x13,
    0x55, 0x13, 0x55, 0x13, 0x55, 0x13, 0x55, 0x13, 0x54, 0x23, 0xB2, 0x53, 0x11, 0x7C, 0xAE, 0x73,
    0x4D, 0x6B, 0x6D, 0x6B, 0x6D, 0x6B, 0x6D, 0x6B, 0x6D, 0x6B, 0xAE, 0x73, 0xF0, 0x73, 0xD2, 0x53,
    0x94, 0x33, 0x75, 0x1B, 0x55, 0x13, 0x55, 0x13, 0x35, 0x13, 0x34, 0x1B, 0xF2, 0x6B, 0x30, 0x84,
    0xB6, 0xB5, 0x38, 0xC6, 0x78, 0x9D, 0x34, 0x1B, 0x35, 0x13, 0x55, 0x13, 0x35, 0x13, 0x77, 0x5C,
    0x1C, 0xDF, 0xDB, 0xDE, 0x38, 0xC6, 0x18, 0xC6, 0x36, 0x54, 0x35, 0x13, 0x55, 0x13, 0x55, 0x13,
    0x55, 0x13, 0x55, 0x13, 0x55, 0x13, 0x55, 0x13, 0x55, 0x13, 0x55, 0x13, 0x55, 0x1B, 0x55, 0x13,
    0x55, 0x13, 0x55, 0x13, 0x55, 0x1B, 0x94, 0x33, 0xF3, 0x5B, 0xF0, 0x73, 0x2C, 0x63, 0x69, 0x4A,
    0x49, 0x4A, 0x69, 0x4A, 0xAA, 0x52, 0xCB, 0x5A, 0xEB, 0x5A, 0x4D, 0x63, 0x91, 0x4B, 0x74, 0x23,
    0x55, 0x13, 0x55, 0x1B, 0x55, 0x1B, 0x55, 0x1B, 0x55, 0x1B, 0x55, 0x13, 0x55, 0x13, 0xB2, 0x12,
    0xEE, 0x01, 0xCD, 0x01, 0xED, 0x01, 0xCD, 0x01, 0xCC, 0x09, 0x06, 0x09, 0x20, 0x00, 0x00, 0x00,
    0x00, 0x00, 0x00, 0x00, 0x00, 0x00, 0x00, 0x00, 0x00, 0x00, 0x00, 0x00, 0x00, 0x00, 0x00, 0x00,
    0x00, 0x00, 0x00, 0x00, 0x00, 0x00, 0x00, 0x00, 0x00, 0x00, 0x00, 0x00, 0x00, 0x00, 0x00, 0x00,
    0x00, 0x00, 0x00, 0x00, 0x00, 0x00, 0x00, 0x00, 0x00, 0x00, 0x00, 0x00, 0x00, 0x00, 0x00, 0x00,
    0x00, 0x00, 0x00, 0x00, 0x00, 0x00, 0x00, 0x00, 0x00, 0x00, 0x00, 0x00, 0x00, 0x00, 0x00, 0x00,
    0x00, 0x00, 0x00, 0x00, 0x00, 0x00, 0x00, 0x00, 0x00, 0x00, 0x00, 0x00, 0x00, 0x00, 0x00, 0x00,
    0x00, 0x00, 0x00, 0x00, 0x00, 0x00, 0x00, 0x00, 0x00, 0x00, 0x00, 0x00, 0x00, 0x00, 0x00, 0x00,
    0x00, 0x00, 0x00, 0x00, 0x00, 0x00, 0x00, 0x00, 0x00, 0x00, 0x00, 0x00, 0x00, 0x00, 0x00, 0x00,
    0x00, 0x00, 0x00, 0x00, 0x00, 0x00, 0x00, 0x00, 0x00, 0x00, 0x00, 0x00, 0x00, 0x00, 0x00, 0x00,
    0x00, 0x00, 0x00, 0x00, 0x00, 0x00, 0x00, 0x00, 0x00, 0x00, 0x00, 0x00, 0x00, 0x00, 0x00, 0x00,
    0x00, 0x00, 0x00, 0x00, 0x00, 0x00, 0x00, 0x00, 0x00, 0x00, 0x00, 0x00, 0x00, 0x00, 0x00, 0x00,
    0x00, 0x00, 0x00, 0x00, 0x00, 0x00, 0x00, 0x00, 0x00, 0x00, 0x00, 0x00, 0x00, 0x00, 0x00, 0x00,
    0x00, 0x00, 0x00, 0x00, 0x00, 0x00, 0x00, 0x00, 0x00, 0x00, 0x00, 0x00, 0x00, 0x00, 0x00, 0x00,
    0x00, 0x00, 0x00, 0x00, 0x00, 0x00, 0x00, 0x00, 0x00, 0x00, 0x00, 0x00, 0x00, 0x00, 0x00, 0x00,
    0x00, 0x00, 0x00, 0x00, 0x00, 0x00, 0x00, 0x00, 0x00, 0x00, 0x00, 0x00, 0x00, 0x00, 0x00, 0x00,
    0x00, 0x00, 0x00, 0x00, 0x00, 0x00, 0x00, 0x00, 0x00, 0x00, 0x00, 0x00, 0x00, 0x00, 0x00, 0x00,
    0x00, 0x00, 0x00, 0x00, 0x00, 0x00, 0x00, 0x00, 0x00, 0x00, 0x00, 0x00, 0x00, 0x00, 0x00, 0x00,
    0x00, 0x00, 0x00, 0x00, 0x00, 0x00, 0x00, 0x00, 0x00, 0x00, 0x00, 0x00, 0x00, 0x00, 0x00, 0x00,
    0x00, 0x00, 0x00, 0x00, 0x00, 0x00, 0x00, 0x00, 0x00, 0x00, 0x00, 0x00, 0x00, 0x00, 0x00, 0x00,
    0x00, 0x00, 0x00, 0x00, 0x00, 0x00, 0x00, 0x00, 0x00, 0x00, 0x00, 0x00, 0x00, 0x00, 0x00, 0x00,
    0x00, 0x00, 0x00, 0x00, 0x00, 0x00, 0x00, 0x00, 0x00, 0x00, 0x00, 0x00, 0x00, 0x00, 0x00, 0x00,
    0x00, 0x00, 0x00, 0x00, 0x00, 0x00, 0x00, 0x00, 0x00, 0x00, 0x00, 0x00, 0x00, 0x00, 0x00, 0x00,
    0x00, 0x00, 0x00, 0x00, 0x00, 0x00, 0xC4, 0x08, 0xAB, 0x09, 0xED, 0x01, 0xED, 0x01, 0xED, 0x01,
    0x0E, 0x02, 0x13, 0x13, 0x75, 0x13, 0x55, 0x1B, 0x55, 0x1B, 0x55, 0x13, 0x55, 0x13, 0x55, 0x13,
    0x35, 0x13, 0x34, 0x13, 0x94, 0x33, 0xF3, 0x63, 0x10, 0x7C, 0xAE, 0x73, 0x8E, 0x73, 0x8E, 0x73,
    0x8E, 0x73, 0x6D, 0x6B, 0x2C, 0x63, 0x2C, 0x6B, 0x6E, 0x6B, 0xB0, 0x63, 0x92, 0x4B, 0x53, 0x33,
    0x54, 0x23, 0x34, 0x1B, 0xD1, 0x63, 0x71, 0x8C, 0x79, 0xCE, 0xFB, 0xDE, 0x19, 0xAE, 0x55, 0x1B,
    0x55, 0x13, 0x55, 0x1B, 0x35, 0x13, 0x56, 0x4C, 0x79, 0xCE, 0x79, 0xCE, 0xBA, 0xD6, 0xBA, 0xD6,
    0x76, 0x5C, 0x35, 0x13, 0x55, 0x1B, 0x55, 0x1B, 0x55, 0x13, 0x55, 0x13, 0x55, 0x13, 0x35, 0x13,
    0x35, 0x13, 0x35, 0x13, 0x35, 0x1B, 0x75, 0x23, 0xB4, 0x33, 0xD3, 0x53, 0x6F, 0x5B, 0x4D, 0x63,
    0x2C, 0x63, 0xEB, 0x5A, 0xAA, 0x52, 0x8A, 0x52, 0x8A, 0x52, 0x8A, 0x52, 0xAA, 0x52, 0x2C, 0x5B,
    0x50, 0x4B, 0x53, 0x2B, 0x54, 0x1B, 0x55, 0x13, 0x55, 0x1B, 0x55, 0x1B, 0x55, 0x1B, 0x55, 0x1B,
    0x55, 0x1B, 0x55, 0x1B, 0x13, 0x13, 0x0E, 0x02, 0xCD, 0x01, 0xED, 0x01, 0xCD, 0x01, 0xCC, 0x09,
    0xE5, 0x08, 0x00, 0x00, 0x00, 0x00, 0x00, 0x00, 0x00, 0x00, 0x00, 0x00, 0x00, 0x00, 0x00, 0x00,
    0x00, 0x00, 0x00, 0x00, 0x00, 0x00, 0x00, 0x00, 0x00, 0x00, 0x00, 0x00, 0x00, 0x00, 0x00, 0x00,
    0x00, 0x00, 0x00, 0x00, 0x00, 0x00, 0x00, 0x00, 0x00, 0x00, 0x00, 0x00, 0x00, 0x00, 0x00, 0x00,
    0x00, 0x00, 0x00, 0x00, 0x00, 0x00, 0x00, 0x00, 0x00, 0x00, 0x00, 0x00, 0x00, 0x00, 0x00, 0x00,
    0x00, 0x00, 0x00, 0x00, 0x00, 0x00, 0x00, 0x00, 0x00, 0x00, 0x00, 0x00, 0x00, 0x00, 0x00, 0x00,
    0x00, 0x00, 0x00, 0x00, 0x00, 0x00, 0x00, 0x00, 0x00, 0x00, 0x00, 0x00, 0x00, 0x00, 0x00, 0x00,
    0x00, 0x00, 0x00, 0x00, 0x00, 0x00, 0x00, 0x00, 0x00, 0x00, 0x00, 0x00, 0x00, 0x00, 0x00, 0x00,
    0x00, 0x00, 0x00, 0x00, 0x00, 0x00, 0x00, 0x00, 0x00, 0x00, 0x00, 0x00, 0x00, 0x00, 0x00, 0x00,
    0x00, 0x00, 0x00, 0x00, 0x00, 0x00, 0x00, 0x00, 0x00, 0x00, 0x00, 0x00, 0x00, 0x00, 0x00, 0x00,
    0x00, 0x00, 0x00, 0x00, 0x00, 0x00, 0x00, 0x00, 0x00, 0x00, 0x00, 0x00, 0x00, 0x00, 0x00, 0x00,
    0x00, 0x00, 0x00, 0x00, 0x00, 0x00, 0x00, 0x00, 0x00, 0x00, 0x00, 0x00, 0x00, 0x00, 0x00, 0x00,
    0x00, 0x00, 0x00, 0x00, 0x00, 0x00, 0x00, 0x00, 0x00, 0x00, 0x00, 0x00, 0x00, 0x00, 0x00, 0x00,
    0x00, 0x00, 0x00, 0x00, 0x00, 0x00, 0x00, 0x00, 0x00, 0x00, 0x00, 0x00, 0x00, 0x00, 0x00, 0x00,
    0x00, 0x00, 0x00, 0x00, 0x00, 0x00, 0x00, 0x00, 0x00, 0x00, 0x00, 0x00, 0x00, 0x00, 0x00, 0x00,
    0x00, 0x00, 0x00, 0x00, 0x00, 0x00, 0x00, 0x00, 0x00, 0x00, 0x00, 0x00, 0x00, 0x00, 0x00, 0x00,
    0x00, 0x00, 0x00, 0x00, 0x00, 0x00, 0x00, 0x00, 0x00, 0x00, 0x00, 0x00, 0x00, 0x00, 0x00, 0x00,
    0x00, 0x00, 0x00, 0x00, 0x00, 0x00, 0x00, 0x00, 0x00, 0x00, 0x00, 0x00, 0x00, 0x00, 0x00, 0x00,
    0x00, 0x00, 0x00, 0x00, 0x00, 0x00, 0x00, 0x00, 0x00, 0x00, 0x00, 0x00, 0x00, 0x00, 0x00, 0x00,
    0x00, 0x00, 0x00, 0x00, 0x00, 0x00, 0x00, 0x00, 0x00, 0x00, 0x00, 0x00, 0x00, 0x00, 0x00, 0x00,
    0x00, 0x00, 0x00, 0x00, 0x00, 0x00, 0x00, 0x00, 0x00, 0x00, 0x00, 0x00, 0x00, 0x00, 0x00, 0x00,
    0x00, 0x00, 0x00, 0x00, 0x00, 0x00, 0x00, 0x00, 0x00, 0x00, 0x00, 0x00, 0x00, 0x00, 0x00, 0x00,
    0x00, 0x00, 0x00, 0x00, 0x00, 0x00, 0x00, 0x00, 0x00, 0x00, 0x00, 0x00, 0x00, 0x00, 0x00, 0x00,
    0x68, 0x11, 0xED, 0x01, 0xEE, 0x01, 0x0E, 0x02, 0x2F, 0x02, 0x34, 0x13, 0x55, 0x13, 0x55, 0x1B,
    0x55, 0x13, 0x55, 0x13, 0x55, 0x13, 0x55, 0x13, 0x55, 0x13, 0x55, 0x13, 0x35, 0x13, 0x35, 0x1B,
    0xB4, 0x3B, 0x33, 0x6C, 0x10, 0x7C, 0xAE, 0x73, 0x6D, 0x6B, 0x4D, 0x6B, 0x2C, 0x63, 0x0C, 0x63,
    0x0B, 0x63, 0xEB, 0x62, 0x0C, 0x63, 0x4D, 0x63, 0xB0, 0x63, 0xD2, 0x5B, 0x11, 0x74, 0xF3, 0x9C,
    0x9A, 0xD6, 0xDB, 0xDE, 0x19, 0xAE, 0x75, 0x1B, 0x35, 0x13, 0x35, 0x1B, 0x35, 0x13, 0x36, 0x4C,
    0x59, 0xC6, 0x79, 0xCE, 0xDB, 0xDE, 0xDB, 0xDE, 0x96, 0x5C, 0x35, 0x13, 0x35, 0x13, 0x55, 0x13,
    0x55, 0x13, 0x35, 0x13, 0x34, 0x1B, 0x54, 0x1B, 0x73, 0x33, 0x93, 0x43, 0xB1, 0x53, 0xF1, 0x6B,
    0xCF, 0x73, 0x4D, 0x6B, 0xEB, 0x5A, 0xCB, 0x5A, 0xEB, 0x5A, 0xEB, 0x5A, 0xCB, 0x5A, 0xAA, 0x52,
    0xAA, 0x52, 0x0C, 0x5B, 0x4F, 0x53, 0x53, 0x33, 0x34, 0x1B, 0x35, 0x13, 0x55, 0x13, 0x55, 0x1B,
    0x55, 0x1B, 0x55, 0x13, 0x55, 0x13, 0x55, 0x13, 0x55, 0x1B, 0x55, 0x1B, 0x34, 0x13, 0x2F, 0x0A,
    0xED, 0x01, 0xED, 0x01, 0xCD, 0x01, 0xAA, 0x11, 0x20, 0x00, 0x00, 0x00, 0x00, 0x00, 0x00, 0x00,
    0x00, 0x00, 0x00, 0x00, 0x00, 0x00, 0x00, 0x00, 0x00, 0x00, 0x00, 0x00, 0x00, 0x00, 0x00, 0x00,
    0x00, 0x00, 0x00, 0x00, 0x00, 0x00, 0x00, 0x00, 0x00, 0x00, 0x00, 0x00, 0x00, 0x00, 0x00, 0x00,
    0x00, 0x00, 0x00, 0x00, 0x00, 0x00, 0x00, 0x00, 0x00, 0x00, 0x00, 0x00, 0x00, 0x00, 0x00, 0x00,
    0x00, 0x00, 0x00, 0x00, 0x00, 0x00, 0x00, 0x00, 0x00, 0x00, 0x00, 0x00, 0x00, 0x00, 0x00, 0x00,
    0x00, 0x00, 0x00, 0x00, 0x00, 0x00, 0x00, 0x00, 0x00, 0x00, 0x00, 0x00, 0x00, 0x00, 0x00, 0x00,
    0x00, 0x00, 0x00, 0x00, 0x00, 0x00, 0x00, 0x00, 0x00, 0x00, 0x00, 0x00, 0x00, 0x00, 0x00, 0x00,
    0x00, 0x00, 0x00, 0x00, 0x00, 0x00, 0x00, 0x00, 0x00, 0x00, 0x00, 0x00, 0x00, 0x00, 0x00, 0x00,
    0x00, 0x00, 0x00, 0x00, 0x00, 0x00, 0x00, 0x00, 0x00, 0x00, 0x00, 0x00, 0x00, 0x00, 0x00, 0x00,
    0x00, 0x00, 0x00, 0x00, 0x00, 0x00, 0x00, 0x00, 0x00, 0x00, 0x00, 0x00, 0x00, 0x00, 0x00, 0x00,
    0x00, 0x00, 0x00, 0x00, 0x00, 0x00, 0x00, 0x00, 0x00, 0x00, 0x00, 0x00, 0x00, 0x00, 0x00, 0x00,
    0x00, 0x00, 0x00, 0x00, 0x00, 0x00, 0x00, 0x00, 0x00, 0x00, 0x00, 0x00, 0x00, 0x00, 0x00, 0x00,
    0x00, 0x00, 0x00, 0x00, 0x00, 0x00, 0x00, 0x00, 0x00, 0x00, 0x00, 0x00, 0x00, 0x00, 0x00, 0x00,
    0x00, 0x00, 0x00, 0x00, 0x00, 0x00, 0x00, 0x00, 0x00, 0x00, 0x00, 0x00, 0x00, 0x00, 0x00, 0x00,
    0x00, 0x00, 0x00, 0x00, 0x00, 0x00, 0x00, 0x00, 0x00, 0x00, 0x00, 0x00, 0x00, 0x00, 0x00, 0x00,
    0x00, 0x00, 0x00, 0x00, 0x00, 0x00, 0x00, 0x00, 0x00, 0x00, 0x00, 0x00, 0x00, 0x00, 0x00, 0x00,
    0x00, 0x00, 0x00, 0x00, 0x00, 0x00, 0x00, 0x00, 0x00, 0x00, 0x00, 0x00, 0x00, 0x00, 0x00, 0x00,
    0x00, 0x00, 0x00, 0x00, 0x00, 0x00, 0x00, 0x00, 0x00, 0x00, 0x00, 0x00, 0x00, 0x00, 0x00, 0x00,
    0x00, 0x00, 0x00, 0x00, 0x00, 0x00, 0x00, 0x00, 0x00, 0x00, 0x00, 0x00, 0x00, 0x00, 0x00, 0x00,
    0x00, 0x00, 0x00, 0x00, 0x00, 0x00, 0x00, 0x00, 0x00, 0x00, 0x00, 0x00, 0x00, 0x00, 0x00, 0x00,
    0x00, 0x00, 0x00, 0x00, 0x00, 0x00, 0x00, 0x00, 0x00, 0x00, 0x00, 0x00, 0x00, 0x00, 0x00, 0x00,
    0x00, 0x00, 0x00, 0x00, 0x00, 0x00, 0x00, 0x00, 0x00, 0x00, 0x00, 0x00, 0x00, 0x00, 0x00, 0x00,
    0x00, 0x00, 0x00, 0x00, 0x00, 0x00, 0x41, 0x00, 0xAB, 0x09, 0x0E, 0x02, 0x0E, 0x02, 0x0E, 0x02,
    0x70, 0x0A, 0x55, 0x1B, 0x55, 0x1B, 0x55, 0x13, 0x55, 0x13, 0x55, 0x13, 0x55, 0x13, 0x55, 0x13,
    0x55, 0x13, 0x55, 0x13, 0x55, 0x13, 0x55, 0x1B, 0x55, 0x13, 0x75, 0x1B, 0xF5, 0x43, 0x74, 0x6C,
    0x52, 0x84, 0x8E, 0x73, 0x0C, 0x63, 0xEB, 0x5A, 0xCB, 0x5A, 0xCB, 0x5A, 0xAB, 0x52, 0xAA, 0x52,
    0xEB, 0x5A, 0x2C, 0x6B, 0x8E, 0x6B, 0xF3, 0x9C, 0x9A, 0xD6, 0xBA, 0xD6, 0xF9, 0xAD, 0x75, 0x1B,
    0x35, 0x13, 0x55, 0x1B, 0x35, 0x13, 0x36, 0x4C, 0x39, 0xC6, 0x38, 0xC6, 0x9A, 0xD6, 0x7A, 0xCE,
    0xB6, 0x6C, 0x94, 0x33, 0xD5, 0x3B, 0xB4, 0x3B, 0xB3, 0x4B, 0xF3, 0x53, 0xF2, 0x63, 0xAF, 0x63,
    0x6E, 0x6B, 0x6D, 0x6B, 0x0C, 0x63, 0x0C, 0x63, 0x0C, 0x63, 0xEB, 0x5A, 0xCB, 0x5A, 0xCB, 0x5A,
    0xCB, 0x5A, 0xEB, 0x5A, 0x0C, 0x63, 0x6E, 0x63, 0xB1, 0x5B, 0xB4, 0x3B, 0x55, 0x1B, 0x35, 0x13,
    0x55, 0x13, 0x55, 0x13, 0x55, 0x13, 0x55, 0x13, 0x55, 0x13, 0x55, 0x13, 0x55, 0x13, 0x55, 0x13,
    0x55, 0x1B, 0x55, 0x1B, 0x55, 0x13, 0x90, 0x0A, 0xED, 0x01, 0xED, 0x01, 0xED, 0x01, 0xCC, 0x09,
    0x62, 0x08, 0x00, 0x00, 0x00, 0x00, 0x00, 0x00, 0x00, 0x00, 0x00, 0x00, 0x00, 0x00, 0x00, 0x00,
    0x00, 0x00, 0x00, 0x00, 0x00, 0x00, 0x00, 0x00, 0x00, 0x00, 0x00, 0x00, 0x00, 0x00, 0x00, 0x00,
    0x00, 0x00, 0x00, 0x00, 0x00, 0x00, 0x00, 0x00, 0x00, 0x00, 0x00, 0x00, 0x00, 0x00, 0x00, 0x00,
    0x00, 0x00, 0x00, 0x00, 0x00, 0x00, 0x00, 0x00, 0x00, 0x00, 0x00, 0x00, 0x00, 0x00, 0x00, 0x00,
    0x00, 0x00, 0x00, 0x00, 0x00, 0x00, 0x00, 0x00, 0x00, 0x00, 0x00, 0x00, 0x00, 0x00, 0x00, 0x00,
    0x00, 0x00, 0x00, 0x00, 0x00, 0x00, 0x00, 0x00, 0x00, 0x00, 0x00, 0x00, 0x00, 0x00, 0x00, 0x00,
    0x00, 0x00, 0x00, 0x00, 0x00, 0x00, 0x00, 0x00, 0x00, 0x00, 0x00, 0x00, 0x00, 0x00, 0x00, 0x00,
    0x00, 0x00, 0x00, 0x00, 0x00, 0x00, 0x00, 0x00, 0x00, 0x00, 0x00, 0x00, 0x00, 0x00, 0x00, 0x00,
    0x00, 0x00, 0x00, 0x00, 0x00, 0x00, 0x00, 0x00, 0x00, 0x00, 0x00, 0x00, 0x00, 0x00, 0x00, 0x00,
    0x00, 0x00, 0x00, 0x00, 0x00, 0x00, 0x00, 0x00, 0x00, 0x00, 0x00, 0x00, 0x00, 0x00, 0x00, 0x00,
    0x00, 0x00, 0x00, 0x00, 0x00, 0x00, 0x00, 0x00, 0x00, 0x00, 0x00, 0x00, 0x00, 0x00, 0x00, 0x00,
    0x00, 0x00, 0x00, 0x00, 0x00, 0x00, 0x00, 0x00, 0x00, 0x00, 0x00, 0x00, 0x00, 0x00, 0x00, 0x00,
    0x00, 0x00, 0x00, 0x00, 0x00, 0x00, 0x00, 0x00, 0x00, 0x00, 0x00, 0x00, 0x00, 0x00, 0x00, 0x00,
    0x00, 0x00, 0x00, 0x00, 0x00, 0x00, 0x00, 0x00, 0x00, 0x00, 0x00, 0x00, 0x00, 0x00, 0x00, 0x00,
    0x00, 0x00, 0x00, 0x00, 0x00, 0x00, 0x00, 0x00, 0x00, 0x00, 0x00, 0x00, 0x00, 0x00, 0x00, 0x00,
    0x00, 0x00, 0x00, 0x00, 0x00, 0x00, 0x00, 0x00, 0x00, 0x00, 0x00, 0x00, 0x00, 0x00, 0x00, 0x00,
    0x00, 0x00, 0x00, 0x00, 0x00, 0x00, 0x00, 0x00, 0x00, 0x00, 0x00, 0x00, 0x00, 0x00, 0x00, 0x00,
    0x00, 0x00, 0x00, 0x00, 0x00, 0x00, 0x00, 0x00, 0x00, 0x00, 0x00, 0x00, 0x00, 0x00, 0x00, 0x00,
    0x00, 0x00, 0x00, 0x00, 0x00, 0x00, 0x00, 0x00, 0x00, 0x00, 0x00, 0x00, 0x00, 0x00, 0x00, 0x00,
    0x00, 0x00, 0x00, 0x00, 0x00, 0x00, 0x00, 0x00, 0x00, 0x00, 0x00, 0x00, 0x00, 0x00, 0x00, 0x00,
    0x00, 0x00, 0x00, 0x00, 0x00, 0x00, 0x00, 0x00, 0x00, 0x00, 0x00, 0x00, 0x00, 0x00, 0x00, 0x00,
    0x00, 0x00, 0x00, 0x00, 0x00, 0x00, 0x00, 0x00, 0x00, 0x00, 0x00, 0x00, 0x00, 0x00, 0xE5, 0x08,
    0xED, 0x09, 0xEE, 0x01, 0xEE, 0x01, 0x0E, 0x02, 0xD2, 0x12, 0x55, 0x1B, 0x55, 0x13, 0x55, 0x13,
    0x55, 0x13, 0x55, 0x13, 0x55, 0x13, 0x55, 0x13, 0x55, 0x13, 0x55, 0x13, 0x55, 0x1B, 0x55, 0x1B,
    0x55, 0x1B, 0x55, 0x1B, 0x55, 0x13, 0x75, 0x1B, 0xD5, 0x33, 0x14, 0x54, 0xD0, 0x6B, 0x6D, 0x6B,
    0xEB, 0x5A, 0xCB, 0x5A, 0xAA, 0x52, 0xAA, 0x52, 0xAA, 0x52, 0xCB, 0x5A, 0x4D, 0x6B, 0xF3, 0x9C,
    0x9A, 0xD6, 0xBA, 0xD6, 0xF9, 0xAD, 0x55, 0x23, 0x55, 0x13, 0x35, 0x1B, 0x35, 0x13, 0x36, 0x4C,
    0x18, 0xC6, 0x17, 0xBE, 0x38, 0xC6, 0xF7, 0xBD, 0xB7, 0xB5, 0x96, 0xAD, 0x34, 0xA5, 0x31, 0x84,
    0x8E, 0x73, 0x6D, 0x6B, 0x4D, 0x6B, 0x2C, 0x63, 0x0C, 0x63, 0x0C, 0x63, 0x0C, 0x63, 0x0C, 0x63,
    0x0C, 0x63, 0xEB, 0x5A, 0xAA, 0x52, 0xCB, 0x5A, 0x2C, 0x63, 0x6F, 0x63, 0xB2, 0x53, 0xB5, 0x33,
    0x75, 0x1B, 0x55, 0x13, 0x55, 0x1B, 0x55, 0x1B, 0x55, 0x13, 0x55, 0x13, 0x55, 0x13, 0x55, 0x1B,
    0x55, 0x13, 0x55, 0x13, 0x55, 0x13, 0x55, 0x13, 0x55, 0x13, 0x55, 0x13, 0x55, 0x1B, 0xF2, 0x12,
    0x0E, 0x02, 0xEE, 0x01, 0xEE, 0x01, 0x0E, 0x0A, 0x05, 0x09, 0x00, 0x00, 0x00, 0x00, 0x00, 0x00,
    0x00, 0x00, 0x00, 0x00, 0x00, 0x00, 0x00, 0x00, 0x00, 0x00, 0x00, 0x00, 0x00, 0x00, 0x00, 0x00,
    0x00, 0x00, 0x00, 0x00, 0x00, 0x00, 0x00, 0x00, 0x00, 0x00, 0x00, 0x00, 0x00, 0x00, 0x00, 0x00,
    0x00, 0x00, 0x00, 0x00, 0x00, 0x00, 0x00, 0x00, 0x00, 0x00, 0x00, 0x00, 0x00, 0x00, 0x00, 0x00,
    0x00, 0x00, 0x00, 0x00, 0x00, 0x00, 0x00, 0x00, 0x00, 0x00, 0x00, 0x00, 0x00, 0x00, 0x00, 0x00,
    0x00, 0x00, 0x00, 0x00, 0x00, 0x00, 0x00, 0x00, 0x00, 0x00, 0x00, 0x00, 0x00, 0x00, 0x00, 0x00,
    0x00, 0x00, 0x00, 0x00, 0x00, 0x00, 0x00, 0x00, 0x00, 0x00, 0x00, 0x00, 0x00, 0x00, 0x00, 0x00,
    0x00, 0x00, 0x00, 0x00, 0x00, 0x00, 0x00, 0x00, 0x00, 0x00, 0x00, 0x00, 0x00, 0x00, 0x00, 0x00,
    0x00, 0x00, 0x00, 0x00, 0x00, 0x00, 0x00, 0x00, 0x00, 0x00, 0x00, 0x00, 0x00, 0x00, 0x00, 0x00,
    0x00, 0x00, 0x00, 0x00, 0x00, 0x00, 0x00, 0x00, 0x00, 0x00, 0x00, 0x00, 0x00, 0x00, 0x00, 0x00,
    0x00, 0x00, 0x00, 0x00, 0x00, 0x00, 0x00, 0x00, 0x00, 0x00, 0x00, 0x00, 0x00, 0x00, 0x00, 0x00,
    0x00, 0x00, 0x00, 0x00, 0x00, 0x00, 0x00, 0x00, 0x00, 0x00, 0x00, 0x00, 0x00, 0x00, 0x00, 0x00,
    0x00, 0x00, 0x00, 0x00, 0x00, 0x00, 0x00, 0x00, 0x00, 0x00, 0x00, 0x00, 0x00, 0x00, 0x00, 0x00,
    0x00, 0x00, 0x00, 0x00, 0x00, 0x00, 0x00, 0x00, 0x00, 0x00, 0x00, 0x00, 0x00, 0x00, 0x00, 0x00,
    0x00, 0x00, 0x00, 0x00, 0x00, 0x00, 0x00, 0x00, 0x00, 0x00, 0x00, 0x00, 0x00, 0x00, 0x00, 0x00,
    0x00, 0x00, 0x00, 0x00, 0x00, 0x00, 0x00, 0x00, 0x00, 0x00, 0x00, 0x00, 0x00, 0x00, 0x00, 0x00,
    0x00, 0x00, 0x00, 0x00, 0x00, 0x00, 0x00, 0x00, 0x00, 0x00, 0x00, 0x00, 0x00, 0x00, 0x00, 0x00,
    0x00, 0x00, 0x00, 0x00, 0x00, 0x00, 0x00, 0x00, 0x00, 0x00, 0x00, 0x00, 0x00, 0x00, 0x00, 0x00,
    0x00, 0x00, 0x00, 0x00, 0x00, 0x00, 0x00, 0x00, 0x00, 0x00, 0x00, 0x00, 0x00, 0x00, 0x00, 0x00,
    0x00, 0x00, 0x00, 0x00, 0x00, 0x00, 0x00, 0x00, 0x00, 0x00, 0x00, 0x00, 0x00, 0x00, 0x00, 0x00,
    0x00, 0x00, 0x00, 0x00, 0x00, 0x00, 0x00, 0x00, 0x00, 0x00, 0x00, 0x00, 0x00, 0x00, 0x00, 0x00,
    0x00, 0x00, 0x00, 0x00, 0x00, 0x00, 0x00, 0x00, 0x00, 0x00, 0x00, 0x00, 0x00, 0x00, 0x00, 0x00,
    0x00, 0x00, 0x00, 0x00, 0x20, 0x00, 0x89, 0x11, 0xEE, 0x01, 0xEE, 0x01, 0xEE, 0x01, 0x2F, 0x02,
    0x34, 0x13, 0x55, 0x1B, 0x55, 0x13, 0x55, 0x13, 0x55, 0x13, 0x55, 0x13, 0x55, 0x13, 0x55, 0x13,
    0x55, 0x13, 0x55, 0x13, 0x55, 0x13, 0x55, 0x1B, 0x55, 0x1B, 0x55, 0x1B, 0x55, 0x1B, 0x55, 0x13,
    0x55, 0x13, 0x35, 0x13, 0x54, 0x23, 0x94, 0x3B, 0xB2, 0x53, 0xB0, 0x6B, 0x4D, 0x63, 0x0C, 0x63,
    0xCB, 0x5A, 0xCB, 0x5A, 0x0C, 0x63, 0xF3, 0x9C, 0xDB, 0xDE, 0xFB, 0xDE, 0x19, 0xAE, 0x54, 0x1B,
    0x34, 0x13, 0x34, 0x13, 0x34, 0x13, 0x36, 0x4C, 0xF8, 0xBD, 0xD7, 0xBD, 0x18, 0xBE, 0xD7, 0xBD,
    0xB6, 0xB5, 0x96, 0xB5, 0x34, 0xA5, 0x30, 0x84, 0x8E, 0x73, 0x6D, 0x6B, 0x6D, 0x6B, 0x4D, 0x6B,
    0x4D, 0x6B, 0x2C, 0x63, 0x0C, 0x63, 0x0C, 0x63, 0x2C, 0x63, 0x2C, 0x63, 0x4E, 0x5B, 0x71, 0x53,
    0x93, 0x3B, 0x75, 0x23, 0x55, 0x1B, 0x55, 0x13, 0x55, 0x13, 0x55, 0x1B, 0x55, 0x1B, 0x55, 0x1B,
    0x55, 0x13, 0x55, 0x13, 0x55, 0x13, 0x55, 0x13, 0x55, 0x13, 0x55, 0x13, 0x55, 0x13, 0x55, 0x13,
    0x55, 0x13, 0x55, 0x13, 0x55, 0x13, 0x34, 0x13, 0x2F, 0x0A, 0xEE, 0x01, 0x0E, 0x02, 0x0E, 0x02,
    0x8A, 0x09, 0x20, 0x00, 0x00, 0x00, 0x00, 0x00, 0x00, 0x00, 0x00, 0x00, 0x00, 0x00, 0x00, 0x00,
    0x00, 0x00, 0x00, 0x00, 0x00, 0x00, 0x00, 0x00, 0x00, 0x00, 0x00, 0x00, 0x00, 0x00, 0x00, 0x00,
    0x00, 0x00, 0x00, 0x00, 0x00, 0x00, 0x00, 0x00, 0x00, 0x00, 0x00, 0x00, 0x00, 0x00, 0x00, 0x00,
    0x00, 0x00, 0x00, 0x00, 0x00, 0x00, 0x00, 0x00, 0x00, 0x00, 0x00, 0x00, 0x00, 0x00, 0x00, 0x00,
    0x00, 0x00, 0x00, 0x00, 0x00, 0x00, 0x00, 0x00, 0x00, 0x00, 0x00, 0x00, 0x00, 0x00, 0x00, 0x00,
    0x00, 0x00, 0x00, 0x00, 0x00, 0x00, 0x00, 0x00, 0x00, 0x00, 0x00, 0x00, 0x00, 0x00, 0x00, 0x00,
    0x00, 0x00, 0x00, 0x00, 0x00, 0x00, 0x00, 0x00, 0x00, 0x00, 0x00, 0x00, 0x00, 0x00, 0x00, 0x00,
    0x00, 0x00, 0x00, 0x00, 0x00, 0x00, 0x00, 0x00, 0x00, 0x00, 0x00, 0x00, 0x00, 0x00, 0x00, 0x00,
    0x00, 0x00, 0x00, 0x00, 0x00, 0x00, 0x00, 0x00, 0x00, 0x00, 0x00, 0x00, 0x00, 0x00, 0x00, 0x00,
    0x00, 0x00, 0x00, 0x00, 0x00, 0x00, 0x00, 0x00, 0x00, 0x00, 0x00, 0x00, 0x00, 0x00, 0x00, 0x00,
    0x00, 0x00, 0x00, 0x00, 0x00, 0x00, 0x00, 0x00, 0x00, 0x00, 0x00, 0x00, 0x00, 0x00, 0x00, 0x00,
    0x00, 0x00, 0x00, 0x00, 0x00, 0x00, 0x00, 0x00, 0x00, 0x00, 0x00, 0x00, 0x00, 0x00, 0x00, 0x00,
    0x00, 0x00, 0x00, 0x00, 0x00, 0x00, 0x00, 0x00, 0x00, 0x00, 0x00, 0x00, 0x00, 0x00, 0x00, 0x00,
    0x00, 0x00, 0x00, 0x00, 0x00, 0x00, 0x00, 0x00, 0x00, 0x00, 0x00, 0x00, 0x00, 0x00, 0x00, 0x00,
    0x00, 0x00, 0x00, 0x00, 0x00, 0x00, 0x00, 0x00, 0x00, 0x00, 0x00, 0x00, 0x00, 0x00, 0x00, 0x00,
    0x00, 0x00, 0x00, 0x00, 0x00, 0x00, 0x00, 0x00, 0x00, 0x00, 0x00, 0x00, 0x00, 0x00, 0x00, 0x00,
    0x00, 0x00, 0x00, 0x00, 0x00, 0x00, 0x00, 0x00, 0x00, 0x00, 0x00, 0x00, 0x00, 0x00, 0x00, 0x00,
    0x00, 0x00, 0x00, 0x00, 0x00, 0x00, 0x00, 0x00, 0x00, 0x00, 0x00, 0x00, 0x00, 0x00, 0x00, 0x00,
    0x00, 0x00, 0x00, 0x00, 0x00, 0x00, 0x00, 0x00, 0x00, 0x00, 0x00, 0x00, 0x00, 0x00, 0x00, 0x00,
    0x00, 0x00, 0x00, 0x00, 0x00, 0x00, 0x00, 0x00, 0x00, 0x00, 0x00, 0x00, 0x00, 0x00, 0x00, 0x00,
    0x00, 0x00, 0x00, 0x00, 0x00, 0x00, 0x00, 0x00, 0x00, 0x00, 0x00, 0x00, 0x00, 0x00, 0x00, 0x00,
    0x00, 0x00, 0x00, 0x00, 0x00, 0x00, 0x00, 0x00, 0x00, 0x00, 0x00, 0x00, 0x82, 0x08, 0xEC, 0x11,
    0xED, 0x01, 0xED, 0x01, 0xEE, 0x01, 0x70, 0x0A, 0x55, 0x1B, 0x55, 0x1B, 0x55, 0x13, 0x55, 0x13,
    0x55, 0x13, 0x55, 0x1B, 0x55, 0x13, 0x55, 0x13, 0x55, 0x13, 0x55, 0x1B, 0x55, 0x1B, 0x55, 0x1B,
    0x55, 0x1B, 0x55, 0x13, 0x55, 0x13, 0x55, 0x13, 0x55, 0x13, 0x55, 0x13, 0x34, 0x13, 0x35, 0x13,
    0x35, 0x1B, 0x74, 0x23, 0xD4, 0x3B, 0x13, 0x5C, 0xF1, 0x6B, 0xAF, 0x73, 0xEF, 0x7B, 0x55, 0xAD,
    0xDA, 0xDE, 0x1B, 0xE7, 0x78, 0x8D, 0x34, 0x1B, 0x34, 0x13, 0x35, 0x13, 0x34, 0x13, 0x36, 0x4C,
    0x7A, 0xCE, 0x59, 0xCE, 0x18, 0xC6, 0xB6, 0xB5, 0x96, 0xB5, 0x75, 0xAD, 0x14, 0xA5, 0x71, 0x8C,
    0x30, 0x84, 0x30, 0x84, 0x30, 0x84, 0xCE, 0x7B, 0x6D, 0x6B, 0x6D, 0x6B, 0x6E, 0x63, 0x4F, 0x5B,
    0x91, 0x53, 0x93, 0x3B, 0x54, 0x23, 0x34, 0x1B, 0x35, 0x13, 0x35, 0x13, 0x55, 0x1B, 0x55, 0x1B,
    0x55, 0x1B, 0x55, 0x1B, 0x55, 0x1B, 0x55, 0x1B, 0x55, 0x1B, 0x55, 0x13, 0x55, 0x13, 0x55, 0x13,
    0x55, 0x13, 0x55, 0x13, 0x55, 0x13, 0x55, 0x13, 0x55, 0x13, 0x55, 0x13, 0x55, 0x13, 0x55, 0x13,
    0x91, 0x0A, 0xEE, 0x01, 0xEE, 0x01, 0xEE, 0x01, 0xCC, 0x09, 0x82, 0x08, 0x00, 0x00, 0x00, 0x00,
    0x00, 0x00, 0x00, 0x00, 0x00, 0x00, 0x00, 0x00, 0x00, 0x00, 0x00, 0x00, 0x00, 0x00, 0x00, 0x00,
    0x00, 0x00, 0x00, 0x00, 0x00, 0x00, 0x00, 0x00, 0x00, 0x00, 0x00, 0x00, 0x00, 0x00, 0x00, 0x00,
    0x00, 0x00, 0x00, 0x00, 0x00, 0x00, 0x00, 0x00, 0x00, 0x00, 0x00, 0x00, 0x00, 0x00, 0x00, 0x00,
    0x00, 0x00, 0x00, 0x00, 0x00, 0x00, 0x00, 0x00, 0x00, 0x00, 0x00, 0x00, 0x00, 0x00, 0x00, 0x00,
    0x00, 0x00, 0x00, 0x00, 0x00, 0x00, 0x00, 0x00, 0x00, 0x00, 0x00, 0x00, 0x00, 0x00, 0x00, 0x00,
    0x00, 0x00, 0x00, 0x00, 0x00, 0x00, 0x00, 0x00, 0x00, 0x00, 0x00, 0x00, 0x00, 0x00, 0x00, 0x00,
    0x00, 0x00, 0x00, 0x00, 0x00, 0x00, 0x00, 0x00, 0x00, 0x00, 0x00, 0x00, 0x00, 0x00, 0x00, 0x00,
    0x00, 0x00, 0x00, 0x00, 0x00, 0x00, 0x00, 0x00, 0x00, 0x00, 0x00, 0x00, 0x00, 0x00, 0x00, 0x00,
    0x00, 0x00, 0x00, 0x00, 0x00, 0x00, 0x00, 0x00, 0x00, 0x00, 0x00, 0x00, 0x00, 0x00, 0x00, 0x00,
    0x00, 0x00, 0x00, 0x00, 0x00, 0x00, 0x00, 0x00, 0x00, 0x00, 0x00, 0x00, 0x00, 0x00, 0x00, 0x00,
    0x00, 0x00, 0x00, 0x00, 0x00, 0x00, 0x00, 0x00, 0x00, 0x00, 0x00, 0x00, 0x00, 0x00, 0x00, 0x00,
    0x00, 0x00, 0x00, 0x00, 0x00, 0x00, 0x00, 0x00, 0x00, 0x00, 0x00, 0x00, 0x00, 0x00, 0x00, 0x00,
    0x00, 0x00, 0x00, 0x00, 0x00, 0x00, 0x00, 0x00, 0x00, 0x00, 0x00, 0x00, 0x00, 0x00, 0x00, 0x00,
    0x00, 0x00, 0x00, 0x00, 0x00, 0x00, 0x00, 0x00, 0x00, 0x00, 0x00, 0x00, 0x00, 0x00, 0x00, 0x00,
    0x00, 0x00, 0x00, 0x00, 0x00, 0x00, 0x00, 0x00, 0x00, 0x00, 0x00, 0x00, 0x00, 0x00, 0x00, 0x00,
    0x00, 0x00, 0x00, 0x00, 0x00, 0x00, 0x00, 0x00, 0x00, 0x00, 0x00, 0x00, 0x00, 0x00, 0x00, 0x00,
    0x00, 0x00, 0x00, 0x00, 0x00, 0x00, 0x00, 0x00, 0x00, 0x00, 0x00, 0x00, 0x00, 0x00, 0x00, 0x00,
    0x00, 0x00, 0x00, 0x00, 0x00, 0x00, 0x00, 0x00, 0x00, 0x00, 0x00, 0x00, 0x00, 0x00, 0x00, 0x00,
    0x00, 0x00, 0x00, 0x00, 0x00, 0x00, 0x00, 0x00, 0x00, 0x00, 0x00, 0x00, 0x00, 0x00, 0x00, 0x00,
    0x00, 0x00, 0x00, 0x00, 0x00, 0x00, 0x00, 0x00, 0x00, 0x00, 0x00, 0x00, 0x00, 0x00, 0x00, 0x00,
    0x00, 0x00, 0x00, 0x00, 0x00, 0x00, 0x00, 0x00, 0x00, 0x00, 0x00, 0x00, 0x00, 0x00, 0x00, 0x00,
    0x00, 0x00, 0x00, 0x00, 0x05, 0x11, 0xED, 0x09, 0xED, 0x01, 0xED, 0x01, 0xED, 0x01, 0xD2, 0x12,
    0x55, 0x1B, 0x55, 0x13, 0x55, 0x13, 0x55, 0x1B, 0x55, 0x1B, 0x55, 0x1B, 0x55, 0x1B, 0x55, 0x1B,
    0x55, 0x1B, 0x55, 0x13, 0x55, 0x13, 0x55, 0x13, 0x55, 0x13, 0x55, 0x13, 0x55, 0x13, 0x55, 0x13,
    0x55, 0x13, 0x55, 0x13, 0x55, 0x13, 0x55, 0x13, 0x55, 0x13, 0x55, 0x13, 0x55, 0x13, 0x55, 0x1B,
    0x95, 0x23, 0xD5, 0x33, 0x15, 0x4C, 0xB6, 0x6C, 0x57, 0x8D, 0x38, 0x7D, 0xB5, 0x2B, 0x35, 0x13,
    0x35, 0x13, 0x35, 0x13, 0x14, 0x13, 0x56, 0x54, 0x3C, 0xE7, 0x1C, 0xE7, 0x38, 0xC6, 0xD7, 0xBD,
    0x96, 0xB5, 0x75, 0xAD, 0x14, 0xA5, 0xF3, 0x9C, 0xB2, 0x94, 0xD4, 0x94, 0xD4, 0x8C, 0x53, 0x74,
    0xB2, 0x53, 0x93, 0x3B, 0x94, 0x2B, 0x55, 0x1B, 0x55, 0x13, 0x35, 0x13, 0x35, 0x13, 0x34, 0x13,
    0x34, 0x13, 0x55, 0x13, 0x55, 0x13, 0x55, 0x13, 0x55, 0x13, 0x55, 0x1B, 0x55, 0x1B, 0x55, 0x1B,
    0x55, 0x13, 0x55, 0x13, 0x55, 0x13, 0x55, 0x13, 0x55, 0x13, 0x55, 0x13, 0x55, 0x13, 0x55, 0x13,
    0x55, 0x13, 0x55, 0x13, 0x55, 0x1B, 0x55, 0x1B, 0xF3, 0x12, 0x0E, 0x02, 0xED, 0x01, 0xED, 0x01,
    0xED, 0x01, 0x06, 0x09, 0x00, 0x00, 0x00, 0x00, 0x00, 0x00, 0x00, 0x00, 0x00, 0x00, 0x00, 0x00,
    0x00, 0x00, 0x00, 0x00, 0x00, 0x00, 0x00, 0x00, 0x00, 0x00, 0x00, 0x00, 0x00, 0x00, 0x00, 0x00,
    0x00, 0x00, 0x00, 0x00, 0x00, 0x00, 0x00, 0x00, 0x00, 0x00, 0x00, 0x00, 0x00, 0x00, 0x00, 0x00,
    0x00, 0x00, 0x00, 0x00, 0x00, 0x00, 0x00, 0x00, 0x00, 0x00, 0x00, 0x00, 0x00, 0x00, 0x00, 0x00,
    0x00, 0x00, 0x00, 0x00, 0x00, 0x00, 0x00, 0x00, 0x00, 0x00, 0x00, 0x00, 0x00, 0x00, 0x00, 0x00,
    0x00, 0x00, 0x00, 0x00, 0x00, 0x00, 0x00, 0x00, 0x00, 0x00, 0x00, 0x00, 0x00, 0x00, 0x00, 0x00,
    0x00, 0x00, 0x00, 0x00, 0x00, 0x00, 0x00, 0x00, 0x00, 0x00, 0x00, 0x00, 0x00, 0x00, 0x00, 0x00,
    0x00, 0x00, 0x00, 0x00, 0x00, 0x00, 0x00, 0x00, 0x00, 0x00, 0x00, 0x00, 0x00, 0x00, 0x00, 0x00,
    0x00, 0x00, 0x00, 0x00, 0x00, 0x00, 0x00, 0x00, 0x00, 0x00, 0x00, 0x00, 0x00, 0x00, 0x00, 0x00,
    0x00, 0x00, 0x00, 0x00, 0x00, 0x00, 0x00, 0x00, 0x00, 0x00, 0x00, 0x00, 0x00, 0x00, 0x00, 0x00,
    0x00, 0x00, 0x00, 0x00, 0x00, 0x00, 0x00, 0x00, 0x00, 0x00, 0x00, 0x00, 0x00, 0x00, 0x00, 0x00,
    0x00, 0x00, 0x00, 0x00, 0x00, 0x00, 0x00, 0x00, 0x00, 0x00, 0x00, 0x00, 0x00, 0x00, 0x00, 0x00,
    0x00, 0x00, 0x00, 0x00, 0x00, 0x00, 0x00, 0x00, 0x00, 0x00, 0x00, 0x00, 0x00, 0x00, 0x00, 0x00,
    0x00, 0x00, 0x00, 0x00, 0x00, 0x00, 0x00, 0x00, 0x00, 0x00, 0x00, 0x00, 0x00, 0x00, 0x00, 0x00,
    0x00, 0x00, 0x00, 0x00, 0x00, 0x00, 0x00, 0x00, 0x00, 0x00, 0x00, 0x00, 0x00, 0x00, 0x00, 0x00,
    0x00, 0x00, 0x00, 0x00, 0x00, 0x00, 0x00, 0x00, 0x00, 0x00, 0x00, 0x00, 0x00, 0x00, 0x00, 0x00,
    0x00, 0x00, 0x00, 0x00, 0x00, 0x00, 0x00, 0x00, 0x00, 0x00, 0x00, 0x00, 0x00, 0x00, 0x00, 0x00,
    0x00, 0x00, 0x00, 0x00, 0x00, 0x00, 0x00, 0x00, 0x00, 0x00, 0x00, 0x00, 0x00, 0x00, 0x00, 0x00,
    0x00, 0x00, 0x00, 0x00, 0x00, 0x00, 0x00, 0x00, 0x00, 0x00, 0x00, 0x00, 0x00, 0x00, 0x00, 0x00,
    0x00, 0x00, 0x00, 0x00, 0x00, 0x00, 0x00, 0x00, 0x00, 0x00, 0x00, 0x00, 0x00, 0x00, 0x00, 0x00,
    0x00, 0x00, 0x00, 0x00, 0x00, 0x00, 0x00, 0x00, 0x00, 0x00, 0x00, 0x00, 0x00, 0x00, 0x00, 0x00,
    0x00, 0x00, 0x00, 0x00, 0x00, 0x00, 0x00, 0x00, 0x00, 0x00, 0x20, 0x00, 0x89, 0x11, 0xED, 0x01,
    0xEE, 0x01, 0xED, 0x01, 0x0E, 0x0A, 0x14, 0x13, 0x55, 0x1B, 0x55, 0x1B, 0x55, 0x1B, 0x55, 0x1B,
    0x55, 0x1B, 0x55, 0x1B, 0x55, 0x1B, 0x55, 0x1B, 0x55, 0x1B, 0x55, 0x13, 0x55, 0x13, 0x55, 0x13,
    0x55, 0x13, 0x14, 0x13, 0xF3, 0x12, 0x34, 0x13, 0x55, 0x13, 0x55, 0x13, 0x55, 0x13, 0x55, 0x13,
    0x55, 0x13, 0x55, 0x13, 0x55, 0x13, 0x55, 0x13, 0x55, 0x13, 0x55, 0x13, 0x35, 0x13, 0x35, 0x13,
    0x55, 0x1B, 0x55, 0x1B, 0x35, 0x13, 0x35, 0x1B, 0x35, 0x13, 0x35, 0x13, 0x14, 0x13, 0x77, 0x54,
    0x5D, 0xE7, 0x3C, 0xE7, 0x59, 0xCE, 0x38, 0xC6, 0x37, 0x8D, 0x76, 0x64, 0x35, 0x5C, 0xF5, 0x4B,
    0xB4, 0x3B, 0x94, 0x2B, 0x74, 0x23, 0x55, 0x1B, 0x55, 0x1B, 0x55, 0x13, 0x55, 0x13, 0x55, 0x13,
    0x55, 0x13, 0x55, 0x13, 0x55, 0x13, 0x55, 0x13, 0x55, 0x13, 0x55, 0x13, 0x55, 0x13, 0x55, 0x13,
    0x35, 0x13, 0x13, 0x13, 0x34, 0x13, 0x55, 0x1B, 0x55, 0x13, 0x55, 0x13, 0x55, 0x13, 0x55, 0x13,
    0x55, 0x13, 0x55, 0x13, 0x55, 0x13, 0x55, 0x13, 0x55, 0x13, 0x55, 0x13, 0x55, 0x13, 0x55, 0x13,
    0x35, 0x13, 0x4F, 0x0A, 0xED, 0x01, 0xED, 0x01, 0xED, 0x01, 0xAA, 0x11, 0x41, 0x00, 0x00, 0x00,
    0x00, 0x00, 0x00, 0x00, 0x00, 0x00, 0x00, 0x00, 0x00, 0x00, 0x00, 0x00, 0x00, 0x00, 0x00, 0x00,
    0x00, 0x00, 0x00, 0x00, 0x00, 0x00, 0x00, 0x00, 0x00, 0x00, 0x00, 0x00, 0x00, 0x00, 0x00, 0x00,
    0x00, 0x00, 0x00, 0x00, 0x00, 0x00, 0x00, 0x00, 0x00, 0x00, 0x00, 0x00, 0x00, 0x00, 0x00, 0x00,
    0x00, 0x00, 0x00, 0x00, 0x00, 0x00, 0x00, 0x00, 0x00, 0x00, 0x00, 0x00, 0x00, 0x00, 0x00, 0x00,
    0x00, 0x00, 0x00, 0x00, 0x00, 0x00, 0x00, 0x00, 0x00, 0x00, 0x00, 0x00, 0x00, 0x00, 0x00, 0x00,
    0x00, 0x00, 0x00, 0x00, 0x00, 0x00, 0x00, 0x00, 0x00, 0x00, 0x00, 0x00, 0x00, 0x00, 0x00, 0x00,
    0x00, 0x00, 0x00, 0x00, 0x00, 0x00, 0x00, 0x00, 0x00, 0x00, 0x00, 0x00, 0x00, 0x00, 0x00, 0x00,
    0x00, 0x00, 0x00, 0x00, 0x00, 0x00, 0x00, 0x00, 0x00, 0x00, 0x00, 0x00, 0x00, 0x00, 0x00, 0x00,
    0x00, 0x00, 0x00, 0x00, 0x00, 0x00, 0x00, 0x00, 0x00, 0x00, 0x00, 0x00, 0x00, 0x00, 0x00, 0x00,
    0x00, 0x00, 0x00, 0x00, 0x00, 0x00, 0x00, 0x00, 0x00, 0x00, 0x00, 0x00, 0x00, 0x00, 0x00, 0x00,
    0x00, 0x00, 0x00, 0x00, 0x00, 0x00, 0x00, 0x00, 0x00, 0x00, 0x00, 0x00, 0x00, 0x00, 0x00, 0x00,
    0x00, 0x00, 0x00, 0x00, 0x00, 0x00, 0x00, 0x00, 0x00, 0x00, 0x00, 0x00, 0x00, 0x00, 0x00, 0x00,
    0x00, 0x00, 0x00, 0x00, 0x00, 0x00, 0x00, 0x00, 0x00, 0x00, 0x00, 0x00, 0x00, 0x00, 0x00, 0x00,
    0x00, 0x00, 0x00, 0x00, 0x00, 0x00, 0x00, 0x00, 0x00, 0x00, 0x00, 0x00, 0x00, 0x00, 0x00, 0x00,
    0x00, 0x00, 0x00, 0x00, 0x00, 0x00, 0x00, 0x00, 0x00, 0x00, 0x00, 0x00, 0x00, 0x00, 0x00, 0x00,
    0x00, 0x00, 0x00, 0x00, 0x00, 0x00, 0x00, 0x00, 0x00, 0x00, 0x00, 0x00, 0x00, 0x00, 0x00, 0x00,
    0x00, 0x00, 0x00, 0x00, 0x00, 0x00, 0x00, 0x00, 0x00, 0x00, 0x00, 0x00, 0x00, 0x00, 0x00, 0x00,
    0x00, 0x00, 0x00, 0x00, 0x00, 0x00, 0x00, 0x00, 0x00, 0x00, 0x00, 0x00, 0x00, 0x00, 0x00, 0x00,
    0x00, 0x00, 0x00, 0x00, 0x00, 0x00, 0x00, 0x00, 0x00, 0x00, 0x00, 0x00, 0x00, 0x00, 0x00, 0x00,
    0x00, 0x00, 0x00, 0x00, 0x00, 0x00, 0x00, 0x00, 0x00, 0x00, 0x00, 0x00, 0x00, 0x00, 0x00, 0x00,
    0x00, 0x00, 0x00, 0x00, 0x00, 0x00, 0x00, 0x00, 0x00, 0x00, 0x00, 0x00, 0x00, 0x00, 0x00, 0x00,
    0x00, 0x00, 0xA3, 0x08, 0x0D, 0x0A, 0xEE, 0x01, 0x0E, 0x02, 0xED, 0x01, 0x2F, 0x0A, 0x13, 0x13,
    0x54, 0x1B, 0x55, 0x1B, 0x55, 0x1B, 0x55, 0x1B, 0x55, 0x1B, 0x55, 0x1B, 0x55, 0x1B, 0x55, 0x1B,
    0x55, 0x1B, 0x55, 0x13, 0x55, 0x13, 0x55, 0x13, 0x14, 0x13, 0x4F, 0x0A, 0xED, 0x01, 0x4F, 0x0A,
    0xD2, 0x12, 0x34, 0x13, 0x55, 0x13, 0x55, 0x13, 0x55, 0x1B, 0x55, 0x13, 0x55, 0x13, 0x55, 0x13,
    0x55, 0x13, 0x55, 0x13, 0x55, 0x13, 0x55, 0x13, 0x55, 0x13, 0x55, 0x13, 0x55, 0x13, 0x55, 0x13,
    0x35, 0x13, 0x55, 0x13, 0x35, 0x13, 0x77, 0x54, 0x5D, 0xEF, 0x3C, 0xE7, 0x59, 0xCE, 0x38, 0xC6,
    0x56, 0x54, 0x35, 0x13, 0x35, 0x13, 0x35, 0x13, 0x35, 0x13, 0x35, 0x13, 0x34, 0x13, 0x34, 0x13,
    0x55, 0x13, 0x55, 0x13, 0x55, 0x13, 0x55, 0x13, 0x55, 0x13, 0x55, 0x13, 0x55, 0x13, 0x55, 0x13,
    0x55, 0x13, 0x55, 0x13, 0x34, 0x13, 0xD2, 0x12, 0x70, 0x0A, 0x0E, 0x02, 0x4F, 0x0A, 0x14, 0x13,
    0x55, 0x13, 0x55, 0x13, 0x55, 0x13, 0x55, 0x13, 0x55, 0x13, 0x55, 0x13, 0x55, 0x13, 0x55, 0x13,
    0x55, 0x13, 0x55, 0x13, 0x55, 0x13, 0x55, 0x13, 0x34, 0x13, 0x50, 0x0A, 0x0E, 0x02, 0xEE, 0x01,
    0xED, 0x01, 0xCC, 0x09, 0xA3, 0x08, 0x00, 0x00, 0x00, 0x00, 0x00, 0x00, 0x00, 0x00, 0x00, 0x00,
    0x00, 0x00, 0x00, 0x00, 0x00, 0x00, 0x00, 0x00, 0x00, 0x00, 0x00, 0x00, 0x00, 0x00, 0x00, 0x00,
    0x00, 0x00, 0x00, 0x00, 0x00, 0x00, 0x00, 0x00, 0x00, 0x00, 0x00, 0x00, 0x00, 0x00, 0x00, 0x00,
    0x00, 0x00, 0x00, 0x00, 0x00, 0x00, 0x00, 0x00, 0x00, 0x00, 0x00, 0x00, 0x00, 0x00, 0x00, 0x00,
    0x00, 0x00, 0x00, 0x00, 0x00, 0x00, 0x00, 0x00, 0x00, 0x00, 0x00, 0x00, 0x00, 0x00, 0x00, 0x00,
    0x00, 0x00, 0x00, 0x00, 0x00, 0x00, 0x00, 0x00, 0x00, 0x00, 0x00, 0x00, 0x00, 0x00, 0x00, 0x00,
    0x00, 0x00, 0x00, 0x00, 0x00, 0x00, 0x00, 0x00, 0x00, 0x00, 0x00, 0x00, 0x00, 0x00, 0x00, 0x00,
    0x00, 0x00, 0x00, 0x00, 0x00, 0x00, 0x00, 0x00, 0x00, 0x00, 0x00, 0x00, 0x00, 0x00, 0x00, 0x00,
    0x00, 0x00, 0x00, 0x00, 0x00, 0x00, 0x00, 0x00, 0x00, 0x00, 0x00, 0x00, 0x00, 0x00, 0x00, 0x00,
    0x00, 0x00, 0x00, 0x00, 0x00, 0x00, 0x00, 0x00, 0x00, 0x00, 0x00, 0x00, 0x00, 0x00, 0x00, 0x00,
    0x00, 0x00, 0x00, 0x00, 0x00, 0x00, 0x00, 0x00, 0x00, 0x00, 0x00, 0x00, 0x00, 0x00, 0x00, 0x00,
    0x00, 0x00, 0x00, 0x00, 0x00, 0x00, 0x00, 0x00, 0x00, 0x00, 0x00, 0x00, 0x00, 0x00, 0x00, 0x00,
    0x00, 0x00, 0x00, 0x00, 0x00, 0x00, 0x00, 0x00, 0x00, 0x00, 0x00, 0x00, 0x00, 0x00, 0x00, 0x00,
    0x00, 0x00, 0x00, 0x00, 0x00, 0x00, 0x00, 0x00, 0x00, 0x00, 0x00, 0x00, 0x00, 0x00, 0x00, 0x00,
    0x00, 0x00, 0x00, 0x00, 0x00, 0x00, 0x00, 0x00, 0x00, 0x00, 0x00, 0x00, 0x00, 0x00, 0x00, 0x00,
    0x00, 0x00, 0x00, 0x00, 0x00, 0x00, 0x00, 0x00, 0x00, 0x00, 0x00, 0x00, 0x00, 0x00, 0x00, 0x00,
    0x00, 0x00, 0x00, 0x00, 0x00, 0x00, 0x00, 0x00, 0x00, 0x00, 0x00, 0x00, 0x00, 0x00, 0x00, 0x00,
    0x00, 0x00, 0x00, 0x00, 0x00, 0x00, 0x00, 0x00, 0x00, 0x00, 0x00, 0x00, 0x00, 0x00, 0x00, 0x00,
    0x00, 0x00, 0x00, 0x00, 0x00, 0x00, 0x00, 0x00, 0x00, 0x00, 0x00, 0x00, 0x00, 0x00, 0x00, 0x00,
    0x00, 0x00, 0x00, 0x00, 0x00, 0x00, 0x00, 0x00, 0x00, 0x00, 0x00, 0x00, 0x00, 0x00, 0x00, 0x00,
    0x00, 0x00, 0x00, 0x00, 0x00, 0x00, 0x00, 0x00, 0x00, 0x00, 0x00, 0x00, 0x00, 0x00, 0x00, 0x00,
    0x00, 0x00, 0x00, 0x00, 0x00, 0x00, 0x00, 0x00, 0x00, 0x00, 0x26, 0x11, 0x0E, 0x0A, 0x0E, 0x02,
    0xEE, 0x01, 0xED, 0x01, 0xED, 0x01, 0x2F, 0x0A, 0xF2, 0x12, 0x55, 0x1B, 0x55, 0x1B, 0x55, 0x1B,
    0x55, 0x1B, 0x55, 0x1B, 0x55, 0x1B, 0x55, 0x1B, 0x55, 0x1B, 0x55, 0x13, 0x55, 0x13, 0x34, 0x13,
    0x70, 0x0A, 0xED, 0x01, 0xED, 0x01, 0xEE, 0x01, 0x0E, 0x02, 0x4F, 0x0A, 0xB1, 0x0A, 0xF3, 0x12,
    0x35, 0x13, 0x55, 0x13, 0x55, 0x13, 0x55, 0x13, 0x55, 0x13, 0x55, 0x13, 0x55, 0x13, 0x55, 0x13,
    0x55, 0x13, 0x55, 0x13, 0x55, 0x13, 0x55, 0x13, 0x55, 0x13, 0x55, 0x13, 0x55, 0x13, 0x97, 0x5C,
    0x7D, 0xEF, 0x5D, 0xE7, 0x79, 0xCE, 0x79, 0xCE, 0x76, 0x5C, 0x35, 0x13, 0x55, 0x1B, 0x55, 0x13,
    0x34, 0x13, 0x34, 0x13, 0x34, 0x13, 0x34, 0x13, 0x34, 0x13, 0x34, 0x13, 0x55, 0x13, 0x55, 0x13,
    0x55, 0x1B, 0x55, 0x1B, 0x55, 0x1B, 0x55, 0x13, 0x13, 0x13, 0x91, 0x0A, 0x2F, 0x0A, 0xED, 0x01,
    0xED, 0x01, 0xED, 0x01, 0xED, 0x01, 0x4F, 0x0A, 0x34, 0x13, 0x54, 0x13, 0x55, 0x13, 0x55, 0x13,
    0x55, 0x13, 0x55, 0x1B, 0x55, 0x13, 0x55, 0x13, 0x55, 0x13, 0x55, 0x13, 0x34, 0x13, 0xF3, 0x12,
    0x4F, 0x0A, 0xEE, 0x01, 0x0E, 0x02, 0x0E, 0x02, 0x0E, 0x02, 0x0E, 0x02, 0x48, 0x11, 0x00, 0x00,
    0x00, 0x00, 0x00, 0x00, 0x00, 0x00, 0x00, 0x00, 0x00, 0x00, 0x00, 0x00, 0x00, 0x00, 0x00, 0x00,
    0x00, 0x00, 0x00, 0x00, 0x00, 0x00, 0x00, 0x00, 0x00, 0x00, 0x00, 0x00, 0x00, 0x00, 0x00, 0x00,
    0x00, 0x00, 0x00, 0x00, 0x00, 0x00, 0x00, 0x00, 0x00, 0x00, 0x00, 0x00, 0x00, 0x00, 0x00, 0x00,
    0x00, 0x00, 0x00, 0x00, 0x00, 0x00, 0x00, 0x00, 0x00, 0x00, 0x00, 0x00, 0x00, 0x00, 0x00, 0x00,
    0x00, 0x00, 0x00, 0x00, 0x00, 0x00, 0x00, 0x00, 0x00, 0x00, 0x00, 0x00, 0x00, 0x00, 0x00, 0x00,
    0x00, 0x00, 0x00, 0x00, 0x00, 0x00, 0x00, 0x00, 0x00, 0x00, 0x00, 0x00, 0x00, 0x00, 0x00, 0x00,
    0x00, 0x00, 0x00, 0x00, 0x00, 0x00, 0x00, 0x00, 0x00, 0x00, 0x00, 0x00, 0x00, 0x00, 0x00, 0x00,
    0x00, 0x00, 0x00, 0x00, 0x00, 0x00, 0x00, 0x00, 0x00, 0x00, 0x00, 0x00, 0x00, 0x00, 0x00, 0x00,
    0x00, 0x00, 0x00, 0x00, 0x00, 0x00, 0x00, 0x00, 0x00, 0x00, 0x00, 0x00, 0x00, 0x00, 0x00, 0x00,
    0x00, 0x00, 0x00, 0x00, 0x00, 0x00, 0x00, 0x00, 0x00, 0x00, 0x00, 0x00, 0x00, 0x00, 0x00, 0x00,
    0x00, 0x00, 0x00, 0x00, 0x00, 0x00, 0x00, 0x00, 0x00, 0x00, 0x00, 0x00, 0x00, 0x00, 0x00, 0x00,
    0x00, 0x00, 0x00, 0x00, 0x00, 0x00, 0x00, 0x00, 0x00, 0x00, 0x00, 0x00, 0x00, 0x00, 0x00, 0x00,
    0x00, 0x00, 0x00, 0x00, 0x00, 0x00, 0x00, 0x00, 0x00, 0x00, 0x00, 0x00, 0x00, 0x00, 0x00, 0x00,
    0x00, 0x00, 0x00, 0x00, 0x00, 0x00, 0x00, 0x00, 0x00, 0x00, 0x00, 0x00, 0x00, 0x00, 0x00, 0x00,
    0x00, 0x00, 0x00, 0x00, 0x00, 0x00, 0x00, 0x00, 0x00, 0x00, 0x00, 0x00, 0x00, 0x00, 0x00, 0x00,
    0x00, 0x00, 0x00, 0x00, 0x00, 0x00, 0x00, 0x00, 0x00, 0x00, 0x00, 0x00, 0x00, 0x00, 0x00, 0x00,
    0x00, 0x00, 0x00, 0x00, 0x00, 0x00, 0x00, 0x00, 0x00, 0x00, 0x00, 0x00, 0x00, 0x00, 0x00, 0x00,
    0x00, 0x00, 0x00, 0x00, 0x00, 0x00, 0x00, 0x00, 0x00, 0x00, 0x00, 0x00, 0x00, 0x00, 0x00, 0x00,
    0x00, 0x00, 0x00, 0x00, 0x00, 0x00, 0x00, 0x00, 0x00, 0x00, 0x00, 0x00, 0x00, 0x00, 0x00, 0x00,
    0x00, 0x00, 0x00, 0x00, 0x00, 0x00, 0x00, 0x00, 0x00, 0x00, 0x00, 0x00, 0x00, 0x00, 0x00, 0x00,
    0x00, 0x00, 0x00, 0x00, 0x00, 0x00, 0x00, 0x00, 0x00, 0x00, 0x00, 0x00, 0x00, 0x00, 0x00, 0x00,
    0x00, 0x00, 0x26, 0x11, 0xED, 0x09, 0xED, 0x01, 0xED, 0x01, 0xED, 0x01, 0xED, 0x01, 0xED, 0x01,
    0x0E, 0x02, 0xB1, 0x0A, 0x55, 0x13, 0x75, 0x1B, 0x55, 0x1B, 0x55, 0x1B, 0x55, 0x1B, 0x55, 0x13,
    0x55, 0x13, 0x55, 0x13, 0x34, 0x13, 0x90, 0x0A, 0xED, 0x01, 0xED, 0x01, 0xEE, 0x01, 0x0E, 0x02,
    0x0E, 0x02, 0x0E, 0x02, 0x0E, 0x02, 0x0E, 0x02, 0x4F, 0x0A, 0x90, 0x0A, 0xD2, 0x12, 0x13, 0x13,
    0x34, 0x13, 0x34, 0x13, 0x55, 0x13, 0x55, 0x13, 0x55, 0x13, 0x55, 0x13, 0x55, 0x13, 0x55, 0x13,
    0x55, 0x13, 0x55, 0x13, 0x55, 0x13, 0x97, 0x5C, 0x5D, 0xEF, 0x5D, 0xE7, 0xBA, 0xD6, 0x9A, 0xCE,
    0x56, 0x5C, 0x35, 0x13, 0x55, 0x1B, 0x55, 0x13, 0x55, 0x13, 0x55, 0x13, 0x55, 0x13, 0x55, 0x13,
    0x55, 0x13, 0x55, 0x13, 0x55, 0x13, 0x34, 0x13, 0x14, 0x13, 0xF3, 0x12, 0xB1, 0x0A, 0x4F, 0x0A,
    0x0E, 0x02, 0x0E, 0x02, 0xEE, 0x01, 0xED, 0x01, 0xED, 0x01, 0xED, 0x01, 0xED, 0x01, 0xED, 0x01,
    0x70, 0x0A, 0x34, 0x13, 0x55, 0x13, 0x55, 0x13, 0x55, 0x1B, 0x55, 0x1B, 0x55, 0x1B, 0x55, 0x13,
    0x55, 0x13, 0x34, 0x13, 0x91, 0x0A, 0x0E, 0x02, 0xED, 0x01, 0xED, 0x01, 0xED, 0x01, 0x0E, 0x02,
    0x0E, 0x02, 0x0E, 0x0A, 0x68, 0x11, 0x00, 0x00, 0x00, 0x00, 0x00, 0x00, 0x00, 0x00, 0x00, 0x00,
    0x00, 0x00, 0x00, 0x00, 0x00, 0x00, 0x00, 0x00, 0x00, 0x00, 0x00, 0x00, 0x00, 0x00, 0x00, 0x00,
    0x00, 0x00, 0x00, 0x00, 0x00, 0x00, 0x00, 0x00, 0x00, 0x00, 0x00, 0x00, 0x00, 0x00, 0x00, 0x00,
    0x00, 0x00, 0x00, 0x00, 0x00, 0x00, 0x00, 0x00, 0x00, 0x00, 0x00, 0x00, 0x00, 0x00, 0x00, 0x00,
    0x00, 0x00, 0x00, 0x00, 0x00, 0x00, 0x00, 0x00, 0x00, 0x00, 0x00, 0x00, 0x00, 0x00, 0x00, 0x00,
    0x00, 0x00, 0x00, 0x00, 0x00, 0x00, 0x00, 0x00, 0x00, 0x00, 0x00, 0x00, 0x00, 0x00, 0x00, 0x00,
    0x00, 0x00, 0x00, 0x00, 0x00, 0x00, 0x00, 0x00, 0x00, 0x00, 0x00, 0x00, 0x00, 0x00, 0x00, 0x00,
    0x00, 0x00, 0x00, 0x00, 0x00, 0x00, 0x00, 0x00, 0x00, 0x00, 0x00, 0x00, 0x00, 0x00, 0x00, 0x00,
    0x00, 0x00, 0x00, 0x00, 0x00, 0x00, 0x00, 0x00, 0x00, 0x00, 0x00, 0x00, 0x00, 0x00, 0x00, 0x00,
    0x00, 0x00, 0x00, 0x00, 0x00, 0x00, 0x00, 0x00, 0x00, 0x00, 0x00, 0x00, 0x00, 0x00, 0x00, 0x00,
    0x00, 0x00, 0x00, 0x00, 0x00, 0x00, 0x00, 0x00, 0x00, 0x00, 0x00, 0x00, 0x00, 0x00, 0x00, 0x00,
    0x00, 0x00, 0x00, 0x00, 0x00, 0x00, 0x00, 0x00, 0x00, 0x00, 0x00, 0x00, 0x00, 0x00, 0x00, 0x00,
    0x00, 0x00, 0x00, 0x00, 0x00, 0x00, 0x00, 0x00, 0x00, 0x00, 0x00, 0x00, 0x00, 0x00, 0x00, 0x00,
    0x00, 0x00, 0x00, 0x00, 0x00, 0x00, 0x00, 0x00, 0x00, 0x00, 0x00, 0x00, 0x00, 0x00, 0x00, 0x00,
    0x00, 0x00, 0x00, 0x00, 0x00, 0x00, 0x00, 0x00, 0x00, 0x00, 0x00, 0x00, 0x00, 0x00, 0x00, 0x00,
    0x00, 0x00, 0x00, 0x00, 0x00, 0x00, 0x00, 0x00, 0x00, 0x00, 0x00, 0x00, 0x00, 0x00, 0x00, 0x00,
    0x00, 0x00, 0x00, 0x00, 0x00, 0x00, 0x00, 0x00, 0x00, 0x00, 0x00, 0x00, 0x00, 0x00, 0x00, 0x00,
    0x00, 0x00, 0x00, 0x00, 0x00, 0x00, 0x00, 0x00, 0x00, 0x00, 0x00, 0x00, 0x00, 0x00, 0x00, 0x00,
    0x00, 0x00, 0x00, 0x00, 0x00, 0x00, 0x00, 0x00, 0x00, 0x00, 0x00, 0x00, 0x00, 0x00, 0x00, 0x00,
    0x00, 0x00, 0x00, 0x00, 0x00, 0x00, 0x00, 0x00, 0x00, 0x00, 0x00, 0x00, 0x00, 0x00, 0x00, 0x00,
    0x00, 0x00, 0x00, 0x00, 0x00, 0x00, 0x00, 0x00, 0x00, 0x00, 0x00, 0x00, 0x00, 0x00, 0x00, 0x00,
    0x00, 0x00, 0x00, 0x00, 0x00, 0x00, 0x00, 0x00, 0x00, 0x00, 0x20, 0x00, 0x06, 0x09, 0xCC, 0x09,
    0xED, 0x01, 0xED, 0x01, 0xED, 0x01, 0xEE, 0x01, 0x0E, 0x02, 0x0E, 0x02, 0x50, 0x0A, 0xF3, 0x12,
    0x55, 0x13, 0x55, 0x1B, 0x55, 0x13, 0x55, 0x13, 0x55, 0x13, 0x34, 0x13, 0xB1, 0x12, 0xEE, 0x01,
    0xED, 0x01, 0xEE, 0x01, 0x0E, 0x02, 0x0E, 0x02, 0x0E, 0x02, 0x0E, 0x02, 0x0E, 0x02, 0x0E, 0x02,
    0xEE, 0x01, 0xED, 0x01, 0xED, 0x01, 0x0E, 0x02, 0x2F, 0x0A, 0x70, 0x0A, 0xB1, 0x12, 0xF3, 0x12,
    0x34, 0x13, 0x55, 0x13, 0x55, 0x13, 0x55, 0x13, 0x55, 0x13, 0x55, 0x13, 0x55, 0x13, 0x56, 0x54,
    0x9A, 0xD6, 0xBA, 0xD6, 0x5D, 0xEF, 0x5D, 0xEF, 0x97, 0x5C, 0x34, 0x13, 0x55, 0x13, 0x55, 0x1B,
    0x55, 0x13, 0x55, 0x13, 0x34, 0x13, 0x14, 0x13, 0xF3, 0x12, 0xB1, 0x12, 0x70, 0x0A, 0x2F, 0x0A,
    0x0E, 0x02, 0x0E, 0x02, 0x0E, 0x02, 0x0E, 0x02, 0x0E, 0x02, 0x0E, 0x02, 0x0E, 0x02, 0x0E, 0x02,
    0xED, 0x01, 0xED, 0x01, 0xED, 0x01, 0xED, 0x01, 0xED, 0x01, 0xB1, 0x0A, 0x55, 0x13, 0x55, 0x13,
    0x55, 0x13, 0x55, 0x13, 0x55, 0x13, 0x55, 0x13, 0xF3, 0x12, 0x2F, 0x0A, 0xED, 0x01, 0xED, 0x01,
    0xED, 0x01, 0xED, 0x01, 0xED, 0x01, 0xED, 0x01, 0x0D, 0x0A, 0x68, 0x11, 0x61, 0x08, 0x00, 0x00,
    0x00, 0x00, 0x00, 0x00, 0x00, 0x00, 0x00, 0x00, 0x00, 0x00, 0x00, 0x00, 0x00, 0x00, 0x00, 0x00,
    0x00, 0x00, 0x00, 0x00, 0x00, 0x00, 0x00, 0x00, 0x00, 0x00, 0x00, 0x00, 0x00, 0x00, 0x00, 0x00,
    0x00, 0x00, 0x00, 0x00, 0x00, 0x00, 0x00, 0x00, 0x00, 0x00, 0x00, 0x00, 0x00, 0x00, 0x00, 0x00,
    0x00, 0x00, 0x00, 0x00, 0x00, 0x00, 0x00, 0x00, 0x00, 0x00, 0x00, 0x00, 0x00, 0x00, 0x00, 0x00,
    0x00, 0x00, 0x00, 0x00, 0x00, 0x00, 0x00, 0x00, 0x00, 0x00, 0x00, 0x00, 0x00, 0x00, 0x00, 0x00,
    0x00, 0x00, 0x00, 0x00, 0x00, 0x00, 0x00, 0x00, 0x00, 0x00, 0x00, 0x00, 0x00, 0x00, 0x00, 0x00,
    0x00, 0x00, 0x00, 0x00, 0x00, 0x00, 0x00, 0x00, 0x00, 0x00, 0x00, 0x00, 0x00, 0x00, 0x00, 0x00,
    0x00, 0x00, 0x00, 0x00, 0x00, 0x00, 0x00, 0x00, 0x00, 0x00, 0x00, 0x00, 0x00, 0x00, 0x00, 0x00,
    0x00, 0x00, 0x00, 0x00, 0x00, 0x00, 0x00, 0x00, 0x00, 0x00, 0x00, 0x00, 0x00, 0x00, 0x00, 0x00,
    0x00, 0x00, 0x00, 0x00, 0x00, 0x00, 0x00, 0x00, 0x00, 0x00, 0x00, 0x00, 0x00, 0x00, 0x00, 0x00,
    0x00, 0x00, 0x00, 0x00, 0x00, 0x00, 0x00, 0x00, 0x00, 0x00, 0x00, 0x00, 0x00, 0x00, 0x00, 0x00,
    0x00, 0x00, 0x00, 0x00, 0x00, 0x00, 0x00, 0x00, 0x00, 0x00, 0x00, 0x00, 0x00, 0x00, 0x00, 0x00,
    0x00, 0x00, 0x00, 0x00, 0x00, 0x00, 0x00, 0x00, 0x00, 0x00, 0x00, 0x00, 0x00, 0x00, 0x00, 0x00,
    0x00, 0x00, 0x00, 0x00, 0x00, 0x00, 0x00, 0x00, 0x00, 0x00, 0x00, 0x00, 0x00, 0x00, 0x00, 0x00,
    0x00, 0x00, 0x00, 0x00, 0x00, 0x00, 0x00, 0x00, 0x00, 0x00, 0x00, 0x00, 0x00, 0x00, 0x00, 0x00,
    0x00, 0x00, 0x00, 0x00, 0x00, 0x00, 0x00, 0x00, 0x00, 0x00, 0x00, 0x00, 0x00, 0x00, 0x00, 0x00,
    0x00, 0x00, 0x00, 0x00, 0x00, 0x00, 0x00, 0x00, 0x00, 0x00, 0x00, 0x00, 0x00, 0x00, 0x00, 0x00,
    0x00, 0x00, 0x00, 0x00, 0x00, 0x00, 0x00, 0x00, 0x00, 0x00, 0x00, 0x00, 0x00, 0x00, 0x00, 0x00,
    0x00, 0x00, 0x00, 0x00, 0x00, 0x00, 0x00, 0x00, 0x00, 0x00, 0x00, 0x00, 0x00, 0x00, 0x00, 0x00,
    0x00, 0x00, 0x00, 0x00, 0x00, 0x00, 0x00, 0x00, 0x00, 0x00, 0x00, 0x00, 0x00, 0x00, 0x00, 0x00,
    0x00, 0x00, 0x00, 0x00, 0x00, 0x00, 0x00, 0x00, 0x00, 0x00, 0x00, 0x00, 0x00, 0x00, 0x00, 0x00,
    0x00, 0x00, 0x00, 0x00, 0x00, 0x00, 0xA4, 0x08, 0x8A, 0x09, 0x0E, 0x02, 0x0E, 0x02, 0x0E, 0x02,
    0x0E, 0x02, 0x0E, 0x02, 0x0E, 0x02, 0x0E, 0x02, 0x70, 0x0A, 0xF2, 0x12, 0x34, 0x13, 0x54, 0x13,
    0x34, 0x13, 0xD2, 0x12, 0x0E, 0x02, 0xEE, 0x01, 0x0E, 0x02, 0x0E, 0x02, 0x0E, 0x0A, 0x89, 0x11,
    0x48, 0x09, 0xAC, 0x09, 0x0D, 0x0A, 0xED, 0x01, 0xED, 0x01, 0xED, 0x01, 0xED, 0x01, 0xED, 0x01,
    0xED, 0x01, 0xED, 0x01, 0x0E, 0x02, 0x0E, 0x02, 0x2F, 0x0A, 0x50, 0x0A, 0x91, 0x0A, 0x34, 0x13,
    0x55, 0x13, 0x55, 0x13, 0x35, 0x13, 0x36, 0x4C, 0x7A, 0xCE, 0xBA, 0xD6, 0x7D, 0xEF, 0x9E, 0xF7,
    0x97, 0x64, 0x34, 0x13, 0x55, 0x13, 0x55, 0x1B, 0x55, 0x13, 0xB2, 0x0A, 0x4F, 0x0A, 0x2F, 0x0A,
    0x0E, 0x02, 0xED, 0x01, 0xED, 0x01, 0xED, 0x01, 0xED, 0x01, 0xED, 0x01, 0xEE, 0x01, 0x0E, 0x02,
    0x0E, 0x02, 0x0E, 0x02, 0xEC, 0x09, 0x69, 0x09, 0x69, 0x11, 0xED, 0x09, 0x0E, 0x02, 0x0E, 0x02,
    0x0E, 0x02, 0x0E, 0x02, 0xD2, 0x12, 0x34, 0x13, 0x55, 0x13, 0x55, 0x13, 0x14, 0x13, 0x91, 0x0A,
    0x0E, 0x02, 0x0E, 0x02, 0xEE, 0x01, 0xED, 0x01, 0xED, 0x01, 0xED, 0x01, 0xED, 0x01, 0xAB, 0x09,
    0xE5, 0x08, 0x00, 0x00, 0x00, 0x00, 0x00, 0x00, 0x00, 0x00, 0x00, 0x00, 0x00, 0x00, 0x00, 0x00,
    0x00, 0x00, 0x00, 0x00, 0x00, 0x00, 0x00, 0x00, 0x00, 0x00, 0x00, 0x00, 0x00, 0x00, 0x00, 0x00,
    0x00, 0x00, 0x00, 0x00, 0x00, 0x00, 0x00, 0x00, 0x00, 0x00, 0x00, 0x00, 0x00, 0x00, 0x00, 0x00,
    0x00, 0x00, 0x00, 0x00, 0x00, 0x00, 0x00, 0x00, 0x00, 0x00, 0x00, 0x00, 0x00, 0x00, 0x00, 0x00,
    0x00, 0x00, 0x00, 0x00, 0x00, 0x00, 0x00, 0x00, 0x00, 0x00, 0x00, 0x00, 0x00, 0x00, 0x00, 0x00,
    0x00, 0x00, 0x00, 0x00, 0x00, 0x00, 0x00, 0x00, 0x00, 0x00, 0x00, 0x00, 0x00, 0x00, 0x00, 0x00,
    0x00, 0x00, 0x00, 0x00, 0x00, 0x00, 0x00, 0x00, 0x00, 0x00, 0x00, 0x00, 0x00, 0x00, 0x00, 0x00,
    0x00, 0x00, 0x00, 0x00, 0x00, 0x00, 0x00, 0x00, 0x00, 0x00, 0x00, 0x00, 0x00, 0x00, 0x00, 0x00,
    0x00, 0x00, 0x00, 0x00, 0x00, 0x00, 0x00, 0x00, 0x00, 0x00, 0x00, 0x00, 0x00, 0x00, 0x00, 0x00,
    0x00, 0x00, 0x00, 0x00, 0x00, 0x00, 0x00, 0x00, 0x00, 0x00, 0x00, 0x00, 0x00, 0x00, 0x00, 0x00,
    0x00, 0x00, 0x00, 0x00, 0x00, 0x00, 0x00, 0x00, 0x00, 0x00, 0x00, 0x00, 0x00, 0x00, 0x00, 0x00,
    0x00, 0x00, 0x00, 0x00, 0x00, 0x00, 0x00, 0x00, 0x00, 0x00, 0x00, 0x00, 0x00, 0x00, 0x00, 0x00,
    0x00, 0x00, 0x00, 0x00, 0x00, 0x00, 0x00, 0x00, 0x00, 0x00, 0x00, 0x00, 0x00, 0x00, 0x00, 0x00,
    0x00, 0x00, 0x00, 0x00, 0x00, 0x00, 0x00, 0x00, 0x00, 0x00, 0x00, 0x00, 0x00, 0x00, 0x00, 0x00,
    0x00, 0x00, 0x00, 0x00, 0x00, 0x00, 0x00, 0x00, 0x00, 0x00, 0x00, 0x00, 0x00, 0x00, 0x00, 0x00,
    0x00, 0x00, 0x00, 0x00, 0x00, 0x00, 0x00, 0x00, 0x00, 0x00, 0x00, 0x00, 0x00, 0x00, 0x00, 0x00,
    0x00, 0x00, 0x00, 0x00, 0x00, 0x00, 0x00, 0x00, 0x00, 0x00, 0x00, 0x00, 0x00, 0x00, 0x00, 0x00,
    0x00, 0x00, 0x00, 0x00, 0x00, 0x00, 0x00, 0x00, 0x00, 0x00, 0x00, 0x00, 0x00, 0x00, 0x00, 0x00,
    0x00, 0x00, 0x00, 0x00, 0x00, 0x00, 0x00, 0x00, 0x00, 0x00, 0x00, 0x00, 0x00, 0x00, 0x00, 0x00,
    0x00, 0x00, 0x00, 0x00, 0x00, 0x00, 0x00, 0x00, 0x00, 0x00, 0x00, 0x00, 0x00, 0x00, 0x00, 0x00,
    0x00, 0x00, 0x00, 0x00, 0x00, 0x00, 0x00, 0x00, 0x00, 0x00, 0x00, 0x00, 0x00, 0x00, 0x00, 0x00,
    0x00, 0x00, 0x00, 0x00, 0x00, 0x00, 0x00, 0x00, 0x00, 0x00, 0x00, 0x00, 0x00, 0x00, 0x00, 0x00,
    0x41, 0x00, 0x48, 0x11, 0xED, 0x09, 0x0E, 0x02, 0x0E, 0x02, 0x0E, 0x02, 0x0E, 0x02, 0xEE, 0x01,
    0xED, 0x01, 0xEE, 0x01, 0x4F, 0x0A, 0xF3, 0x12, 0xF3, 0x12, 0x0E, 0x0A, 0xED, 0x01, 0x0E, 0x02,
    0x0E, 0x02, 0x0E, 0x02, 0x69, 0x09, 0x20, 0x00, 0x00, 0x00, 0x41, 0x00, 0xC4, 0x08, 0x27, 0x09,
    0xAA, 0x09, 0xCC, 0x01, 0xED, 0x01, 0x0E, 0x02, 0x0E, 0x02, 0x0E, 0x02, 0x0E, 0x02, 0x0E, 0x02,
    0x0E, 0x02, 0xEE, 0x01, 0x0E, 0x02, 0x13, 0x13, 0x55, 0x13, 0x55, 0x13, 0x34, 0x13, 0x36, 0x4C,
    0x7A, 0xCE, 0xBA, 0xD6, 0x7D, 0xEF, 0x9E, 0xF7, 0x97, 0x64, 0x34, 0x13, 0x55, 0x13, 0x55, 0x13,
    0x55, 0x13, 0x4F, 0x0A, 0x0E, 0x02, 0x0E, 0x02, 0x0E, 0x02, 0x0E, 0x02, 0xEE, 0x01, 0xED, 0x01,
    0xED, 0x01, 0xED, 0x01, 0xCD, 0x09, 0xCB, 0x09, 0x69, 0x09, 0x06, 0x09, 0x62, 0x00, 0x00, 0x00,
    0x20, 0x00, 0x89, 0x11, 0x2E, 0x0A, 0x0E, 0x02, 0x0E, 0x02, 0xED, 0x01, 0x0E, 0x02, 0xD2, 0x12,
    0xF3, 0x12, 0x70, 0x0A, 0x0E, 0x02, 0x0E, 0x02, 0x0E, 0x02, 0x0E, 0x02, 0x0E, 0x02, 0xEE, 0x01,
    0xED, 0x01, 0xCD, 0x09, 0x68, 0x11, 0x62, 0x08, 0x00, 0x00, 0x00, 0x00, 0x00, 0x00, 0x00, 0x00,
    0x00, 0x00, 0x00, 0x00, 0x00, 0x00, 0x00, 0x00, 0x00, 0x00, 0x00, 0x00, 0x00, 0x00, 0x00, 0x00,
    0x00, 0x00, 0x00, 0x00, 0x00, 0x00, 0x00, 0x00, 0x00, 0x00, 0x00, 0x00, 0x00, 0x00, 0x00, 0x00,
    0x00, 0x00, 0x00, 0x00, 0x00, 0x00, 0x00, 0x00, 0x00, 0x00, 0x00, 0x00, 0x00, 0x00, 0x00, 0x00,
    0x00, 0x00, 0x00, 0x00, 0x00, 0x00, 0x00, 0x00, 0x00, 0x00, 0x00, 0x00, 0x00, 0x00, 0x00, 0x00,
    0x00, 0x00, 0x00, 0x00, 0x00, 0x00, 0x00, 0x00, 0x00, 0x00, 0x00, 0x00, 0x00, 0x00, 0x00, 0x00,
    0x00, 0x00, 0x00, 0x00, 0x00, 0x00, 0x00, 0x00, 0x00, 0x00, 0x00, 0x00, 0x00, 0x00, 0x00, 0x00,
    0x00, 0x00, 0x00, 0x00, 0x00, 0x00, 0x00, 0x00, 0x00, 0x00, 0x00, 0x00, 0x00, 0x00, 0x00, 0x00,
    0x00, 0x00, 0x00, 0x00, 0x00, 0x00, 0x00, 0x00, 0x00, 0x00, 0x00, 0x00, 0x00, 0x00, 0x00, 0x00,
    0x00, 0x00, 0x00, 0x00, 0x00, 0x00, 0x00, 0x00, 0x00, 0x00, 0x00, 0x00, 0x00, 0x00, 0x00, 0x00,
    0x00, 0x00, 0x00, 0x00, 0x00, 0x00, 0x00, 0x00, 0x00, 0x00, 0x00, 0x00, 0x00, 0x00, 0x00, 0x00,
    0x00, 0x00, 0x00, 0x00, 0x00, 0x00, 0x00, 0x00, 0x00, 0x00, 0x00, 0x00, 0x00, 0x00, 0x00, 0x00,
    0x00, 0x00, 0x00, 0x00, 0x00, 0x00, 0x00, 0x00, 0x00, 0x00, 0x00, 0x00, 0x00, 0x00, 0x00, 0x00,
    0x00, 0x00, 0x00, 0x00, 0x00, 0x00, 0x00, 0x00, 0x00, 0x00, 0x00, 0x00, 0x00, 0x00, 0x00, 0x00,
    0x00, 0x00, 0x00, 0x00, 0x00, 0x00, 0x00, 0x00, 0x00, 0x00, 0x00, 0x00, 0x00, 0x00, 0x00, 0x00,
    0x00, 0x00, 0x00, 0x00, 0x00, 0x00, 0x00, 0x00, 0x00, 0x00, 0x00, 0x00, 0x00, 0x00, 0x00, 0x00,
    0x00, 0x00, 0x00, 0x00, 0x00, 0x00, 0x00, 0x00, 0x00, 0x00, 0x00, 0x00, 0x00, 0x00, 0x00, 0x00,
    0x00, 0x00, 0x00, 0x00, 0x00, 0x00, 0x00, 0x00, 0x00, 0x00, 0x00, 0x00, 0x00, 0x00, 0x00, 0x00,
    0x00, 0x00, 0x00, 0x00, 0x00, 0x00, 0x00, 0x00, 0x00, 0x00, 0x00, 0x00, 0x00, 0x00, 0x00, 0x00,
    0x00, 0x00, 0x00, 0x00, 0x00, 0x00, 0x00, 0x00, 0x00, 0x00, 0x00, 0x00, 0x00, 0x00, 0x00, 0x00,
    0x00, 0x00, 0x00, 0x00, 0x00, 0x00, 0x00, 0x00, 0x00, 0x00, 0x00, 0x00, 0x00, 0x00, 0x00, 0x00,
    0x00, 0x00, 0x00, 0x00, 0x00, 0x00, 0x00, 0x00, 0x00, 0x00, 0x00, 0x00, 0x00, 0x00, 0x00, 0x00,
    0x00, 0x00, 0x00, 0x00, 0x00, 0x00, 0x00, 0x00, 0x00, 0x00, 0x00, 0x00, 0xE5, 0x08, 0xCB, 0x09,
    0x0E, 0x0A, 0x0E, 0x02, 0xED, 0x01, 0xED, 0x01, 0xED, 0x01, 0xED, 0x01, 0xED, 0x01, 0x0E, 0x02,
    0x2F, 0x02, 0xED, 0x01, 0xEE, 0x01, 0xEE, 0x01, 0x0E, 0x02, 0xAA, 0x09, 0x41, 0x00, 0x00, 0x00,
    0x00, 0x00, 0x00, 0x00, 0x00, 0x00, 0x00, 0x00, 0x21, 0x00, 0x83, 0x08, 0xE6, 0x08, 0x69, 0x09,
    0xCC, 0x09, 0xED, 0x01, 0x0E, 0x02, 0x0E, 0x02, 0x0E, 0x02, 0xEE, 0x01, 0x0E, 0x02, 0xF2, 0x12,
    0x55, 0x1B, 0x55, 0x13, 0x34, 0x13, 0x36, 0x4C, 0x7A, 0xCE, 0xBA, 0xD6, 0x7D, 0xEF, 0x9E, 0xF7,
    0x97, 0x64, 0x34, 0x13, 0x55, 0x13, 0x55, 0x13, 0x34, 0x13, 0x2F, 0x02, 0x0E, 0x02, 0x0E, 0x02,
    0x0E, 0x02, 0x0E, 0x02, 0xED, 0x01, 0xAB, 0x09, 0x69, 0x09, 0x06, 0x09, 0xA4, 0x08, 0x41, 0x00,
    0x00, 0x00, 0x00, 0x00, 0x00, 0x00, 0x00, 0x00, 0x00, 0x00, 0x62, 0x08, 0xCB, 0x11, 0x0E, 0x02,
    0x0E, 0x02, 0xEE, 0x01, 0xED, 0x01, 0x0E, 0x02, 0x0E, 0x02, 0xED, 0x01, 0xED, 0x01, 0xEE, 0x01,
    0x0E, 0x02, 0x0E, 0x02, 0x0E, 0x02, 0x0E, 0x02, 0xCB, 0x09, 0xE5, 0x08, 0x20, 0x00, 0x00, 0x00,
    0x00, 0x00, 0x00, 0x00, 0x00, 0x00, 0x00, 0x00, 0x00, 0x00, 0x00, 0x00, 0x00, 0x00, 0x00, 0x00,
    0x00, 0x00, 0x00, 0x00, 0x00, 0x00, 0x00, 0x00, 0x00, 0x00, 0x00, 0x00, 0x00, 0x00, 0x00, 0x00,
    0x00, 0x00, 0x00, 0x00, 0x00, 0x00, 0x00, 0x00, 0x00, 0x00, 0x00, 0x00, 0x00, 0x00, 0x00, 0x00,
    0x00, 0x00, 0x00, 0x00, 0x00, 0x00, 0x00, 0x00, 0x00, 0x00, 0x00, 0x00, 0x00, 0x00, 0x00, 0x00,
    0x00, 0x00, 0x00, 0x00, 0x00, 0x00, 0x00, 0x00, 0x00, 0x00, 0x00, 0x00, 0x00, 0x00, 0x00, 0x00,
    0x00, 0x00, 0x00, 0x00, 0x00, 0x00, 0x00, 0x00, 0x00, 0x00, 0x00, 0x00, 0x00, 0x00, 0x00, 0x00,
    0x00, 0x00, 0x00, 0x00, 0x00, 0x00, 0x00, 0x00, 0x00, 0x00, 0x00, 0x00, 0x00, 0x00, 0x00, 0x00,
    0x00, 0x00, 0x00, 0x00, 0x00, 0x00, 0x00, 0x00, 0x00, 0x00, 0x00, 0x00, 0x00, 0x00, 0x00, 0x00,
    0x00, 0x00, 0x00, 0x00, 0x00, 0x00, 0x00, 0x00, 0x00, 0x00, 0x00, 0x00, 0x00, 0x00, 0x00, 0x00,
    0x00, 0x00, 0x00, 0x00, 0x00, 0x00, 0x00, 0x00, 0x00, 0x00, 0x00, 0x00, 0x00, 0x00, 0x00, 0x00,
    0x00, 0x00, 0x00, 0x00, 0x00, 0x00, 0x00, 0x00, 0x00, 0x00, 0x00, 0x00, 0x00, 0x00, 0x00, 0x00,
    0x00, 0x00, 0x00, 0x00, 0x00, 0x00, 0x00, 0x00, 0x00, 0x00, 0x00, 0x00, 0x00, 0x00, 0x00, 0x00,
    0x00, 0x00, 0x00, 0x00, 0x00, 0x00, 0x00, 0x00, 0x00, 0x00, 0x00, 0x00, 0x00, 0x00, 0x00, 0x00,
    0x00, 0x00, 0x00, 0x00, 0x00, 0x00, 0x00, 0x00, 0x00, 0x00, 0x00, 0x00, 0x00, 0x00, 0x00, 0x00,
    0x00, 0x00, 0x00, 0x00, 0x00, 0x00, 0x00, 0x00, 0x00, 0x00, 0x00, 0x00, 0x00, 0x00, 0x00, 0x00,
    0x00, 0x00, 0x00, 0x00, 0x00, 0x00, 0x00, 0x00, 0x00, 0x00, 0x00, 0x00, 0x00, 0x00, 0x00, 0x00,
    0x00, 0x00, 0x00, 0x00, 0x00, 0x00, 0x00, 0x00, 0x00, 0x00, 0x00, 0x00, 0x00, 0x00, 0x00, 0x00,
    0x00, 0x00, 0x00, 0x00, 0x00, 0x00, 0x00, 0x00, 0x00, 0x00, 0x00, 0x00, 0x00, 0x00, 0x00, 0x00,
    0x00, 0x00, 0x00, 0x00, 0x00, 0x00, 0x00, 0x00, 0x00, 0x00, 0x00, 0x00, 0x00, 0x00, 0x00, 0x00,
    0x00, 0x00, 0x00, 0x00, 0x00, 0x00, 0x00, 0x00, 0x00, 0x00, 0x00, 0x00, 0x00, 0x00, 0x00, 0x00,
    0x00, 0x00, 0x00, 0x00, 0x00, 0x00, 0x00, 0x00, 0x00, 0x00, 0x00, 0x00, 0x00, 0x00, 0x00, 0x00,
    0x00, 0x00, 0x00, 0x00, 0x00, 0x00, 0x00, 0x00, 0x00, 0x00, 0x00, 0x00, 0x00, 0x00, 0x00, 0x00,
    0x00, 0x00, 0x00, 0x00, 0x00, 0x00, 0x61, 0x08, 0x47, 0x11, 0xCC, 0x09, 0xED, 0x01, 0xED, 0x01,
    0xED, 0x01, 0xED, 0x01, 0x0E, 0x02, 0x0E, 0x02, 0x0E, 0x02, 0x0E, 0x02, 0x0E, 0x02, 0xED, 0x01,
    0xAB, 0x09, 0x83, 0x08, 0x00, 0x00, 0x00, 0x00, 0x00, 0x00, 0x00, 0x00, 0x00, 0x00, 0x00, 0x00,
    0x00, 0x00, 0x00, 0x00, 0x00, 0x00, 0x00, 0x00, 0x41, 0x00, 0x83, 0x00, 0x26, 0x09, 0xCC, 0x09,
    0xEE, 0x01, 0xEE, 0x01, 0xEE, 0x01, 0xB1, 0x12, 0x55, 0x1B, 0x55, 0x13, 0x34, 0x13, 0x16, 0x4C,
    0x7A, 0xCE, 0xBA, 0xD6, 0x7D, 0xEF, 0x9E, 0xF7, 0xB7, 0x64, 0x55, 0x13, 0x55, 0x13, 0x75, 0x13,
    0xF3, 0x12, 0x0E, 0x02, 0x0E, 0x02, 0x0E, 0x02, 0x0E, 0x0A, 0x47, 0x11, 0x83, 0x00, 0x41, 0x00,
    0x00, 0x00, 0x00, 0x00, 0x00, 0x00, 0x00, 0x00, 0x00, 0x00, 0x00, 0x00, 0x00, 0x00, 0x00, 0x00,
    0x00, 0x00, 0x00, 0x00, 0x83, 0x08, 0xCB, 0x11, 0xEE, 0x01, 0x0E, 0x02, 0x0E, 0x02, 0x0E, 0x02,
    0xEE, 0x01, 0xED, 0x01, 0xED, 0x01, 0xED, 0x01, 0xEE, 0x01, 0xEE, 0x01, 0x0D, 0x0A, 0x68, 0x11,
    0x62, 0x08, 0x00, 0x00, 0x00, 0x00, 0x00, 0x00, 0x00, 0x00, 0x00, 0x00, 0x00, 0x00, 0x00, 0x00,
    0x00, 0x00, 0x00, 0x00, 0x00, 0x00, 0x00, 0x00, 0x00, 0x00, 0x00, 0x00, 0x00, 0x00, 0x00, 0x00,
    0x00, 0x00, 0x00, 0x00, 0x00, 0x00, 0x00, 0x00, 0x00, 0x00, 0x00, 0x00, 0x00, 0x00, 0x00, 0x00,
    0x00, 0x00, 0x00, 0x00, 0x00, 0x00, 0x00, 0x00, 0x00, 0x00, 0x00, 0x00, 0x00, 0x00, 0x00, 0x00,
    0x00, 0x00, 0x00, 0x00, 0x00, 0x00, 0x00, 0x00, 0x00, 0x00, 0x00, 0x00, 0x00, 0x00, 0x00, 0x00,
    0x00, 0x00, 0x00, 0x00, 0x00, 0x00, 0x00, 0x00, 0x00, 0x00, 0x00, 0x00, 0x00, 0x00, 0x00, 0x00,
    0x00, 0x00, 0x00, 0x00, 0x00, 0x00, 0x00, 0x00, 0x00, 0x00, 0x00, 0x00, 0x00, 0x00, 0x00, 0x00,
    0x00, 0x00, 0x00, 0x00, 0x00, 0x00, 0x00, 0x00, 0x00, 0x00, 0x00, 0x00, 0x00, 0x00, 0x00, 0x00,
    0x00, 0x00, 0x00, 0x00, 0x00, 0x00, 0x00, 0x00, 0x00, 0x00, 0x00, 0x00, 0x00, 0x00, 0x00, 0x00,
    0x00, 0x00, 0x00, 0x00, 0x00, 0x00, 0x00, 0x00, 0x00, 0x00, 0x00, 0x00, 0x00, 0x00, 0x00, 0x00,
    0x00, 0x00, 0x00, 0x00, 0x00, 0x00, 0x00, 0x00, 0x00, 0x00, 0x00, 0x00, 0x00, 0x00, 0x00, 0x00,
    0x00, 0x00, 0x00, 0x00, 0x00, 0x00, 0x00, 0x00, 0x00, 0x00, 0x00, 0x00, 0x00, 0x00, 0x00, 0x00,
    0x00, 0x00, 0x00, 0x00, 0x00, 0x00, 0x00, 0x00, 0x00, 0x00, 0x00, 0x00, 0x00, 0x00, 0x00, 0x00,
    0x00, 0x00, 0x00, 0x00, 0x00, 0x00, 0x00, 0x00, 0x00, 0x00, 0x00, 0x00, 0x00, 0x00, 0x00, 0x00,
    0x00, 0x00, 0x00, 0x00, 0x00, 0x00, 0x00, 0x00, 0x00, 0x00, 0x00, 0x00, 0x00, 0x00, 0x00, 0x00,
    0x00, 0x00, 0x00, 0x00, 0x00, 0x00, 0x00, 0x00, 0x00, 0x00, 0x00, 0x00, 0x00, 0x00, 0x00, 0x00,
    0x00, 0x00, 0x00, 0x00, 0x00, 0x00, 0x00, 0x00, 0x00, 0x00, 0x00, 0x00, 0x00, 0x00, 0x00, 0x00,
    0x00, 0x00, 0x00, 0x00, 0x00, 0x00, 0x00, 0x00, 0x00, 0x00, 0x00, 0x00, 0x00, 0x00, 0x00, 0x00,
    0x00, 0x00, 0x00, 0x00, 0x00, 0x00, 0x00, 0x00, 0x00, 0x00, 0x00, 0x00, 0x00, 0x00, 0x00, 0x00,
    0x00, 0x00, 0x00, 0x00, 0x00, 0x00, 0x00, 0x00, 0x00, 0x00, 0x00, 0x00, 0x00, 0x00, 0x00, 0x00,
    0x00, 0x00, 0x00, 0x00, 0x00, 0x00, 0x00, 0x00, 0x00, 0x00, 0x00, 0x00, 0x00, 0x00, 0x00, 0x00,
    0x00, 0x00, 0x00, 0x00, 0x00, 0x00, 0x00, 0x00, 0x00, 0x00, 0x00, 0x00, 0x00, 0x00, 0x00, 0x00,
    0x00, 0x00, 0x00, 0x00, 0x00, 0x00, 0x00, 0x00, 0x00, 0x00, 0x00, 0x00, 0x00, 0x00, 0x00, 0x00,
    0x00, 0x00, 0xA3, 0x08, 0x69, 0x09, 0xED, 0x09, 0xEE, 0x01, 0x0E, 0x02, 0x0E, 0x02, 0x0E, 0x02,
    0x0E, 0x02, 0x0E, 0x02, 0x0E, 0x02, 0xED, 0x09, 0xC4, 0x08, 0x00, 0x00, 0x00, 0x00, 0x00, 0x00,
    0x00, 0x00, 0x00, 0x00, 0x00, 0x00, 0x00, 0x00, 0x00, 0x00, 0x00, 0x00, 0x00, 0x00, 0x00, 0x00,
    0x00, 0x00, 0x00, 0x00, 0x41, 0x00, 0xCB, 0x11, 0xED, 0x01, 0xEE, 0x01, 0xED, 0x01, 0x90, 0x0A,
    0x55, 0x13, 0x55, 0x13, 0x34, 0x13, 0x56, 0x54, 0x1C, 0xDF, 0x3C, 0xE7, 0x1C, 0xE7, 0x1C, 0xE7,
    0x97, 0x5C, 0x55, 0x13, 0x55, 0x13, 0x75, 0x13, 0xB1, 0x0A, 0x0E, 0x02, 0x0E, 0x02, 0x0E, 0x02,
    0xEC, 0x11, 0x61, 0x08, 0x00, 0x00, 0x00, 0x00, 0x00, 0x00, 0x00, 0x00, 0x00, 0x00, 0x00, 0x00,
    0x00, 0x00, 0x00, 0x00, 0x00, 0x00, 0x00, 0x00, 0x00, 0x00, 0x00, 0x00, 0x00, 0x00, 0xC4, 0x08,
    0x0D, 0x12, 0x0E, 0x02, 0x0E, 0x02, 0x0E, 0x02, 0x0E, 0x02, 0xEE, 0x01, 0xED, 0x01, 0xED, 0x01,
    0xED, 0x09, 0x89, 0x09, 0xA4, 0x08, 0x00, 0x00, 0x00, 0x00, 0x00, 0x00, 0x00, 0x00, 0x00, 0x00,
    0x00, 0x00, 0x00, 0x00, 0x00, 0x00, 0x00, 0x00, 0x00, 0x00, 0x00, 0x00, 0x00, 0x00, 0x00, 0x00,
    0x00, 0x00, 0x00, 0x00, 0x00, 0x00, 0x00, 0x00, 0x00, 0x00, 0x00, 0x00, 0x00, 0x00, 0x00, 0x00,
    0x00, 0x00, 0x00, 0x00, 0x00, 0x00, 0x00, 0x00, 0x00, 0x00, 0x00, 0x00, 0x00, 0x00, 0x00, 0x00,
    0x00, 0x00, 0x00, 0x00, 0x00, 0x00, 0x00, 0x00, 0x00, 0x00, 0x00, 0x00, 0x00, 0x00, 0x00, 0x00,
    0x00, 0x00, 0x00, 0x00, 0x00, 0x00, 0x00, 0x00, 0x00, 0x00, 0x00, 0x00, 0x00, 0x00, 0x00, 0x00,
    0x00, 0x00, 0x00, 0x00, 0x00, 0x00, 0x00, 0x00, 0x00, 0x00, 0x00, 0x00, 0x00, 0x00, 0x00, 0x00,
    0x00, 0x00, 0x00, 0x00, 0x00, 0x00, 0x00, 0x00, 0x00, 0x00, 0x00, 0x00, 0x00, 0x00, 0x00, 0x00,
    0x00, 0x00, 0x00, 0x00, 0x00, 0x00, 0x00, 0x00, 0x00, 0x00, 0x00, 0x00, 0x00, 0x00, 0x00, 0x00,
    0x00, 0x00, 0x00, 0x00, 0x00, 0x00, 0x00, 0x00, 0x00, 0x00, 0x00, 0x00, 0x00, 0x00, 0x00, 0x00,
    0x00, 0x00, 0x00, 0x00, 0x00, 0x00, 0x00, 0x00, 0x00, 0x00, 0x00, 0x00, 0x00, 0x00, 0x00, 0x00,
    0x00, 0x00, 0x00, 0x00, 0x00, 0x00, 0x00, 0x00, 0x00, 0x00, 0x00, 0x00, 0x00, 0x00, 0x00, 0x00,
    0x00, 0x00, 0x00, 0x00, 0x00, 0x00, 0x00, 0x00, 0x00, 0x00, 0x00, 0x00, 0x00, 0x00, 0x00, 0x00,
    0x00, 0x00, 0x00, 0x00, 0x00, 0x00, 0x00, 0x00, 0x00, 0x00, 0x00, 0x00, 0x00, 0x00, 0x00, 0x00,
    0x00, 0x00, 0x00, 0x00, 0x00, 0x00, 0x00, 0x00, 0x00, 0x00, 0x00, 0x00, 0x00, 0x00, 0x00, 0x00,
    0x00, 0x00, 0x00, 0x00, 0x00, 0x00, 0x00, 0x00, 0x00, 0x00, 0x00, 0x00, 0x00, 0x00, 0x00, 0x00,
    0x00, 0x00, 0x00, 0x00, 0x00, 0x00, 0x00, 0x00, 0x00, 0x00, 0x00, 0x00, 0x00, 0x00, 0x00, 0x00,
    0x00, 0x00, 0x00, 0x00, 0x00, 0x00, 0x00, 0x00, 0x00, 0x00, 0x00, 0x00, 0x00, 0x00, 0x00, 0x00,
    0x00, 0x00, 0x00, 0x00, 0x00, 0x00, 0x00, 0x00, 0x00, 0x00, 0x00, 0x00, 0x00, 0x00, 0x00, 0x00,
    0x00, 0x00, 0x00, 0x00, 0x00, 0x00, 0x00, 0x00, 0x00, 0x00, 0x00, 0x00, 0x00, 0x00, 0x00, 0x00,
    0x00, 0x00, 0x00, 0x00, 0x00, 0x00, 0x00, 0x00, 0x00, 0x00, 0x00, 0x00, 0x00, 0x00, 0x00, 0x00,
    0x00, 0x00, 0x00, 0x00, 0x00, 0x00, 0x00, 0x00, 0x00, 0x00, 0x00, 0x00, 0x00, 0x00, 0x00, 0x00,
    0x00, 0x00, 0x00, 0x00, 0x00, 0x00, 0x00, 0x00, 0x00, 0x00, 0x00, 0x00, 0x00, 0x00, 0x00, 0x00,
    0x00, 0x00, 0x00, 0x00, 0x00, 0x00, 0x00, 0x00, 0x00, 0x00, 0x00, 0x00, 0x20, 0x00, 0xC4, 0x08,
    0x8A, 0x09, 0xEE, 0x09, 0x0E, 0x02, 0x0E, 0x02, 0x0E, 0x02, 0xEE, 0x01, 0x0D, 0x0A, 0x26, 0x11,
    0x00, 0x00, 0x00, 0x00, 0x00, 0x00, 0x00, 0x00, 0x00, 0x00, 0x00, 0x00, 0x00, 0x00, 0x00, 0x00,
    0x00, 0x00, 0x00, 0x00, 0x00, 0x00, 0x00, 0x00, 0x00, 0x00, 0x00, 0x00, 0x20, 0x00, 0x89, 0x11,
    0xED, 0x01, 0xED, 0x01, 0xED, 0x01, 0x70, 0x0A, 0x55, 0x13, 0x55, 0x13, 0x35, 0x13, 0x77, 0x54,
    0x9E, 0xEF, 0x9E, 0xEF, 0xBA, 0xD6, 0x9A, 0xD6, 0x76, 0x54, 0x55, 0x13, 0x55, 0x13, 0x55, 0x13,
    0x90, 0x0A, 0x0E, 0x02, 0xEE, 0x01, 0xED, 0x01, 0xCA, 0x11, 0x41, 0x00, 0x00, 0x00, 0x00, 0x00,
    0x00, 0x00, 0x00, 0x00, 0x00, 0x00, 0x00, 0x00, 0x00, 0x00, 0x00, 0x00, 0x00, 0x00, 0x00, 0x00,
    0x00, 0x00, 0x00, 0x00, 0x00, 0x00, 0x00, 0x00, 0x26, 0x11, 0x0E, 0x0A, 0x0E, 0x02, 0x0E, 0x02,
    0x0E, 0x02, 0x0E, 0x02, 0xED, 0x09, 0x8A, 0x09, 0xE5, 0x08, 0x21, 0x00, 0x00, 0x00, 0x00, 0x00,
    0x00, 0x00, 0x00, 0x00, 0x00, 0x00, 0x00, 0x00, 0x00, 0x00, 0x00, 0x00, 0x00, 0x00, 0x00, 0x00,
    0x00, 0x00, 0x00, 0x00, 0x00, 0x00, 0x00, 0x00, 0x00, 0x00, 0x00, 0x00, 0x00, 0x00, 0x00, 0x00,
    0x00, 0x00, 0x00, 0x00, 0x00, 0x00, 0x00, 0x00, 0x00, 0x00, 0x00, 0x00, 0x00, 0x00, 0x00, 0x00,
    0x00, 0x00, 0x00, 0x00, 0x00, 0x00, 0x00, 0x00, 0x00, 0x00, 0x00, 0x00, 0x00, 0x00, 0x00, 0x00,
    0x00, 0x00, 0x00, 0x00, 0x00, 0x00, 0x00, 0x00, 0x00, 0x00, 0x00, 0x00, 0x00, 0x00, 0x00, 0x00,
    0x00, 0x00, 0x00, 0x00, 0x00, 0x00, 0x00, 0x00, 0x00, 0x00, 0x00, 0x00, 0x00, 0x00, 0x00, 0x00,
    0x00, 0x00, 0x00, 0x00, 0x00, 0x00, 0x00, 0x00, 0x00, 0x00, 0x00, 0x00, 0x00, 0x00, 0x00, 0x00,
    0x00, 0x00, 0x00, 0x00, 0x00, 0x00, 0x00, 0x00, 0x00, 0x00, 0x00, 0x00, 0x00, 0x00, 0x00, 0x00,
    0x00, 0x00, 0x00, 0x00, 0x00, 0x00, 0x00, 0x00, 0x00, 0x00, 0x00, 0x00, 0x00, 0x00, 0x00, 0x00,
    0x00, 0x00, 0x00, 0x00, 0x00, 0x00, 0x00, 0x00, 0x00, 0x00, 0x00, 0x00, 0x00, 0x00, 0x00, 0x00,
    0x00, 0x00, 0x00, 0x00, 0x00, 0x00, 0x00, 0x00, 0x00, 0x00, 0x00, 0x00, 0x00, 0x00, 0x00, 0x00,
    0x00, 0x00, 0x00, 0x00, 0x00, 0x00, 0x00, 0x00, 0x00, 0x00, 0x00, 0x00, 0x00, 0x00, 0x00, 0x00,
    0x00, 0x00, 0x00, 0x00, 0x00, 0x00, 0x00, 0x00, 0x00, 0x00, 0x00, 0x00, 0x00, 0x00, 0x00, 0x00,
    0x00, 0x00, 0x00, 0x00, 0x00, 0x00, 0x00, 0x00, 0x00, 0x00, 0x00, 0x00, 0x00, 0x00, 0x00, 0x00,
    0x00, 0x00, 0x00, 0x00, 0x00, 0x00, 0x00, 0x00, 0x00, 0x00, 0x00, 0x00, 0x00, 0x00, 0x00, 0x00,
    0x00, 0x00, 0x00, 0x00, 0x00, 0x00, 0x00, 0x00, 0x00, 0x00, 0x00, 0x00, 0x00, 0x00, 0x00, 0x00,
    0x00, 0x00, 0x00, 0x00, 0x00, 0x00, 0x00, 0x00, 0x00, 0x00, 0x00, 0x00, 0x00, 0x00, 0x00, 0x00,
    0x00, 0x00, 0x00, 0x00, 0x00, 0x00, 0x00, 0x00, 0x00, 0x00, 0x00, 0x00, 0x00, 0x00, 0x00, 0x00,
    0x00, 0x00, 0x00, 0x00, 0x00, 0x00, 0x00, 0x00, 0x00, 0x00, 0x00, 0x00, 0x00, 0x00, 0x00, 0x00,
    0x00, 0x00, 0x00, 0x00, 0x00, 0x00, 0x00, 0x00, 0x00, 0x00, 0x00, 0x00, 0x00, 0x00, 0x00, 0x00,
    0x00, 0x00, 0x00, 0x00, 0x00, 0x00, 0x00, 0x00, 0x00, 0x00, 0x00, 0x00, 0x00, 0x00, 0x00, 0x00,
    0x00, 0x00, 0x00, 0x00, 0x00, 0x00, 0x00, 0x00, 0x00, 0x00, 0x00, 0x00, 0x00, 0x00, 0x00, 0x00,
    0x00, 0x00, 0x00, 0x00, 0x00, 0x00, 0x00, 0x00, 0x00, 0x00, 0x00, 0x00, 0x00, 0x00, 0x00, 0x00,
    0x00, 0x00, 0x00, 0x00, 0x00, 0x00, 0x00, 0x00, 0x20, 0x00, 0xC4, 0x08, 0xAA, 0x11, 0xED, 0x09,
    0xED, 0x01, 0xED, 0x09, 0x68, 0x11, 0x20, 0x00, 0x00, 0x00, 0x00, 0x00, 0x00, 0x00, 0x00, 0x00,
    0x00, 0x00, 0x00, 0x00, 0x00, 0x00, 0x00, 0x00, 0x00, 0x00, 0x00, 0x00, 0x00, 0x00, 0x00, 0x00,
    0x00, 0x00, 0x00, 0x00, 0x00, 0x00, 0x68, 0x11, 0xED, 0x01, 0xEE, 0x01, 0x0E, 0x02, 0x4F, 0x0A,
    0x55, 0x13, 0x55, 0x13, 0x55, 0x13, 0x77, 0x5C, 0x9E, 0xEF, 0x7D, 0xEF, 0xBA, 0xD6, 0x9A, 0xCE,
    0x56, 0x54, 0x35, 0x13, 0x55, 0x13, 0x55, 0x13, 0x50, 0x0A, 0x0E, 0x02, 0x0E, 0x02, 0xED, 0x01,
    0x89, 0x11, 0x00, 0x00, 0x00, 0x00, 0x00, 0x00, 0x00, 0x00, 0x00, 0x00, 0x00, 0x00, 0x00, 0x00,
    0x00, 0x00, 0x00, 0x00, 0x00, 0x00, 0x00, 0x00, 0x00, 0x00, 0x00, 0x00, 0x00, 0x00, 0x00, 0x00,
    0x20, 0x00, 0x88, 0x19, 0xED, 0x09, 0xEE, 0x01, 0x0E, 0x0A, 0xEB, 0x11, 0x05, 0x11, 0x21, 0x00,
    0x00, 0x00, 0x00, 0x00, 0x00, 0x00, 0x00, 0x00, 0x00, 0x00, 0x00, 0x00, 0x00, 0x00, 0x00, 0x00,
    0x00, 0x00, 0x00, 0x00, 0x00, 0x00, 0x00, 0x00, 0x00, 0x00, 0x00, 0x00, 0x00, 0x00, 0x00, 0x00,
    0x00, 0x00, 0x00, 0x00, 0x00, 0x00, 0x00, 0x00, 0x00, 0x00, 0x00, 0x00, 0x00, 0x00, 0x00, 0x00,
    0x00, 0x00, 0x00, 0x00, 0x00, 0x00, 0x00, 0x00, 0x00, 0x00, 0x00, 0x00, 0x00, 0x00, 0x00, 0x00,
    0x00, 0x00, 0x00, 0x00, 0x00, 0x00, 0x00, 0x00, 0x00, 0x00, 0x00, 0x00, 0x00, 0x00, 0x00, 0x00,
    0x00, 0x00, 0x00, 0x00, 0x00, 0x00, 0x00, 0x00, 0x00, 0x00, 0x00, 0x00, 0x00, 0x00, 0x00, 0x00,
    0x00, 0x00, 0x00, 0x00, 0x00, 0x00, 0x00, 0x00, 0x00, 0x00, 0x00, 0x00, 0x00, 0x00, 0x00, 0x00,
    0x00, 0x00, 0x00, 0x00, 0x00, 0x00, 0x00, 0x00, 0x00, 0x00, 0x00, 0x00, 0x00, 0x00, 0x00, 0x00,
    0x00, 0x00, 0x00, 0x00, 0x00, 0x00, 0x00, 0x00, 0x00, 0x00, 0x00, 0x00, 0x00, 0x00, 0x00, 0x00,
    0x00, 0x00, 0x00, 0x00, 0x00, 0x00, 0x00, 0x00, 0x00, 0x00, 0x00, 0x00, 0x00, 0x00, 0x00, 0x00,
    0x00, 0x00, 0x00, 0x00, 0x00, 0x00, 0x00, 0x00, 0x00, 0x00, 0x00, 0x00, 0x00, 0x00, 0x00, 0x00,
    0x00, 0x00, 0x00, 0x00, 0x00, 0x00, 0x00, 0x00, 0x00, 0x00, 0x00, 0x00, 0x00, 0x00, 0x00, 0x00,
    0x00, 0x00, 0x00, 0x00, 0x00, 0x00, 0x00, 0x00, 0x00, 0x00, 0x00, 0x00, 0x00, 0x00, 0x00, 0x00,
    0x00, 0x00, 0x00, 0x00, 0x00, 0x00, 0x00, 0x00, 0x00, 0x00, 0x00, 0x00, 0x00, 0x00, 0x00, 0x00,
    0x00, 0x00, 0x00, 0x00, 0x00, 0x00, 0x00, 0x00, 0x00, 0x00, 0x00, 0x00, 0x00, 0x00, 0x00, 0x00,
    0x00, 0x00, 0x00, 0x00, 0x00, 0x00, 0x00, 0x00, 0x00, 0x00, 0x00, 0x00, 0x00, 0x00, 0x00, 0x00,
    0x00, 0x00, 0x00, 0x00, 0x00, 0x00, 0x00, 0x00, 0x00, 0x00, 0x00, 0x00, 0x00, 0x00, 0x00, 0x00,
    0x00, 0x00, 0x00, 0x00, 0x00, 0x00, 0x00, 0x00, 0x00, 0x00, 0x00, 0x00, 0x00, 0x00, 0x00, 0x00,
    0x00, 0x00, 0x00, 0x00, 0x00, 0x00, 0x00, 0x00, 0x00, 0x00, 0x00, 0x00, 0x00, 0x00, 0x00, 0x00,
    0x00, 0x00, 0x00, 0x00, 0x00, 0x00, 0x00, 0x00, 0x00, 0x00, 0x00, 0x00, 0x00, 0x00, 0x00, 0x00,
    0x00, 0x00, 0x00, 0x00, 0x00, 0x00, 0x00, 0x00, 0x00, 0x00, 0x00, 0x00, 0x00, 0x00, 0x00, 0x00,
    0x00, 0x00, 0x00, 0x00, 0x00, 0x00, 0x00, 0x00, 0x00, 0x00, 0x00, 0x00, 0x00, 0x00, 0x00, 0x00,
    0x00, 0x00, 0x00, 0x00, 0x00, 0x00, 0x00, 0x00, 0x00, 0x00, 0x00, 0x00, 0x00, 0x00, 0x00, 0x00,
    0x00, 0x00, 0x00, 0x00, 0x00, 0x00, 0x00, 0x00, 0x00, 0x00, 0x00, 0x00, 0x00, 0x00, 0x00, 0x00,
    0x00, 0x00, 0x00, 0x00, 0x20, 0x00, 0xE5, 0x10, 0xAA, 0x11, 0x88, 0x11, 0x41, 0x08, 0x00, 0x00,
    0x00, 0x00, 0x00, 0x00, 0x00, 0x00, 0x00, 0x00, 0x00, 0x00, 0x00, 0x00, 0x00, 0x00, 0x00, 0x00,
    0x00, 0x00, 0x00, 0x00, 0x00, 0x00, 0x00, 0x00, 0x00, 0x00, 0x00, 0x00, 0x00, 0x00, 0x05, 0x11,
    0xED, 0x09, 0x0E, 0x02, 0x0E, 0x02, 0x2F, 0x02, 0x14, 0x13, 0x55, 0x13, 0x34, 0x13, 0x77, 0x54,
    0x9E, 0xF7, 0x9E, 0xF7, 0xBA, 0xD6, 0x9A, 0xD6, 0x56, 0x54, 0x14, 0x13, 0x55, 0x13, 0x14, 0x13,
    0x2F, 0x02, 0x0E, 0x02, 0x0E, 0x02, 0xEE, 0x01, 0x47, 0x11, 0x00, 0x00, 0x00, 0x00, 0x00, 0x00,
    0x00, 0x00, 0x00, 0x00, 0x00, 0x00, 0x00, 0x00, 0x00, 0x00, 0x00, 0x00, 0x00, 0x00, 0x00, 0x00,
    0x00, 0x00, 0x00, 0x00, 0x00, 0x00, 0x00, 0x00, 0x00, 0x00, 0x61, 0x08, 0x89, 0x19, 0xAA, 0x11,
    0x05, 0x11, 0x41, 0x08, 0x00, 0x00, 0x00, 0x00, 0x00, 0x00, 0x00, 0x00, 0x00, 0x00, 0x00, 0x00,
    0x00, 0x00, 0x00, 0x00, 0x00, 0x00, 0x00, 0x00, 0x00, 0x00, 0x00, 0x00, 0x00, 0x00, 0x00, 0x00,
    0x00, 0x00, 0x00, 0x00, 0x00, 0x00, 0x00, 0x00, 0x00, 0x00, 0x00, 0x00, 0x00, 0x00, 0x00, 0x00,
    0x00, 0x00, 0x00, 0x00, 0x00, 0x00, 0x00, 0x00, 0x00, 0x00, 0x00, 0x00, 0x00, 0x00, 0x00, 0x00,
    0x00, 0x00, 0x00, 0x00, 0x00, 0x00, 0x00, 0x00, 0x00, 0x00, 0x00, 0x00, 0x00, 0x00, 0x00, 0x00,
    0x00, 0x00, 0x00, 0x00, 0x00, 0x00, 0x00, 0x00, 0x00, 0x00, 0x00, 0x00, 0x00, 0x00, 0x00, 0x00,
    0x00, 0x00, 0x00, 0x00, 0x00, 0x00, 0x00, 0x00, 0x00, 0x00, 0x00, 0x00, 0x00, 0x00, 0x00, 0x00,
    0x00, 0x00, 0x00, 0x00, 0x00, 0x00, 0x00, 0x00, 0x00, 0x00, 0x00, 0x00, 0x00, 0x00, 0x00, 0x00,
    0x00, 0x00, 0x00, 0x00, 0x00, 0x00, 0x00, 0x00, 0x00, 0x00, 0x00, 0x00, 0x00, 0x00, 0x00, 0x00,
    0x00, 0x00, 0x00, 0x00, 0x00, 0x00, 0x00, 0x00, 0x00, 0x00, 0x00, 0x00, 0x00, 0x00, 0x00, 0x00,
    0x00, 0x00, 0x00, 0x00, 0x00, 0x00, 0x00, 0x00, 0x00, 0x00, 0x00, 0x00, 0x00, 0x00, 0x00, 0x00,
    0x00, 0x00, 0x00, 0x00, 0x00, 0x00, 0x00, 0x00, 0x00, 0x00, 0x00, 0x00, 0x00, 0x00, 0x00, 0x00,
    0x00, 0x00, 0x00, 0x00, 0x00, 0x00, 0x00, 0x00, 0x00, 0x00, 0x00, 0x00, 0x00, 0x00, 0x00, 0x00,
    0x00, 0x00, 0x00, 0x00, 0x00, 0x00, 0x00, 0x00, 0x00, 0x00, 0x00, 0x00, 0x00, 0x00, 0x00, 0x00,
    0x00, 0x00, 0x00, 0x00, 0x00, 0x00, 0x00, 0x00, 0x00, 0x00, 0x00, 0x00, 0x00, 0x00, 0x00, 0x00,
    0x00, 0x00, 0x00, 0x00, 0x00, 0x00, 0x00, 0x00, 0x00, 0x00, 0x00, 0x00, 0x00, 0x00, 0x00, 0x00,
    0x00, 0x00, 0x00, 0x00, 0x00, 0x00, 0x00, 0x00, 0x00, 0x00, 0x00, 0x00, 0x00, 0x00, 0x00, 0x00,
    0x00, 0x00, 0x00, 0x00, 0x00, 0x00, 0x00, 0x00, 0x00, 0x00, 0x00, 0x00, 0x00, 0x00, 0x00, 0x00,
    0x00, 0x00, 0x00, 0x00, 0x00, 0x00, 0x00, 0x00, 0x00, 0x00, 0x00, 0x00, 0x00, 0x00, 0x00, 0x00,
    0x00, 0x00, 0x00, 0x00, 0x00, 0x00, 0x00, 0x00, 0x00, 0x00, 0x00, 0x00, 0x00, 0x00, 0x00, 0x00,
    0x00, 0x00, 0x00, 0x00, 0x00, 0x00, 0x00, 0x00, 0x00, 0x00, 0x00, 0x00, 0x00, 0x00, 0x00, 0x00,
    0x00, 0x00, 0x00, 0x00, 0x00, 0x00, 0x00, 0x00, 0x00, 0x00, 0x00, 0x00, 0x00, 0x00, 0x00, 0x00,
    0x00, 0x00, 0x00, 0x00, 0x00, 0x00, 0x00, 0x00, 0x00, 0x00, 0x00, 0x00, 0x00, 0x00, 0x00, 0x00,
    0x00, 0x00, 0x00, 0x00, 0x00, 0x00, 0x00, 0x00, 0x00, 0x00, 0x00, 0x00, 0x00, 0x00, 0x00, 0x00,
    0x00, 0x00, 0x00, 0x00, 0x00, 0x00, 0x00, 0x00, 0x00, 0x00, 0x00, 0x00, 0x00, 0x00, 0x00, 0x00,
    0x20, 0x00, 0x20, 0x00, 0x00, 0x00, 0x00, 0x00, 0x00, 0x00, 0x00, 0x00, 0x00, 0x00, 0x00, 0x00,
    0x00, 0x00, 0x00, 0x00, 0x00, 0x00, 0x00, 0x00, 0x00, 0x00, 0x00, 0x00, 0x00, 0x00, 0x00, 0x00,
    0x00, 0x00, 0x00, 0x00, 0x00, 0x00, 0xA3, 0x08, 0xED, 0x09, 0x0E, 0x02, 0x0E, 0x02, 0x0E, 0x02,
    0xB1, 0x0A, 0xF3, 0x12, 0xF3, 0x12, 0x15, 0x4C, 0x1C, 0xDF, 0x1C, 0xDF, 0x5A, 0xC6, 0x39, 0xBE,
    0x15, 0x4C, 0xF3, 0x12, 0xF3, 0x12, 0xB1, 0x0A, 0xEE, 0x01, 0x0E, 0x02, 0x0E, 0x02, 0x0D, 0x0A,
    0xE5, 0x10, 0x00, 0x00, 0x00, 0x00, 0x00, 0x00, 0x00, 0x00, 0x00, 0x00, 0x00, 0x00, 0x00, 0x00,
    0x00, 0x00, 0x00, 0x00, 0x00, 0x00, 0x00, 0x00, 0x00, 0x00, 0x00, 0x00, 0x00, 0x00, 0x00, 0x00,
    0x00, 0x00, 0x00, 0x00, 0x20, 0x00, 0x20, 0x00, 0x00, 0x00, 0x00, 0x00, 0x00, 0x00, 0x00, 0x00,
    0x00, 0x00, 0x00, 0x00, 0x00, 0x00, 0x00, 0x00, 0x00, 0x00, 0x00, 0x00, 0x00, 0x00, 0x00, 0x00,
    0x00, 0x00, 0x00, 0x00, 0x00, 0x00, 0x00, 0x00, 0x00, 0x00, 0x00, 0x00, 0x00, 0x00, 0x00, 0x00,
    0x00, 0x00, 0x00, 0x00, 0x00, 0x00, 0x00, 0x00, 0x00, 0x00, 0x00, 0x00, 0x00, 0x00, 0x00, 0x00,
    0x00, 0x00, 0x00, 0x00, 0x00, 0x00, 0x00, 0x00, 0x00, 0x00, 0x00, 0x00, 0x00, 0x00, 0x00, 0x00,
    0x00, 0x00, 0x00, 0x00, 0x00, 0x00, 0x00, 0x00, 0x00, 0x00, 0x00, 0x00, 0x00, 0x00, 0x00, 0x00,
    0x00, 0x00, 0x00, 0x00, 0x00, 0x00, 0x00, 0x00, 0x00, 0x00, 0x00, 0x00, 0x00, 0x00, 0x00, 0x00,
    0x00, 0x00, 0x00, 0x00, 0x00, 0x00, 0x00, 0x00, 0x00, 0x00, 0x00, 0x00, 0x00, 0x00, 0x00, 0x00,
    0x00, 0x00, 0x00, 0x00, 0x00, 0x00, 0x00, 0x00, 0x00, 0x00, 0x00, 0x00, 0x00, 0x00, 0x00, 0x00,
    0x00, 0x00, 0x00, 0x00, 0x00, 0x00, 0x00, 0x00, 0x00, 0x00, 0x00, 0x00, 0x00, 0x00, 0x00, 0x00,
    0x00, 0x00, 0x00, 0x00, 0x00, 0x00, 0x00, 0x00, 0x00, 0x00, 0x00, 0x00, 0x00, 0x00, 0x00, 0x00,
    0x00, 0x00, 0x00, 0x00, 0x00, 0x00, 0x00, 0x00, 0x00, 0x00, 0x00, 0x00, 0x00, 0x00, 0x00, 0x00,
    0x00, 0x00, 0x00, 0x00, 0x00, 0x00, 0x00, 0x00, 0x00, 0x00, 0x00, 0x00, 0x00, 0x00, 0x00, 0x00,
    0x00, 0x00, 0x00, 0x00, 0x00, 0x00, 0x00, 0x00, 0x00, 0x00, 0x00, 0x00, 0x00, 0x00, 0x00, 0x00,
    0x00, 0x00, 0x00, 0x00, 0x00, 0x00, 0x00, 0x00, 0x00, 0x00, 0x00, 0x00, 0x00, 0x00, 0x00, 0x00,
    0x00, 0x00, 0x00, 0x00, 0x00, 0x00, 0x00, 0x00, 0x00, 0x00, 0x00, 0x00, 0x00, 0x00, 0x00, 0x00,
    0x00, 0x00, 0x00, 0x00, 0x00, 0x00, 0x00, 0x00, 0x00, 0x00, 0x00, 0x00, 0x00, 0x00, 0x00, 0x00,
    0x00, 0x00, 0x00, 0x00, 0x00, 0x00, 0x00, 0x00, 0x00, 0x00, 0x00, 0x00, 0x00, 0x00, 0x00, 0x00,
    0x00, 0x00, 0x00, 0x00, 0x00, 0x00, 0x00, 0x00, 0x00, 0x00, 0x00, 0x00, 0x00, 0x00, 0x00, 0x00,
    0x00, 0x00, 0x00, 0x00, 0x00, 0x00, 0x00, 0x00, 0x00, 0x00, 0x00, 0x00, 0x00, 0x00, 0x00, 0x00,
    0x00, 0x00, 0x00, 0x00, 0x00, 0x00, 0x00, 0x00, 0x00, 0x00, 0x00, 0x00, 0x00, 0x00, 0x00, 0x00,
    0x00, 0x00, 0x00, 0x00, 0x00, 0x00, 0x00, 0x00, 0x00, 0x00, 0x00, 0x00, 0x00, 0x00, 0x00, 0x00,
    0x00, 0x00, 0x00, 0x00, 0x00, 0x00, 0x00, 0x00, 0x00, 0x00, 0x00, 0x00, 0x00, 0x00, 0x00, 0x00,
    0x00, 0x00, 0x00, 0x00, 0x00, 0x00, 0x00, 0x00, 0x00, 0x00, 0x00, 0x00, 0x00, 0x00, 0x00, 0x00,
    0x00, 0x00, 0x00, 0x00, 0x00, 0x00, 0x00, 0x00, 0x00, 0x00, 0x00, 0x00, 0x00, 0x00, 0x00, 0x00,
    0x00, 0x00, 0x00, 0x00, 0x00, 0x00, 0x00, 0x00, 0x00, 0x00, 0x00, 0x00, 0x00, 0x00, 0x00, 0x00,
    0x00, 0x00, 0x00, 0x00, 0x00, 0x00, 0x00, 0x00, 0x00, 0x00, 0x00, 0x00, 0x00, 0x00, 0x00, 0x00,
    0x00, 0x00, 0x00, 0x00, 0x00, 0x00, 0x00, 0x00, 0x00, 0x00, 0x00, 0x00, 0x00, 0x00, 0x62, 0x08,
    0xED, 0x09, 0x0E, 0x02, 0x0E, 0x02, 0xEE, 0x01, 0xEE, 0x01, 0x0E, 0x02, 0x0E, 0x02, 0x2F, 0x12,
    0xD0, 0x2A, 0xF0, 0x2A, 0xD0, 0x2A, 0xAF, 0x22, 0x4F, 0x12, 0x0E, 0x02, 0x0E, 0x02, 0x0E, 0x02,
    0xEE, 0x01, 0x0E, 0x02, 0x0E, 0x02, 0x0D, 0x0A, 0xA3, 0x08, 0x00, 0x00, 0x00, 0x00, 0x00, 0x00,
    0x00, 0x00, 0x00, 0x00, 0x00, 0x00, 0x00, 0x00, 0x00, 0x00, 0x00, 0x00, 0x00, 0x00, 0x00, 0x00,
    0x00, 0x00, 0x00, 0x00, 0x00, 0x00, 0x00, 0x00, 0x00, 0x00, 0x00, 0x00, 0x00, 0x00, 0x00, 0x00,
    0x00, 0x00, 0x00, 0x00, 0x00, 0x00, 0x00, 0x00, 0x00, 0x00, 0x00, 0x00, 0x00, 0x00, 0x00, 0x00,
    0x00, 0x00, 0x00, 0x00, 0x00, 0x00, 0x00, 0x00, 0x00, 0x00, 0x00, 0x00, 0x00, 0x00, 0x00, 0x00,
    0x00, 0x00, 0x00, 0x00, 0x00, 0x00, 0x00, 0x00, 0x00, 0x00, 0x00, 0x00, 0x00, 0x00, 0x00, 0x00,
    0x00, 0x00, 0x00, 0x00, 0x00, 0x00, 0x00, 0x00, 0x00, 0x00, 0x00, 0x00, 0x00, 0x00, 0x00, 0x00,
    0x00, 0x00, 0x00, 0x00, 0x00, 0x00, 0x00, 0x00, 0x00, 0x00, 0x00, 0x00, 0x00, 0x00, 0x00, 0x00,
    0x00, 0x00, 0x00, 0x00, 0x00, 0x00, 0x00, 0x00, 0x00, 0x00, 0x00, 0x00, 0x00, 0x00, 0x00, 0x00,
    0x00, 0x00, 0x00, 0x00, 0x00, 0x00, 0x00, 0x00, 0x00, 0x00, 0x00, 0x00, 0x00, 0x00, 0x00, 0x00,
    0x00, 0x00, 0x00, 0x00, 0x00, 0x00, 0x00, 0x00, 0x00, 0x00, 0x00, 0x00, 0x00, 0x00, 0x00, 0x00,
    0x00, 0x00, 0x00, 0x00, 0x00, 0x00, 0x00, 0x00, 0x00, 0x00, 0x00, 0x00, 0x00, 0x00, 0x00, 0x00,
    0x00, 0x00, 0x00, 0x00, 0x00, 0x00, 0x00, 0x00, 0x00, 0x00, 0x00, 0x00, 0x00, 0x00, 0x00, 0x00,
    0x00, 0x00, 0x00, 0x00, 0x00, 0x00, 0x00, 0x00, 0x00, 0x00, 0x00, 0x00, 0x00, 0x00, 0x00, 0x00,
    0x00, 0x00, 0x00, 0x00, 0x00, 0x00, 0x00, 0x00, 0x00, 0x00, 0x00, 0x00, 0x00, 0x00, 0x00, 0x00,
    0x00, 0x00, 0x00, 0x00, 0x00, 0x00, 0x00, 0x00, 0x00, 0x00, 0x00, 0x00, 0x00, 0x00, 0x00, 0x00,
    0x00, 0x00, 0x00, 0x00, 0x00, 0x00, 0x00, 0x00, 0x00, 0x00, 0x00, 0x00, 0x00, 0x00, 0x00, 0x00,
    0x00, 0x00, 0x00, 0x00, 0x00, 0x00, 0x00, 0x00, 0x00, 0x00, 0x00, 0x00, 0x00, 0x00, 0x00, 0x00,
    0x00, 0x00, 0x00, 0x00, 0x00, 0x00, 0x00, 0x00, 0x00, 0x00, 0x00, 0x00, 0x00, 0x00, 0x00, 0x00,
    0x00, 0x00, 0x00, 0x00, 0x00, 0x00, 0x00, 0x00, 0x00, 0x00, 0x00, 0x00, 0x00, 0x00, 0x00, 0x00,
    0x00, 0x00, 0x00, 0x00, 0x00, 0x00, 0x00, 0x00, 0x00, 0x00, 0x00, 0x00, 0x00, 0x00, 0x00, 0x00,
    0x00, 0x00, 0x00, 0x00, 0x00, 0x00, 0x00, 0x00, 0x00, 0x00, 0x00, 0x00, 0x00, 0x00, 0x00, 0x00,
    0x00, 0x00, 0x00, 0x00, 0x00, 0x00, 0x00, 0x00, 0x00, 0x00, 0x00, 0x00, 0x00, 0x00, 0x00, 0x00,
    0x00, 0x00, 0x00, 0x00, 0x00, 0x00, 0x00, 0x00, 0x00, 0x00, 0x00, 0x00, 0x00, 0x00, 0x00, 0x00,
    0x00, 0x00, 0x00, 0x00, 0x00, 0x00, 0x00, 0x00, 0x00, 0x00, 0x00, 0x00, 0x00, 0x00, 0x00, 0x00,
    0x00, 0x00, 0x00, 0x00, 0x00, 0x00, 0x00, 0x00, 0x00, 0x00, 0x00, 0x00, 0x00, 0x00, 0x00, 0x00,
    0x00, 0x00, 0x00, 0x00, 0x00, 0x00, 0x00, 0x00, 0x00, 0x00, 0x00, 0x00, 0x00, 0x00, 0x00, 0x00,
    0x00, 0x00, 0x00, 0x00, 0x00, 0x00, 0x00, 0x00, 0x00, 0x00, 0x00, 0x00, 0x00, 0x00, 0x00, 0x00,
    0x00, 0x00, 0x00, 0x00, 0x00, 0x00, 0x00, 0x00, 0x00, 0x00, 0x00, 0x00, 0x00, 0x00, 0x00, 0x00,
    0x00, 0x00, 0x00, 0x00, 0x00, 0x00, 0x00, 0x00, 0x00, 0x00, 0x00, 0x00, 0x00, 0x00, 0x00, 0x00,
    0x00, 0x00, 0x00, 0x00, 0x00, 0x00, 0x21, 0x00, 0xCB, 0x11, 0x0E, 0x02, 0xEE, 0x01, 0xED, 0x01,
    0xED, 0x01, 0xEE, 0x01, 0x0E, 0x02, 0x0E, 0x02, 0xEE, 0x01, 0xEE, 0x01, 0xEE, 0x01, 0xEE, 0x01,
    0xEE, 0x01, 0x0E, 0x02, 0x0E, 0x02, 0x0E, 0x02, 0x0E, 0x02, 0x0E, 0x02, 0x0E, 0x02, 0xEC, 0x11,
    0x62, 0x08, 0x00, 0x00, 0x00, 0x00, 0x00, 0x00, 0x00, 0x00, 0x00, 0x00, 0x00, 0x00, 0x00, 0x00,
    0x00, 0x00, 0x00, 0x00, 0x00, 0x00, 0x00, 0x00, 0x00, 0x00, 0x00, 0x00, 0x00, 0x00, 0x00, 0x00,
    0x00, 0x00, 0x00, 0x00, 0x00, 0x00, 0x00, 0x00, 0x00, 0x00, 0x00, 0x00, 0x00, 0x00, 0x00, 0x00,
    0x00, 0x00, 0x00, 0x00, 0x00, 0x00, 0x00, 0x00, 0x00, 0x00, 0x00, 0x00, 0x00, 0x00, 0x00, 0x00,
    0x00, 0x00, 0x00, 0x00, 0x00, 0x00, 0x00, 0x00, 0x00, 0x00, 0x00, 0x00, 0x00, 0x00, 0x00, 0x00,
    0x00, 0x00, 0x00, 0x00, 0x00, 0x00, 0x00, 0x00, 0x00, 0x00, 0x00, 0x00, 0x00, 0x00, 0x00, 0x00,
    0x00, 0x00, 0x00, 0x00, 0x00, 0x00, 0x00, 0x00, 0x00, 0x00, 0x00, 0x00, 0x00, 0x00, 0x00, 0x00,
    0x00, 0x00, 0x00, 0x00, 0x00, 0x00, 0x00, 0x00, 0x00, 0x00, 0x00, 0x00, 0x00, 0x00, 0x00, 0x00,
    0x00, 0x00, 0x00, 0x00, 0x00, 0x00, 0x00, 0x00, 0x00, 0x00, 0x00, 0x00, 0x00, 0x00, 0x00, 0x00,
    0x00, 0x00, 0x00, 0x00, 0x00, 0x00, 0x00, 0x00, 0x00, 0x00, 0x00, 0x00, 0x00, 0x00, 0x00, 0x00,
    0x00, 0x00, 0x00, 0x00, 0x00, 0x00, 0x00, 0x00, 0x00, 0x00, 0x00, 0x00, 0x00, 0x00, 0x00, 0x00,
    0x00, 0x00, 0x00, 0x00, 0x00, 0x00, 0x00, 0x00, 0x00, 0x00, 0x00, 0x00, 0x00, 0x00, 0x00, 0x00,
    0x00, 0x00, 0x00, 0x00, 0x00, 0x00, 0x00, 0x00, 0x00, 0x00, 0x00, 0x00, 0x00, 0x00, 0x00, 0x00,
    0x00, 0x00, 0x00, 0x00, 0x00, 0x00, 0x00, 0x00, 0x00, 0x00, 0x00, 0x00, 0x00, 0x00, 0x00, 0x00,
    0x00, 0x00, 0x00, 0x00, 0x00, 0x00, 0x00, 0x00, 0x00, 0x00, 0x00, 0x00, 0x00, 0x00, 0x00, 0x00,
    0x00, 0x00, 0x00, 0x00, 0x00, 0x00, 0x00, 0x00, 0x00, 0x00, 0x00, 0x00, 0x00, 0x00, 0x00, 0x00,
    0x00, 0x00, 0x00, 0x00, 0x00, 0x00, 0x00, 0x00, 0x00, 0x00, 0x00, 0x00, 0x00, 0x00, 0x00, 0x00,
    0x00, 0x00, 0x00, 0x00, 0x00, 0x00, 0x00, 0x00, 0x00, 0x00, 0x00, 0x00, 0x00, 0x00, 0x00, 0x00,
    0x00, 0x00, 0x00, 0x00, 0x00, 0x00, 0x00, 0x00, 0x00, 0x00, 0x00, 0x00, 0x00, 0x00, 0x00, 0x00,
    0x00, 0x00, 0x00, 0x00, 0x00, 0x00, 0x00, 0x00, 0x00, 0x00, 0x00, 0x00, 0x00, 0x00, 0x00, 0x00,
    0x00, 0x00, 0x00, 0x00, 0x00, 0x00, 0x00, 0x00, 0x00, 0x00, 0x00, 0x00, 0x00, 0x00, 0x00, 0x00,
    0x00, 0x00, 0x00, 0x00, 0x00, 0x00, 0x00, 0x00, 0x00, 0x00, 0x00, 0x00, 0x00, 0x00, 0x00, 0x00,
    0x00, 0x00, 0x00, 0x00, 0x00, 0x00, 0x00, 0x00, 0x00, 0x00, 0x00, 0x00, 0x00, 0x00, 0x00, 0x00,
    0x00, 0x00, 0x00, 0x00, 0x00, 0x00, 0x00, 0x00, 0x00, 0x00, 0x00, 0x00, 0x00, 0x00, 0x00, 0x00,
    0x00, 0x00, 0x00, 0x00, 0x00, 0x00, 0x00, 0x00, 0x00, 0x00, 0x00, 0x00, 0x00, 0x00, 0x00, 0x00,
    0x00, 0x00, 0x00, 0x00, 0x00, 0x00, 0x00, 0x00, 0x00, 0x00, 0x00, 0x00, 0x00, 0x00, 0x00, 0x00,
    0x00, 0x00, 0x00, 0x00, 0x00, 0x00, 0x00, 0x00, 0x00, 0x00, 0x00, 0x00, 0x00, 0x00, 0x00, 0x00,
    0x00, 0x00, 0x00, 0x00, 0x00, 0x00, 0x00, 0x00, 0x00, 0x00, 0x00, 0x00, 0x00, 0x00, 0x00, 0x00,
    0x00, 0x00, 0x00, 0x00, 0x00, 0x00, 0x00, 0x00, 0x00, 0x00, 0x00, 0x00, 0x00, 0x00, 0x00, 0x00,
    0x00, 0x00, 0x00, 0x00, 0x00, 0x00, 0x00, 0x00, 0x00, 0x00, 0x00, 0x00, 0x00, 0x00, 0x00, 0x00,
    0x68, 0x11, 0xED, 0x01, 0xED, 0x01, 0xED, 0x01, 0xEE, 0x01, 0x0E, 0x02, 0x0E, 0x02, 0x0E, 0x02,
    0x0E, 0x02, 0x0E, 0x02, 0xEE, 0x01, 0x0E, 0x02, 0x0E, 0x02, 0x0E, 0x02, 0x0E, 0x02, 0x0E, 0x02,
    0x0E, 0x02, 0x0E, 0x02, 0x0E, 0x02, 0xCB, 0x11, 0x20, 0x00, 0x00, 0x00, 0x00, 0x00, 0x00, 0x00,
    0x00, 0x00, 0x00, 0x00, 0x00, 0x00, 0x00, 0x00, 0x00, 0x00, 0x00, 0x00, 0x00, 0x00, 0x00, 0x00,
    0x00, 0x00, 0x00, 0x00, 0x00, 0x00, 0x00, 0x00, 0x00, 0x00, 0x00, 0x00, 0x00, 0x00, 0x00, 0x00,
    0x00, 0x00, 0x00, 0x00, 0x00, 0x00, 0x00, 0x00, 0x00, 0x00, 0x00, 0x00, 0x00, 0x00, 0x00, 0x00,
    0x00, 0x00, 0x00, 0x00, 0x00, 0x00, 0x00, 0x00, 0x00, 0x00, 0x00, 0x00, 0x00, 0x00, 0x00, 0x00,
    0x00, 0x00, 0x00, 0x00, 0x00, 0x00, 0x00, 0x00, 0x00, 0x00, 0x00, 0x00, 0x00, 0x00, 0x00, 0x00,
    0x00, 0x00, 0x00, 0x00, 0x00, 0x00, 0x00, 0x00, 0x00, 0x00, 0x00, 0x00, 0x00, 0x00, 0x00, 0x00,
    0x00, 0x00, 0x00, 0x00, 0x00, 0x00, 0x00, 0x00, 0x00, 0x00, 0x00, 0x00, 0x00, 0x00, 0x00, 0x00,
    0x00, 0x00, 0x00, 0x00, 0x00, 0x00, 0x00, 0x00, 0x00, 0x00, 0x00, 0x00, 0x00, 0x00, 0x00, 0x00,
    0x00, 0x00, 0x00, 0x00, 0x00, 0x00, 0x00, 0x00, 0x00, 0x00, 0x00, 0x00, 0x00, 0x00, 0x00, 0x00,
    0x00, 0x00, 0x00, 0x00, 0x00, 0x00, 0x00, 0x00, 0x00, 0x00, 0x00, 0x00, 0x00, 0x00, 0x00, 0x00,
    0x00, 0x00, 0x00, 0x00, 0x00, 0x00, 0x00, 0x00, 0x00, 0x00, 0x00, 0x00, 0x00, 0x00, 0x00, 0x00,
    0x00, 0x00, 0x00, 0x00, 0x00, 0x00, 0x00, 0x00, 0x00, 0x00, 0x00, 0x00, 0x00, 0x00, 0x00, 0x00,
    0x00, 0x00, 0x00, 0x00, 0x00, 0x00, 0x00, 0x00, 0x00, 0x00, 0x00, 0x00, 0x00, 0x00, 0x00, 0x00,
    0x00, 0x00, 0x00, 0x00, 0x00, 0x00, 0x00, 0x00, 0x00, 0x00, 0x00, 0x00, 0x00, 0x00, 0x00, 0x00,
    0x00, 0x00, 0x00, 0x00, 0x00, 0x00, 0x00, 0x00, 0x00, 0x00, 0x00, 0x00, 0x00, 0x00, 0x00, 0x00,
    0x00, 0x00, 0x00, 0x00, 0x00, 0x00, 0x00, 0x00, 0x00, 0x00, 0x00, 0x00, 0x00, 0x00, 0x00, 0x00,
    0x00, 0x00, 0x00, 0x00, 0x00, 0x00, 0x00, 0x00, 0x00, 0x00, 0x00, 0x00, 0x00, 0x00, 0x00, 0x00,
    0x00, 0x00, 0x00, 0x00, 0x00, 0x00, 0x00, 0x00, 0x00, 0x00, 0x00, 0x00, 0x00, 0x00, 0x00, 0x00,
    0x00, 0x00, 0x00, 0x00, 0x00, 0x00, 0x00, 0x00, 0x00, 0x00, 0x00, 0x00, 0x00, 0x00, 0x00, 0x00,
    0x00, 0x00, 0x00, 0x00, 0x00, 0x00, 0x00, 0x00, 0x00, 0x00, 0x00, 0x00, 0x00, 0x00, 0x00, 0x00,
    0x00, 0x00, 0x00, 0x00, 0x00, 0x00, 0x00, 0x00, 0x00, 0x00, 0x00, 0x00, 0x00, 0x00, 0x00, 0x00,
    0x00, 0x00, 0x00, 0x00, 0x00, 0x00, 0x00, 0x00, 0x00, 0x00, 0x00, 0x00, 0x00, 0x00, 0x00, 0x00,
    0x00, 0x00, 0x00, 0x00, 0x00, 0x00, 0x00, 0x00, 0x00, 0x00, 0x00, 0x00, 0x00, 0x00, 0x00, 0x00,
    0x00, 0x00, 0x00, 0x00, 0x00, 0x00, 0x00, 0x00, 0x00, 0x00, 0x00, 0x00, 0x00, 0x00, 0x00, 0x00,
    0x00, 0x00, 0x00, 0x00, 0x00, 0x00, 0x00, 0x00, 0x00, 0x00, 0x00, 0x00, 0x00, 0x00, 0x00, 0x00,
    0x00, 0x00, 0x00, 0x00, 0x00, 0x00, 0x00, 0x00, 0x00, 0x00, 0x00, 0x00, 0x00, 0x00, 0x00, 0x00,
    0x00, 0x00, 0x00, 0x00, 0x00, 0x00, 0x00, 0x00, 0x00, 0x00, 0x00, 0x00, 0x00, 0x00, 0x00, 0x00,
    0x00, 0x00, 0x00, 0x00, 0x00, 0x00, 0x00, 0x00, 0x00, 0x00, 0x00, 0x00, 0x00, 0x00, 0x00, 0x00,
    0x00, 0x00, 0x00, 0x00, 0x00, 0x00, 0x00, 0x00, 0x00, 0x00, 0x00, 0x00, 0x00, 0x00, 0x00, 0x00,
    0x00, 0x00, 0x00, 0x00, 0x00, 0x00, 0x00, 0x00, 0xE5, 0x08, 0xCC, 0x09, 0xED, 0x01, 0xED, 0x01,
    0xED, 0x01, 0xEE, 0x01, 0xEE, 0x01, 0x0E, 0x02, 0x0E, 0x02, 0x0E, 0x02, 0x0E, 0x02, 0x0E, 0x02,
    0x0E, 0x02, 0xEE, 0x01, 0xED, 0x01, 0xED, 0x01, 0xED, 0x01, 0xED, 0x01, 0xED, 0x09, 0x47, 0x11,
    0x00, 0x00, 0x00, 0x00, 0x00, 0x00, 0x00, 0x00, 0x00, 0x00, 0x00, 0x00, 0x00, 0x00, 0x00, 0x00,
    0x00, 0x00, 0x00, 0x00, 0x00, 0x00, 0x00, 0x00, 0x00, 0x00, 0x00, 0x00, 0x00, 0x00, 0x00, 0x00,
    0x00, 0x00, 0x00, 0x00, 0x00, 0x00, 0x00, 0x00, 0x00, 0x00, 0x00, 0x00, 0x00, 0x00, 0x00, 0x00,
    0x00, 0x00, 0x00, 0x00, 0x00, 0x00, 0x00, 0x00, 0x00, 0x00, 0x00, 0x00, 0x00, 0x00, 0x00, 0x00,
    0x00, 0x00, 0x00, 0x00, 0x00, 0x00, 0x00, 0x00, 0x00, 0x00, 0x00, 0x00, 0x00, 0x00, 0x00, 0x00,
    0x00, 0x00, 0x00, 0x00, 0x00, 0x00, 0x00, 0x00, 0x00, 0x00, 0x00, 0x00, 0x00, 0x00, 0x00, 0x00,
    0x00, 0x00, 0x00, 0x00, 0x00, 0x00, 0x00, 0x00, 0x00, 0x00, 0x00, 0x00, 0x00, 0x00, 0x00, 0x00,
    0x00, 0x00, 0x00, 0x00, 0x00, 0x00, 0x00, 0x00, 0x00, 0x00, 0x00, 0x00, 0x00, 0x00, 0x00, 0x00,
    0x00, 0x00, 0x00, 0x00, 0x00, 0x00, 0x00, 0x00, 0x00, 0x00, 0x00, 0x00, 0x00, 0x00, 0x00, 0x00,
    0x00, 0x00, 0x00, 0x00, 0x00, 0x00, 0x00, 0x00, 0x00, 0x00, 0x00, 0x00, 0x00, 0x00, 0x00, 0x00,
    0x00, 0x00, 0x00, 0x00, 0x00, 0x00, 0x00, 0x00, 0x00, 0x00, 0x00, 0x00, 0x00, 0x00, 0x00, 0x00,
    0x00, 0x00, 0x00, 0x00, 0x00, 0x00, 0x00, 0x00, 0x00, 0x00, 0x00, 0x00, 0x00, 0x00, 0x00, 0x00,
    0x00, 0x00, 0x00, 0x00, 0x00, 0x00, 0x00, 0x00, 0x00, 0x00, 0x00, 0x00, 0x00, 0x00, 0x00, 0x00,
    0x00, 0x00, 0x00, 0x00, 0x00, 0x00, 0x00, 0x00, 0x00, 0x00, 0x00, 0x00, 0x00, 0x00, 0x00, 0x00,
    0x00, 0x00, 0x00, 0x00, 0x00, 0x00, 0x00, 0x00, 0x00, 0x00, 0x00, 0x00, 0x00, 0x00, 0x00, 0x00,
    0x00, 0x00, 0x00, 0x00, 0x00, 0x00, 0x00, 0x00, 0x00, 0x00, 0x00, 0x00, 0x00, 0x00, 0x00, 0x00,
    0x00, 0x00, 0x00, 0x00, 0x00, 0x00, 0x00, 0x00, 0x00, 0x00, 0x00, 0x00, 0x00, 0x00, 0x00, 0x00,
    0x00, 0x00, 0x00, 0x00, 0x00, 0x00, 0x00, 0x00, 0x00, 0x00, 0x00, 0x00, 0x00, 0x00, 0x00, 0x00,
    0x00, 0x00, 0x00, 0x00, 0x00, 0x00, 0x00, 0x00, 0x00, 0x00, 0x00, 0x00, 0x00, 0x00, 0x00, 0x00,
    0x00, 0x00, 0x00, 0x00, 0x00, 0x00, 0x00, 0x00, 0x00, 0x00, 0x00, 0x00, 0x00, 0x00, 0x00, 0x00,
    0x00, 0x00, 0x00, 0x00, 0x00, 0x00, 0x00, 0x00, 0x00, 0x00, 0x00, 0x00, 0x00, 0x00, 0x00, 0x00,
    0x00, 0x00, 0x00, 0x00, 0x00, 0x00, 0x00, 0x00, 0x00, 0x00, 0x00, 0x00, 0x00, 0x00, 0x00, 0x00,
    0x00, 0x00, 0x00, 0x00, 0x00, 0x00, 0x00, 0x00, 0x00, 0x00, 0x00, 0x00, 0x00, 0x00, 0x00, 0x00,
    0x00, 0x00, 0x00, 0x00, 0x00, 0x00, 0x00, 0x00, 0x00, 0x00, 0x00, 0x00, 0x00, 0x00, 0x00, 0x00,
    0x00, 0x00, 0x00, 0x00, 0x00, 0x00, 0x00, 0x00, 0x00, 0x00, 0x00, 0x00, 0x00, 0x00, 0x00, 0x00,
    0x00, 0x00, 0x00, 0x00, 0x00, 0x00, 0x00, 0x00, 0x00, 0x00, 0x00, 0x00, 0x00, 0x00, 0x00, 0x00,
    0x00, 0x00, 0x00, 0x00, 0x00, 0x00, 0x00, 0x00, 0x00, 0x00, 0x00, 0x00, 0x00, 0x00, 0x00, 0x00,
    0x00, 0x00, 0x00, 0x00, 0x00, 0x00, 0x00, 0x00, 0x00, 0x00, 0x00, 0x00, 0x00, 0x00, 0x00, 0x00,
    0x00, 0x00, 0x00, 0x00, 0x00, 0x00, 0x00, 0x00, 0x00, 0x00, 0x00, 0x00, 0x00, 0x00, 0x00, 0x00,
    0x00, 0x00, 0x00, 0x00, 0x00, 0x00, 0x00, 0x00, 0x00, 0x00, 0x00, 0x00, 0x00, 0x00, 0x00, 0x00,
    0x20, 0x00, 0x83, 0x00, 0xC4, 0x00, 0xC5, 0x00, 0x06, 0x09, 0x28, 0x09, 0x49, 0x09, 0x6A, 0x09,
    0x8A, 0x09, 0x8B, 0x09, 0x8B, 0x09, 0x8A, 0x09, 0x8A, 0x09, 0x49, 0x01, 0x48, 0x09, 0x48, 0x09,
    0x27, 0x09, 0xE5, 0x08, 0xA4, 0x08, 0x21, 0x00, 0x00, 0x00, 0x00, 0x00, 0x00, 0x00, 0x00, 0x00,
    0x00, 0x00, 0x00, 0x00, 0x00, 0x00, 0x00, 0x00, 0x00, 0x00, 0x00, 0x00, 0x00, 0x00, 0x00, 0x00,
    0x00, 0x00, 0x00, 0x00, 0x00, 0x00, 0x00, 0x00, 0x00, 0x00, 0x00, 0x00, 0x00, 0x00, 0x00, 0x00,
    0x00, 0x00, 0x00, 0x00, 0x00, 0x00, 0x00, 0x00, 0x00, 0x00, 0x00, 0x00, 0x00, 0x00, 0x00, 0x00,
    0x00, 0x00, 0x00, 0x00, 0x00, 0x00, 0x00, 0x00, 0x00, 0x00, 0x00, 0x00, 0x00, 0x00, 0x00, 0x00,
    0x00, 0x00, 0x00, 0x00, 0x00, 0x00, 0x00, 0x00, 0x00, 0x00, 0x00, 0x00, 0x00, 0x00, 0x00, 0x00,
    0x00, 0x00, 0x00, 0x00, 0x00, 0x00, 0x00, 0x00, 0x00, 0x00, 0x00, 0x00, 0x00, 0x00, 0x00, 0x00,
    0x00, 0x00, 0x00, 0x00, 0x00, 0x00, 0x00, 0x00, 0x00, 0x00, 0x00, 0x00, 0x00, 0x00, 0x00, 0x00,
    0x00, 0x00, 0x00, 0x00, 0x00, 0x00, 0x00, 0x00, 0x00, 0x00, 0x00, 0x00, 0x00, 0x00, 0x00, 0x00,
    0x00, 0x00, 0x00, 0x00, 0x00, 0x00, 0x00, 0x00, 0x00, 0x00, 0x00, 0x00, 0x00, 0x00, 0x00, 0x00,
    0x00, 0x00, 0x00, 0x00, 0x00, 0x00, 0x00, 0x00, 0x00, 0x00, 0x00, 0x00, 0x00, 0x00, 0x00, 0x00,
    0x00, 0x00, 0x00, 0x00, 0x00, 0x00, 0x00, 0x00, 0x00, 0x00, 0x00, 0x00, 0x00, 0x00, 0x00, 0x00,
    0x00, 0x00, 0x00, 0x00, 0x00, 0x00, 0x00, 0x00, 0x00, 0x00, 0x00, 0x00, 0x00, 0x00, 0x00, 0x00,
    0x00, 0x00, 0x00, 0x00, 0x00, 0x00, 0x00, 0x00, 0x00, 0x00, 0x00, 0x00, 0x00, 0x00, 0x00, 0x00,
    0x00, 0x00, 0x00, 0x00, 0x00, 0x00, 0x00, 0x00, 0x00, 0x00, 0x00, 0x00, 0x00, 0x00, 0x00, 0x00,
    0x00, 0x00, 0x00, 0x00, 0x00, 0x00, 0x00, 0x00, 0x00, 0x00, 0x00, 0x00, 0x00, 0x00, 0x00, 0x00,
    0x00, 0x00, 0x00, 0x00, 0x00, 0x00, 0x00, 0x00, 0x00, 0x00, 0x00, 0x00, 0x00, 0x00, 0x00, 0x00,
    0x00, 0x00, 0x00, 0x00, 0x00, 0x00, 0x00, 0x00, 0x00, 0x00, 0x00, 0x00, 0x00, 0x00, 0x00, 0x00,
    0x00, 0x00, 0x00, 0x00, 0x00, 0x00, 0x00, 0x00, 0x00, 0x00, 0x00, 0x00, 0x00, 0x00, 0x00, 0x00,
    0x00, 0x00, 0x00, 0x00, 0x00, 0x00, 0x00, 0x00, 0x00, 0x00, 0x00, 0x00, 0x00, 0x00, 0x00, 0x00,
    0x00, 0x00, 0x00, 0x00, 0x00, 0x00, 0x00, 0x00, 0x00, 0x00, 0x00, 0x00, 0x00, 0x00, 0x00, 0x00,
    0x00, 0x00, 0x00, 0x00, 0x00, 0x00, 0x00, 0x00, 0x00, 0x00, 0x00, 0x00, 0x00, 0x00, 0x00, 0x00,
    0x00, 0x00, 0x00, 0x00, 0x00, 0x00, 0x00, 0x00, 0x00, 0x00, 0x00, 0x00, 0x00, 0x00, 0x00, 0x00,
    0x00, 0x00, 0x00, 0x00, 0x00, 0x00, 0x00, 0x00, 0x00, 0x00, 0x00, 0x00, 0x00, 0x00, 0x00, 0x00,
    0x00, 0x00, 0x00, 0x00, 0x00, 0x00, 0x00, 0x00, 0x00, 0x00, 0x00, 0x00, 0x00, 0x00, 0x00, 0x00,
    0x00, 0x00, 0x00, 0x00, 0x00, 0x00, 0x00, 0x00, 0x00, 0x00, 0x00, 0x00, 0x00, 0x00, 0x00, 0x00,
    0x00, 0x00, 0x00, 0x00, 0x00, 0x00, 0x00, 0x00, 0x00, 0x00, 0x00, 0x00, 0x00, 0x00, 0x00, 0x00,
    0x00, 0x00, 0x00, 0x00, 0x00, 0x00, 0x00, 0x00, 0x00, 0x00, 0x00, 0x00, 0x00, 0x00, 0x00, 0x00,
    0x00, 0x00, 0x00, 0x00, 0x00, 0x00, 0x00, 0x00, 0x00, 0x00, 0x00, 0x00, 0x00, 0x00, 0x00, 0x00,
    0x00, 0x00, 0x00, 0x00, 0x00, 0x00, 0x00, 0x00, 0x00, 0x00, 0x00, 0x00, 0x00, 0x00, 0x00, 0x00,
    0x00, 0x00, 0x00, 0x00, 0x00, 0x00, 0x00, 0x00, 0x00, 0x00, 0x00, 0x00, 0x00, 0x00, 0x00, 0x00,
    0x00, 0x00, 0x00, 0x00, 0x00, 0x00, 0x00, 0x00, 0x20, 0x00, 0x20, 0x00, 0x20, 0x00, 0x20, 0x00,
    0x00, 0x00, 0x00, 0x00, 0x00, 0x00, 0x00, 0x00, 0x00, 0x00, 0x00, 0x00, 0x00, 0x00, 0x00, 0x00,
    0x00, 0x00, 0x00, 0x00, 0x00, 0x00, 0x00, 0x00, 0x00, 0x00, 0x00, 0x00, 0x00, 0x00, 0x00, 0x00,
    0x00, 0x00, 0x00, 0x00, 0x00, 0x00, 0x00, 0x00, 0x00, 0x00, 0x00, 0x00, 0x00, 0x00, 0x00, 0x00,
    0x00, 0x00, 0x00, 0x00, 0x00, 0x00, 0x00, 0x00, 0x00, 0x00, 0x00, 0x00, 0x00, 0x00, 0x00, 0x00,
    0x00, 0x00, 0x00, 0x00, 0x00, 0x00, 0x00, 0x00, 0x00, 0x00, 0x00, 0x00, 0x00, 0x00, 0x00, 0x00,
    0x00, 0x00, 0x00, 0x00, 0x00, 0x00, 0x00, 0x00, 0x00, 0x00, 0x00, 0x00, 0x00, 0x00, 0x00, 0x00,
    0x00, 0x00, 0x00, 0x00, 0x00, 0x00, 0x00, 0x00, 0x00, 0x00, 0x00, 0x00, 0x00, 0x00, 0x00, 0x00,
    0x00, 0x00, 0x00, 0x00, 0x00, 0x00, 0x00, 0x00, 0x00, 0x00, 0x00, 0x00, 0x00, 0x00, 0x00, 0x00,
    0x00, 0x00, 0x00, 0x00, 0x00, 0x00, 0x00, 0x00, 0x00, 0x00, 0x00, 0x00, 0x00, 0x00, 0x00, 0x00,
    0x00, 0x00, 0x00, 0x00, 0x00, 0x00, 0x00, 0x00, 0x00, 0x00, 0x00, 0x00, 0x00, 0x00, 0x00, 0x00,
    0x00, 0x00, 0x00, 0x00, 0x00, 0x00, 0x00, 0x00, 0x00, 0x00, 0x00, 0x00, 0x00, 0x00, 0x00, 0x00,
    0x00, 0x00, 0x00, 0x00, 0x00, 0x00, 0x00, 0x00, 0x00, 0x00, 0x00, 0x00, 0x00, 0x00, 0x00, 0x00,
    0x00, 0x00, 0x00, 0x00, 0x00, 0x00, 0x00, 0x00, 0x00, 0x00, 0x00, 0x00, 0x00, 0x00, 0x00, 0x00,
    0x00, 0x00, 0x00, 0x00, 0x00, 0x00, 0x00, 0x00, 0x00, 0x00, 0x00, 0x00, 0x00, 0x00, 0x00, 0x00,
    0x00, 0x00, 0x00, 0x00, 0x00, 0x00, 0x00, 0x00, 0x00, 0x00, 0x00, 0x00, 0x00, 0x00, 0x00, 0x00,
    0x00, 0x00, 0x00, 0x00, 0x00, 0x00, 0x00, 0x00, 0x00, 0x00, 0x00, 0x00, 0x00, 0x00, 0x00, 0x00,
    0x00, 0x00, 0x00, 0x00, 0x00, 0x00, 0x00, 0x00, 0x00, 0x00, 0x00, 0x00, 0x00, 0x00, 0x00, 0x00,
    0x00, 0x00, 0x00, 0x00, 0x00, 0x00, 0x00, 0x00, 0x00, 0x00, 0x00, 0x00, 0x00, 0x00, 0x00, 0x00,
    0x00, 0x00, 0x00, 0x00, 0x00, 0x00, 0x00, 0x00, 0x00, 0x00, 0x00, 0x00, 0x00, 0x00, 0x00, 0x00,
    0x00, 0x00, 0x00, 0x00, 0x00, 0x00, 0x00, 0x00, 0x00, 0x00, 0x00, 0x00, 0x00, 0x00, 0x00, 0x00,
    0x00, 0x00, 0x00, 0x00, 0x00, 0x00, 0x00, 0x00, 0x00, 0x00, 0x00, 0x00, 0x00, 0x00, 0x00, 0x00,
    0x00, 0x00, 0x00, 0x00, 0x00, 0x00, 0x00, 0x00, 0x00, 0x00, 0x00, 0x00, 0x00, 0x00, 0x00, 0x00,
    0x00, 0x00, 0x00, 0x00, 0x00, 0x00, 0x00, 0x00, 0x00, 0x00, 0x00, 0x00, 0x00, 0x00, 0x00, 0x00,
    0x00, 0x00, 0x00, 0x00, 0x00, 0x00, 0x00, 0x00, 0x00, 0x00, 0x00, 0x00, 0x00, 0x00, 0x00, 0x00,
    0x00, 0x00, 0x00, 0x00, 0x00, 0x00, 0x00, 0x00, 0x00, 0x00, 0x00, 0x00, 0x00, 0x00, 0x00, 0x00,
    0x00, 0x00, 0x00, 0x00, 0x00, 0x00, 0x00, 0x00, 0x00, 0x00, 0x00, 0x00, 0x00, 0x00, 0x00, 0x00,
    0x00, 0x00, 0x00, 0x00, 0x00, 0x00, 0x00, 0x00, 0x00, 0x00, 0x00, 0x00, 0x00, 0x00, 0x00, 0x00,
    0x00, 0x00, 0x00, 0x00, 0x00, 0x00, 0x00, 0x00, 0x00, 0x00, 0x00, 0x00, 0x00, 0x00, 0x00, 0x00,
    0x00, 0x00, 0x00, 0x00, 0x00, 0x00, 0x00, 0x00, 0x00, 0x00, 0x00, 0x00, 0x00, 0x00, 0x00, 0x00,
    0x00, 0x00, 0x00, 0x00, 0x00, 0x00, 0x00, 0x00, 0x00, 0x00, 0x00, 0x00, 0x00, 0x00, 0x00, 0x00,
    0x00, 0x00, 0x00, 0x00, 0x00, 0x00, 0x00, 0x00, 0x00, 0x00, 0x00, 0x00, 0x00, 0x00, 0x00, 0x00,
    0x00, 0x00, 0x00, 0x00, 0x00, 0x00, 0x00, 0x00, 0x00, 0x00, 0x00, 0x00, 0x00, 0x00, 0x00, 0x00,
    0x00, 0x00, 0x00, 0x00, 0x00, 0x00, 0x00, 0x00, 0x00, 0x00, 0x00, 0x00, 0x00, 0x00, 0x00, 0x00,
    0x00, 0x00, 0x00, 0x00, 0x00, 0x00, 0x00, 0x00, 0x00, 0x00, 0x00, 0x00, 0x00, 0x00, 0x00, 0x00,
    0x00, 0x00, 0x00, 0x00, 0x00, 0x00, 0x00, 0x00, 0x00, 0x00, 0x00, 0x00, 0x00, 0x00, 0x00, 0x00,
    0x00, 0x00, 0x00, 0x00, 0x00, 0x00, 0x00, 0x00, 0x00, 0x00, 0x00, 0x00, 0x00, 0x00, 0x00, 0x00,
    0x00, 0x00, 0x00, 0x00, 0x00, 0x00, 0x00, 0x00, 0x00, 0x00, 0x00, 0x00, 0x00, 0x00, 0x00, 0x00,
    0x00, 0x00, 0x00, 0x00, 0x00, 0x00, 0x00, 0x00, 0x00, 0x00, 0x00, 0x00, 0x00, 0x00, 0x00, 0x00,
    0x00, 0x00, 0x00, 0x00, 0x00, 0x00, 0x00, 0x00, 0x00, 0x00, 0x00, 0x00, 0x00, 0x00, 0x00, 0x00,
    0x00, 0x00, 0x00, 0x00, 0x00, 0x00, 0x00, 0x00, 0x00, 0x00, 0x00, 0x00, 0x00, 0x00, 0x00, 0x00,
    0x00, 0x00, 0x00, 0x00, 0x00, 0x00, 0x00, 0x00, 0x00, 0x00, 0x00, 0x00, 0x00, 0x00, 0x00, 0x00,
    0x00, 0x00, 0x00, 0x00, 0x00, 0x00, 0x00, 0x00, 0x00, 0x00, 0x00, 0x00, 0x00, 0x00, 0x00, 0x00,
    0x00, 0x00, 0x00, 0x00, 0x00, 0x00, 0x00, 0x00, 0x00, 0x00, 0x00, 0x00, 0x00, 0x00, 0x00, 0x00,
    0x00, 0x00, 0x00, 0x00, 0x00, 0x00, 0x00, 0x00, 0x00, 0x00, 0x00, 0x00, 0x00, 0x00, 0x00, 0x00,
    0x00, 0x00, 0x00, 0x00, 0x00, 0x00, 0x00, 0x00, 0x00, 0x00, 0x00, 0x00, 0x00, 0x00, 0x00, 0x00,
    0x00, 0x00, 0x00, 0x00, 0x00, 0x00, 0x00, 0x00, 0x00, 0x00, 0x00, 0x00, 0x00, 0x00, 0x00, 0x00,
    0x00, 0x00, 0x00, 0x00, 0x00, 0x00, 0x00, 0x00, 0x00, 0x00, 0x00, 0x00, 0x00, 0x00, 0x00, 0x00,
    0x00, 0x00, 0x00, 0x00, 0x00, 0x00, 0x00, 0x00, 0x00, 0x00, 0x00, 0x00, 0x00, 0x00, 0x00, 0x00,
    0x00, 0x00, 0x00, 0x00, 0x00, 0x00, 0x00, 0x00, 0x00, 0x00, 0x00, 0x00, 0x00, 0x00, 0x00, 0x00,
    0x00, 0x00, 0x00, 0x00, 0x00, 0x00, 0x00, 0x00, 0x00, 0x00, 0x00, 0x00, 0x00, 0x00, 0x00, 0x00,
    0x00, 0x00, 0x00, 0x00, 0x00, 0x00, 0x00, 0x00, 0x00, 0x00, 0x00, 0x00, 0x00, 0x00, 0x00, 0x00,
    0x00, 0x00, 0x00, 0x00, 0x00, 0x00, 0x00, 0x00, 0x00, 0x00, 0x00, 0x00, 0x00, 0x00, 0x00, 0x00,
    0x00, 0x00, 0x00, 0x00, 0x00, 0x00, 0x00, 0x00, 0x00, 0x00, 0x00, 0x00, 0x00, 0x00, 0x00, 0x00,
    0x00, 0x00, 0x00, 0x00, 0x00, 0x00, 0x00, 0x00, 0x00, 0x00, 0x00, 0x00, 0x00, 0x00, 0x00, 0x00,
    0x00, 0x00, 0x00, 0x00, 0x00, 0x00, 0x00, 0x00, 0x00, 0x00, 0x00, 0x00, 0x00, 0x00, 0x00, 0x00,
    0x00, 0x00, 0x00, 0x00, 0x00, 0x00, 0x00, 0x00, 0x00, 0x00, 0x00, 0x00, 0x00, 0x00, 0x00, 0x00,
    0x00, 0x00, 0x00, 0x00, 0x00, 0x00, 0x00, 0x00, 0x00, 0x00, 0x00, 0x00, 0x00, 0x00, 0x00, 0x00,
    0x00, 0x00, 0x00, 0x00, 0x00, 0x00, 0x00, 0x00, 0x00, 0x00, 0x00, 0x00, 0x00, 0x00, 0x00, 0x00,
    0x00, 0x00, 0x00, 0x00, 0x00, 0x00, 0x00, 0x00, 0x00, 0x00, 0x00, 0x00, 0x00, 0x00, 0x00, 0x00,
    0x00, 0x00, 0x00, 0x00, 0x00, 0x00, 0x00, 0x00, 0x00, 0x00, 0x00, 0x00, 0x00, 0x00, 0x00, 0x00,
    0x00, 0x00, 0x00, 0x00, 0x00, 0x00, 0x00, 0x00, 0x00, 0x00, 0x00, 0x00, 0x00, 0x00, 0x00, 0x00,
    0x00, 0x00, 0x00, 0x00, 0x00, 0x00, 0x00, 0x00, 0x00, 0x00, 0x00, 0x00, 0x00, 0x00, 0x00, 0x00,
    0x00, 0x00, 0x00, 0x00, 0x00, 0x00, 0x00, 0x00, 0x00, 0x00, 0x00, 0x00, 0x00, 0x00, 0x00, 0x00,
    0x00, 0x00, 0x00, 0x00, 0x00, 0x00, 0x00, 0x00, 0x00, 0x00, 0x00, 0x00, 0x00, 0x00, 0x00, 0x00,
    0x00, 0x00, 0x00, 0x00, 0x00, 0x00, 0x00, 0x00, 0x00, 0x00, 0x00, 0x00, 0x00, 0x00, 0x00, 0x00,
    0x00, 0x00, 0x00, 0x00, 0x00, 0x00, 0x00, 0x00, 0x00, 0x00, 0x00, 0x00, 0x00, 0x00, 0x00, 0x00,
    0x00, 0x00, 0x00, 0x00, 0x00, 0x00, 0x00, 0x00, 0x00, 0x00, 0x00, 0x00, 0x00, 0x00, 0x00, 0x00,
    0x00, 0x00, 0x00, 0x00, 0x00, 0x00, 0x00, 0x00, 0x00, 0x00, 0x00, 0x00, 0x00, 0x00, 0x00, 0x00,
    0x00, 0x00, 0x00, 0x00, 0x00, 0x00, 0x00, 0x00, 0x00, 0x00, 0x00, 0x00, 0x00, 0x00, 0x00, 0x00,
    0x00, 0x00, 0x00, 0x00, 0x00, 0x00, 0x00, 0x00, 0x00, 0x00, 0x00, 0x00, 0x00, 0x00, 0x00, 0x00,
    0x00, 0x00, 0x00, 0x00, 0x00, 0x00, 0x00, 0x00, 0x00, 0x00, 0x00, 0x00, 0x00, 0x00, 0x00, 0x00,
    0x00, 0x00, 0x00, 0x00, 0x00, 0x00, 0x00, 0x00, 0x00, 0x00, 0x00, 0x00, 0x00, 0x00, 0x00, 0x00,
    0x00, 0x00, 0x00, 0x00, 0x00, 0x00, 0x00, 0x00, 0x00, 0x00, 0x00, 0x00, 0x00, 0x00, 0x00, 0x00,
    0x00, 0x00, 0x00, 0x00, 0x00, 0x00, 0x00, 0x00, 0x00, 0x00, 0x00, 0x00, 0x00, 0x00, 0x00, 0x00,
    0x00, 0x00, 0x00, 0x00, 0x00, 0x00, 0x00, 0x00, 0x00, 0x00, 0x00, 0x00, 0x00, 0x00, 0x00, 0x00,
    0x00, 0x00, 0x00, 0x00, 0x00, 0x00, 0x00, 0x00, 0x00, 0x00, 0x00, 0x00, 0x00, 0x00, 0x00, 0x00,
    0x00, 0x00, 0x00, 0x00, 0x00, 0x00, 0x00, 0x00, 0x00, 0x00, 0x00, 0x00, 0x00, 0x00, 0x00, 0x00,
    0x00, 0x00, 0x00, 0x00, 0x00, 0x00, 0x00, 0x00, 0x00, 0x00, 0x00, 0x00, 0x00, 0x00, 0x00, 0x00,
    0x00, 0x00, 0x00, 0x00, 0x00, 0x00, 0x00, 0x00, 0x00, 0x00, 0x00, 0x00, 0x00, 0x00, 0x00, 0x00,
    0x00, 0x00, 0x00, 0x00, 0x00, 0x00, 0x00, 0x00, 0x00, 0x00, 0x00, 0x00, 0x00, 0x00, 0x00, 0x00,
    0x00, 0x00, 0x00, 0x00, 0x00, 0x00, 0x00, 0x00, 0x00, 0x00, 0x00, 0x00, 0x00, 0x00, 0x00, 0x00,
    0x00, 0x00, 0x00, 0x00, 0x00, 0x00, 0x00, 0x00, 0x00, 0x00, 0x00, 0x00, 0x00, 0x00, 0x00, 0x00,
    0x00, 0x00, 0x00, 0x00, 0x00, 0x00, 0x00, 0x00, 0x00, 0x00, 0x00, 0x00, 0x00, 0x00, 0x00, 0x00,
    0x00, 0x00, 0x00, 0x00, 0x00, 0x00, 0x00, 0x00, 0x00, 0x00, 0x00, 0x00, 0x00, 0x00, 0x00, 0x00,
    0x00, 0x00, 0x00, 0x00, 0x00, 0x00, 0x00, 0x00, 0x00, 0x00, 0x00, 0x00, 0x00, 0x00, 0x00, 0x00,
    0x00, 0x00, 0x00, 0x00, 0x00, 0x00, 0x00, 0x00, 0x00, 0x00, 0x00, 0x00, 0x00, 0x00, 0x00, 0x00,
    0x00, 0x00, 0x00, 0x00, 0x00, 0x00, 0x00, 0x00, 0x00, 0x00, 0x00, 0x00, 0x00, 0x00, 0x00, 0x00,
    0x00, 0x00, 0x00, 0x00, 0x00, 0x00, 0x00, 0x00, 0x00, 0x00, 0x00, 0x00, 0x00, 0x00, 0x00, 0x00,
    0x00, 0x00, 0x00, 0x00, 0x00, 0x00, 0x00, 0x00, 0x00, 0x00, 0x00, 0x00, 0x00, 0x00, 0x00, 0x00,
    0x00, 0x00, 0x00, 0x00, 0x00, 0x00, 0x00, 0x00, 0x00, 0x00, 0x00, 0x00, 0x00, 0x00, 0x00, 0x00,
    0x00, 0x00, 0x00, 0x00, 0x00, 0x00, 0x00, 0x00, 0x00, 0x00, 0x00, 0x00, 0x00, 0x00, 0x00, 0x00,
    0x00, 0x00, 0x00, 0x00, 0x00, 0x00, 0x00, 0x00, 0x00, 0x00, 0x00, 0x00, 0x00, 0x00, 0x00, 0x00,
    0x00, 0x00, 0x00, 0x00, 0x00, 0x00, 0x00, 0x00, 0x00, 0x00, 0x00, 0x00, 0x00, 0x00, 0x00, 0x00,
    0x00, 0x00, 0x00, 0x00, 0x00, 0x00, 0x00, 0x00, 0x00, 0x00, 0x00, 0x00, 0x00, 0x00, 0x00, 0x00,
    0x00, 0x00, 0x00, 0x00, 0x00, 0x00, 0x00, 0x00, 0x00, 0x00, 0x00, 0x00, 0x00, 0x00, 0x00, 0x00,
    0x00, 0x00, 0x00, 0x00, 0x00, 0x00, 0x00, 0x00, 0x00, 0x00, 0x00, 0x00, 0x00, 0x00, 0x00, 0x00,
    0x00, 0x00, 0x00, 0x00, 0x00, 0x00, 0x00, 0x00, 0x00, 0x00, 0x00, 0x00, 0x00, 0x00, 0x00, 0x00,
    0x00, 0x00, 0x00, 0x00, 0x00, 0x00, 0x00, 0x00, 0x00, 0x00, 0x00, 0x00, 0x00, 0x00, 0x00, 0x00,
    0x00, 0x00, 0x00, 0x00, 0x00, 0x00, 0x00, 0x00, 0x00, 0x00, 0x00, 0x00, 0x00, 0x00, 0x00, 0x00,
    0x00, 0x00, 0x00, 0x00, 0x00, 0x00, 0x00, 0x00, 0x00, 0x00, 0x00, 0x00, 0x00, 0x00, 0x00, 0x00,
    0x00, 0x00, 0x00, 0x00, 0x00, 0x00, 0x00, 0x00, 0x00, 0x00, 0x00, 0x00, 0x00, 0x00, 0x00, 0x00,
    0x00, 0x00, 0x00, 0x00, 0x00, 0x00, 0x00, 0x00, 0x00, 0x00, 0x00, 0x00, 0x00, 0x00, 0x00, 0x00,
    0x00, 0x00, 0x00, 0x00, 0x00, 0x00, 0x00, 0x00, 0x00, 0x00, 0x00, 0x00, 0x00, 0x00, 0x00, 0x00,
    0x00, 0x00, 0x00, 0x00, 0x00, 0x00, 0x00, 0x00, 0x00, 0x00, 0x00, 0x00, 0x00, 0x00, 0x00, 0x00,
    0x00, 0x00, 0x00, 0x00, 0x00, 0x00, 0x00, 0x00, 0x00, 0x00, 0x00, 0x00, 0x00, 0x00, 0x00, 0x00,
    0x00, 0x00, 0x00, 0x00, 0x00, 0x00, 0x00, 0x00, 0x00, 0x00, 0x00, 0x00, 0x00, 0x00, 0x00, 0x00,
    0x00, 0x00, 0x00, 0x00, 0x00, 0x00, 0x00, 0x00, 0x00, 0x00, 0x00, 0x00, 0x00, 0x00, 0x00, 0x00,
    0x00, 0x00, 0x00, 0x00, 0x00, 0x00, 0x00, 0x00, 0x00, 0x00, 0x00, 0x00, 0x00, 0x00, 0x00, 0x00,
    0x00, 0x00, 0x00, 0x00, 0x00, 0x00, 0x00, 0x00, 0x00, 0x00, 0x00, 0x00, 0x00, 0x00, 0x00, 0x00,
    0x00, 0x00, 0x00, 0x00, 0x00, 0x00, 0x00, 0x00, 0x00, 0x00, 0x00, 0x00, 0x00, 0x00, 0x00, 0x00,
    0x00, 0x00, 0x00, 0x00, 0x00, 0x00, 0x00, 0x00, 0x00, 0x00, 0x00, 0x00, 0x00, 0x00, 0x00, 0x00,
    0x00, 0x00, 0x00, 0x00, 0x00, 0x00, 0x00, 0x00, 0x00, 0x00, 0x00, 0x00, 0x00, 0x00, 0x00, 0x00,
    0x00, 0x00, 0x00, 0x00, 0x00, 0x00, 0x00, 0x00, 0x00, 0x00, 0x00, 0x00, 0x00, 0x00, 0x00, 0x00,
    0x00, 0x00, 0x00, 0x00, 0x00, 0x00, 0x00, 0x00, 0x00, 0x00, 0x00, 0x00, 0x00, 0x00, 0x00, 0x00,
    0x00, 0x00, 0x00, 0x00, 0x00, 0x00, 0x00, 0x00, 0x00, 0x00, 0x00, 0x00, 0x00, 0x00, 0x00, 0x00,
    0x00, 0x00, 0x00, 0x00, 0x00, 0x00, 0x00, 0x00, 0x00, 0x00, 0x00, 0x00, 0x00, 0x00, 0x00, 0x00,
    0x00, 0x00, 0x00, 0x00, 0x00, 0x00, 0x00, 0x00, 0x00, 0x00, 0x00, 0x00, 0x00, 0x00, 0x00, 0x00,
    0x00, 0x00, 0x00, 0x00, 0x00, 0x00, 0x00, 0x00, 0x00, 0x00, 0x00, 0x00, 0x00, 0x00, 0x00, 0x00,
    0x00, 0x00, 0x00, 0x00, 0x00, 0x00, 0x00, 0x00, 0x00, 0x00, 0x00, 0x00, 0x00, 0x00, 0x00, 0x00,
    0x00, 0x00, 0x00, 0x00, 0x00, 0x00, 0x00, 0x00, 0x00, 0x00, 0x00, 0x00, 0x00, 0x00, 0x00, 0x00,
    0x00, 0x00, 0x00, 0x00, 0x00, 0x00, 0x00, 0x00, 0x00, 0x00, 0x00, 0x00, 0x00, 0x00, 0x00, 0x00,
    0x00, 0x00, 0x00, 0x00, 0x00, 0x00, 0x00, 0x00, 0x00, 0x00, 0x00, 0x00, 0x00, 0x00, 0x00, 0x00,
    0x00, 0x00, 0x00, 0x00, 0x00, 0x00, 0x00, 0x00, 0x00, 0x00, 0x00, 0x00, 0x00, 0x00, 0x00, 0x00,
    0x00, 0x00, 0x00, 0x00, 0x00, 0x00, 0x00, 0x00, 0x00, 0x00, 0x00, 0x00, 0x00, 0x00, 0x00, 0x00,
    0x00, 0x00, 0x00, 0x00, 0x00, 0x00, 0x00, 0x00, 0x00, 0x00, 0x00, 0x00, 0x00, 0x00, 0x00, 0x00,
    0x00, 0x00, 0x00, 0x00, 0x00, 0x00, 0x00, 0x00, 0x00, 0x00, 0x00, 0x00, 0x00, 0x00, 0x00, 0x00,
    0x00, 0x00, 0x00, 0x00, 0x00, 0x00, 0x00, 0x00, 0x00, 0x00, 0x00, 0x00, 0x00, 0x00, 0x00, 0x00,
    0x00, 0x00, 0x00, 0x00, 0x00, 0x00, 0x00, 0x00, 0x00, 0x00, 0x00, 0x00, 0x00, 0x00, 0x00, 0x00,
    0x00, 0x00, 0x00, 0x00, 0x00, 0x00, 0x00, 0x00, 0x00, 0x00, 0x00, 0x00, 0x00, 0x00, 0x00, 0x00,
    0x00, 0x00, 0x00, 0x00, 0x00, 0x00, 0x00, 0x00, 0x00, 0x00, 0x00, 0x00, 0x00, 0x00, 0x00, 0x00,
    0x00, 0x00, 0x00, 0x00, 0x00, 0x00, 0x00, 0x00, 0x00, 0x00, 0x00, 0x00, 0x00, 0x00, 0x00, 0x00,
    0x00, 0x00, 0x00, 0x00, 0x00, 0x00, 0x00, 0x00, 0x00, 0x00, 0x00, 0x00, 0x00, 0x00, 0x00, 0x00,
    0x00, 0x00, 0x00, 0x00, 0x00, 0x00, 0x00, 0x00, 0x00, 0x00, 0x00, 0x00, 0x00, 0x00, 0x00, 0x00,
    0x00, 0x00, 0x00, 0x00, 0x00, 0x00, 0x00, 0x00, 0x00, 0x00, 0x00, 0x00, 0x00, 0x00, 0x00, 0x00,
    0x00, 0x00, 0x00, 0x00, 0x00, 0x00, 0x00, 0x00, 0x00, 0x00, 0x00, 0x00, 0x00, 0x00, 0x00, 0x00,
    0x00, 0x00, 0x00, 0x00, 0x00, 0x00, 0x00, 0x00, 0x00, 0x00, 0x00, 0x00, 0x00, 0x00, 0x00, 0x00,
    0x00, 0x00, 0x00, 0x00, 0x00, 0x00, 0x00, 0x00, 0x00, 0x00, 0x00, 0x00, 0x00, 0x00, 0x00, 0x00,
    0x00, 0x00, 0x00, 0x00, 0x00, 0x00, 0x00, 0x00, 0x00, 0x00, 0x00, 0x00, 0x00, 0x00, 0x00, 0x00,
    0x00, 0x00, 0x00, 0x00, 0x00, 0x00, 0x00, 0x00, 0x00, 0x00, 0x00, 0x00, 0x00, 0x00, 0x00, 0x00,
    0x00, 0x00, 0x00, 0x00, 0x00, 0x00, 0x00, 0x00, 0x00, 0x00, 0x00, 0x00, 0x00, 0x00, 0x00, 0x00,
    0x00, 0x00, 0x00, 0x00, 0x00, 0x00, 0x00, 0x00, 0x00, 0x00, 0x00, 0x00, 0x00, 0x00, 0x00, 0x00,
    0x00, 0x00, 0x00, 0x00, 0x00, 0x00, 0x00, 0x00, 0x00, 0x00, 0x00, 0x00, 0x00, 0x00, 0x00, 0x00,
    0x00, 0x00, 0x00, 0x00, 0x00, 0x00, 0x00, 0x00, 0x00, 0x00, 0x00, 0x00, 0x00, 0x00, 0x00, 0x00,
    0x00, 0x00, 0x00, 0x00, 0x00, 0x00, 0x00, 0x00, 0x00, 0x00, 0x00, 0x00, 0x00, 0x00, 0x00, 0x00,
    0x00, 0x00, 0x00, 0x00, 0x00, 0x00, 0x00, 0x00, 0x00, 0x00, 0x00, 0x00, 0x00, 0x00, 0x00, 0x00,
    0x00, 0x00, 0x00, 0x00, 0x00, 0x00, 0x00, 0x00, 0x00, 0x00, 0x00, 0x00, 0x00, 0x00, 0x00, 0x00,
    0x00, 0x00, 0x00, 0x00, 0x00, 0x00, 0x00, 0x00, 0x00, 0x00, 0x00, 0x00, 0x00, 0x00, 0x00, 0x00,
    0x00, 0x00, 0x00, 0x00, 0x00, 0x00, 0x00, 0x00, 0x00, 0x00, 0x00, 0x00, 0x00, 0x00, 0x00, 0x00,
    0x00, 0x00, 0x00, 0x00, 0x00, 0x00, 0x00, 0x00, 0x00, 0x00, 0x00, 0x00, 0x00, 0x00, 0x00, 0x00,
    0x00, 0x00, 0x00, 0x00, 0x00, 0x00, 0x00, 0x00, 0x00, 0x00, 0x00, 0x00, 0x00, 0x00, 0x00, 0x00,
    0x00, 0x00, 0x00, 0x00, 0x00, 0x00, 0x00, 0x00, 0x00, 0x00, 0x00, 0x00, 0x00, 0x00, 0x00, 0x00,
    0x00, 0x00, 0x00, 0x00, 0x00, 0x00, 0x00, 0x00, 0x00, 0x00, 0x00, 0x00, 0x00, 0x00, 0x00, 0x00,
    0x00, 0x00, 0x00, 0x00, 0x00, 0x00, 0x00, 0x00, 0x00, 0x00, 0x00, 0x00, 0x00, 0x00, 0x00, 0x00,
    0x00, 0x00, 0x00, 0x00, 0x00, 0x00, 0x00, 0x00, 0x00, 0x00, 0x00, 0x00, 0x00, 0x00, 0x00, 0x00,
    0x00, 0x00, 0x00, 0x00, 0x00, 0x00, 0x00, 0x00, 0x00, 0x00, 0x00, 0x00, 0x00, 0x00, 0x00, 0x00,
    0x00, 0x00, 0x00, 0x00, 0x00, 0x00, 0x00, 0x00, 0x00, 0x00, 0x00, 0x00, 0x00, 0x00, 0x00, 0x00,
    0x00, 0x00, 0x00, 0x00, 0x00, 0x00, 0x00, 0x00, 0x00, 0x00, 0x00, 0x00, 0x00, 0x00, 0x00, 0x00,
    0x00, 0x00, 0x00, 0x00, 0x00, 0x00, 0x00, 0x00, 0x00, 0x00, 0x00, 0x00, 0x00, 0x00, 0x00, 0x00,
    0x00, 0x00, 0x00, 0x00, 0x00, 0x00, 0x00, 0x00, 0x00, 0x00, 0x00, 0x00, 0x00, 0x00, 0x00, 0x00,
    0x00, 0x00, 0x00, 0x00, 0x00, 0x00, 0x00, 0x00, 0x00, 0x00, 0x00, 0x00, 0x00, 0x00, 0x00, 0x00,
    0x00, 0x00, 0x00, 0x00, 0x00, 0x00, 0x00, 0x00, 0x00, 0x00, 0x00, 0x00, 0x00, 0x00, 0x00, 0x00,
    0x00, 0x00, 0x00, 0x00, 0x00, 0x00, 0x00, 0x00, 0x00, 0x00, 0x00, 0x00, 0x00, 0x00, 0x00, 0x00,
    0x00, 0x00, 0x00, 0x00, 0x00, 0x00, 0x00, 0x00, 0x00, 0x00, 0x00, 0x00, 0x00, 0x00, 0x00, 0x00,
    0x00, 0x00, 0x00, 0x00, 0x00, 0x00, 0x00, 0x00, 0x00, 0x00, 0x00, 0x00, 0x00, 0x00, 0x00, 0x00,
    0x00, 0x00, 0x00, 0x00, 0x00, 0x00, 0x00, 0x00, 0x00, 0x00, 0x00, 0x00, 0x00, 0x00, 0x00, 0x00,
    0x00, 0x00, 0x00, 0x00, 0x00, 0x00, 0x00, 0x00, 0x00, 0x00, 0x00, 0x00, 0x00, 0x00, 0x00, 0x00,
    0x00, 0x00, 0x00, 0x00, 0x00, 0x00, 0x00, 0x00, 0x00, 0x00, 0x00, 0x00, 0x00, 0x00, 0x00, 0x00,
    0x00, 0x00, 0x00, 0x00, 0x00, 0x00, 0x00, 0x00, 0x00, 0x00, 0x00, 0x00, 0x00, 0x00, 0x00, 0x00,
    0x00, 0x00, 0x00, 0x00, 0x00, 0x00, 0x00, 0x00, 0x00, 0x00, 0x00, 0x00, 0x00, 0x00, 0x00, 0x00,
    0x00, 0x00, 0x00, 0x00, 0x00, 0x00, 0x00, 0x00, 0x00, 0x00, 0x00, 0x00, 0x00, 0x00, 0x00, 0x00,
    0x00, 0x00, 0x00, 0x00, 0x00, 0x00, 0x00, 0x00, 0x00, 0x00, 0x00, 0x00, 0x00, 0x00, 0x00, 0x00,
    0x00, 0x00, 0x00, 0x00, 0x00, 0x00, 0x00, 0x00, 0x00, 0x00, 0x00, 0x00, 0x00, 0x00, 0x00, 0x00,
    0x00, 0x00, 0x00, 0x00, 0x00, 0x00, 0x00, 0x00, 0x00, 0x00, 0x00, 0x00, 0x00, 0x00, 0x00, 0x00,
    0x00, 0x00, 0x00, 0x00, 0x00, 0x00, 0x00, 0x00, 0x00, 0x00, 0x00, 0x00, 0x00, 0x00, 0x00, 0x00,
    0x00, 0x00, 0x00, 0x00, 0x00, 0x00, 0x00, 0x00, 0x00, 0x00, 0x00, 0x00, 0x00, 0x00, 0x00, 0x00,
    0x00, 0x00, 0x00, 0x00, 0x00, 0x00, 0x00, 0x00, 0x00, 0x00, 0x00, 0x00, 0x00, 0x00, 0x00, 0x00,
    0x00, 0x00, 0x00, 0x00, 0x00, 0x00, 0x00, 0x00, 0x00, 0x00, 0x00, 0x00, 0x00, 0x00, 0x00, 0x00,
    0x00, 0x00, 0x00, 0x00, 0x00, 0x00, 0x00, 0x00, 0x00, 0x00, 0x00, 0x00, 0x00, 0x00, 0x00, 0x00,
    0x00, 0x00, 0x00, 0x00, 0x00, 0x00, 0x00, 0x00, 0x00, 0x00, 0x00, 0x00, 0x00, 0x00, 0x00, 0x00,
    0x00, 0x00, 0x00, 0x00, 0x00, 0x00, 0x00, 0x00, 0x00, 0x00, 0x00, 0x00, 0x00, 0x00, 0x00, 0x00,
    0x00, 0x00, 0x00, 0x00, 0x00, 0x00, 0x00, 0x00, 0x00, 0x00, 0x00, 0x00, 0x00, 0x00, 0x00, 0x00,
    0x00, 0x00, 0x00, 0x00, 0x00, 0x00, 0x00, 0x00, 0x00, 0x00, 0x00, 0x00, 0x00, 0x00, 0x00, 0x00,
    0x00, 0x00, 0x00, 0x00, 0x00, 0x00, 0x00, 0x00, 0x00, 0x00, 0x00, 0x00, 0x00, 0x00, 0x00, 0x00,
    0x00, 0x00, 0x00, 0x00, 0x00, 0x00, 0x00, 0x00, 0x00, 0x00, 0x00, 0x00, 0x00, 0x00, 0x00, 0x00,
    0x00, 0x00, 0x00, 0x00, 0x00, 0x00, 0x00, 0x00, 0x00, 0x00, 0x00, 0x00, 0x00, 0x00, 0x00, 0x00,
    0x00, 0x00, 0x00, 0x00, 0x00, 0x00, 0x00, 0x00, 0x00, 0x00, 0x00, 0x00, 0x00, 0x00, 0x00, 0x00,
    0x00, 0x00, 0x00, 0x00, 0x00, 0x00, 0x00, 0x00, 0x00, 0x00, 0x00, 0x00, 0x00, 0x00, 0x00, 0x00,
    0x00, 0x00, 0x00, 0x00, 0x00, 0x00, 0x00, 0x00, 0x00, 0x00, 0x00, 0x00, 0x00, 0x00, 0x00, 0x00,
    0x00, 0x00, 0x00, 0x00, 0x00, 0x00, 0x00, 0x00, 0x00, 0x00, 0x00, 0x00, 0x00, 0x00, 0x00, 0x00,
    0x00, 0x00, 0x00, 0x00, 0x00, 0x00, 0x00, 0x00, 0x00, 0x00, 0x00, 0x00, 0x00, 0x00, 0x00, 0x00,
    0x00, 0x00, 0x00, 0x00, 0x00, 0x00, 0x00, 0x00, 0x00, 0x00, 0x00, 0x00, 0x00, 0x00, 0x00, 0x00,
    0x00, 0x00, 0x00, 0x00, 0x00, 0x00, 0x00, 0x00, 0x00, 0x00, 0x00, 0x00, 0x00, 0x00, 0x00, 0x00,
    0x00, 0x00, 0x00, 0x00, 0x00, 0x00, 0x00, 0x00, 0x00, 0x00, 0x00, 0x00, 0x00, 0x00, 0x00, 0x00,
    0x00, 0x00, 0x00, 0x00, 0x00, 0x00, 0x00, 0x00, 0x00, 0x00, 0x00, 0x00, 0x00, 0x00, 0x00, 0x00,
    0x00, 0x00, 0x00, 0x00, 0x00, 0x00, 0x00, 0x00, 0x00, 0x00, 0x00, 0x00, 0x00, 0x00, 0x00, 0x00,
    0x00, 0x00, 0x00, 0x00, 0x00, 0x00, 0x00, 0x00, 0x00, 0x00, 0x00, 0x00, 0x00, 0x00, 0x00, 0x00,
    0x00, 0x00, 0x00, 0x00, 0x00, 0x00, 0x00, 0x00, 0x00, 0x00, 0x00, 0x00, 0x00, 0x00, 0x00, 0x00,
    0x00, 0x00, 0x00, 0x00, 0x00, 0x00, 0x00, 0x00, 0x00, 0x00, 0x00, 0x00, 0x00, 0x00, 0x00, 0x00,
    0x00, 0x00, 0x00, 0x00, 0x00, 0x00, 0x00, 0x00, 0x00, 0x00, 0x00, 0x00, 0x00, 0x00, 0x00, 0x00,
    0x00, 0x00, 0x00, 0x00, 0x00, 0x00, 0x00, 0x00, 0x00, 0x00, 0x00, 0x00, 0x00, 0x00, 0x00, 0x00,
    0x00, 0x00, 0x00, 0x00, 0x00, 0x00, 0x00, 0x00, 0x00, 0x00, 0x00, 0x00, 0x00, 0x00, 0x00, 0x00,
    0x00, 0x00, 0x00, 0x00, 0x00, 0x00, 0x00, 0x00, 0x00, 0x00, 0x00, 0x00, 0x00, 0x00, 0x00, 0x00,
    0x00, 0x00, 0x00, 0x00, 0x00, 0x00, 0x00, 0x00, 0x00, 0x00, 0x00, 0x00, 0x00, 0x00, 0x00, 0x00,
    0x00, 0x00, 0x00, 0x00, 0x00, 0x00, 0x00, 0x00, 0x00, 0x00, 0x00, 0x00, 0x00, 0x00, 0x00, 0x00,
    0x00, 0x00, 0x00, 0x00, 0x00, 0x00, 0x00, 0x00, 0x00, 0x00, 0x00, 0x00, 0x00, 0x00, 0x00, 0x00,
    0x00, 0x00, 0x00, 0x00, 0x00, 0x00, 0x00, 0x00, 0x00, 0x00, 0x00, 0x00, 0x00, 0x00, 0x00, 0x00,
    0x00, 0x00, 0x00, 0x00, 0x00, 0x00, 0x00, 0x00, 0x00, 0x00, 0x00, 0x00, 0x00, 0x00, 0x00, 0x00,
    0x00, 0x00, 0x00, 0x00, 0x00, 0x00, 0x00, 0x00, 0x00, 0x00, 0x00, 0x00, 0x00, 0x00, 0x00, 0x00,
    0x00, 0x00, 0x00, 0x00, 0x00, 0x00, 0x00, 0x00, 0x00, 0x00, 0x00, 0x00, 0x00, 0x00, 0x00, 0x00,
    0x00, 0x00, 0x00, 0x00, 0x00, 0x00, 0x00, 0x00, 0x00, 0x00, 0x00, 0x00, 0x00, 0x00, 0x00, 0x00,
    0x00, 0x00, 0x00, 0x00, 0x00, 0x00, 0x00, 0x00, 0x00, 0x00, 0x00, 0x00, 0x00, 0x00, 0x00, 0x00,
    0x00, 0x00, 0x00, 0x00, 0x00, 0x00, 0x00, 0x00, 0x00, 0x00, 0x00, 0x00, 0x00, 0x00, 0x00, 0x00,
    0x00, 0x00, 0x00, 0x00, 0x00, 0x00, 0x00, 0x00, 0x00, 0x00, 0x00, 0x00, 0x00, 0x00, 0x00, 0x00,
    0x00, 0x00, 0x00, 0x00, 0x00, 0x00, 0x00, 0x00, 0x00, 0x00, 0x00, 0x00, 0x00, 0x00, 0x00, 0x00,
    0x00, 0x00, 0x00, 0x00, 0x00, 0x00, 0x00, 0x00, 0x00, 0x00, 0x00, 0x00, 0x00, 0x00, 0x00, 0x00,
    0x00, 0x00, 0x00, 0x00, 0x00, 0x00, 0x00, 0x00, 0x00, 0x00, 0x00, 0x00, 0x00, 0x00, 0x00, 0x00,
    0x00, 0x00, 0x00, 0x00, 0x00, 0x00, 0x00, 0x00, 0x00, 0x00, 0x00, 0x00, 0x00, 0x00, 0x00, 0x00,
    0x00, 0x00, 0x00, 0x00, 0x00, 0x00, 0x00, 0x00, 0x00, 0x00, 0x00, 0x00, 0x00, 0x00, 0x00, 0x00,
    0x00, 0x00, 0x00, 0x00, 0x00, 0x00, 0x00, 0x00, 0x00, 0x00, 0x00, 0x00, 0x00, 0x00, 0x00, 0x00,
    0x00, 0x00, 0x00, 0x00, 0x00, 0x00, 0x00, 0x00, 0x00, 0x00, 0x00, 0x00, 0x00, 0x00, 0x00, 0x00,
    0x00, 0x00, 0x00, 0x00, 0x00, 0x00, 0x00, 0x00, 0x00, 0x00, 0x00, 0x00, 0x00, 0x00, 0x00, 0x00,
    0x00, 0x00, 0x00, 0x00, 0x00, 0x00, 0x00, 0x00, 0x00, 0x00, 0x00, 0x00, 0x00, 0x00, 0x00, 0x00,
    0x00, 0x00, 0x00, 0x00, 0x00, 0x00, 0x00, 0x00, 0x00, 0x00, 0x00, 0x00, 0x00, 0x00, 0x00, 0x00,
    0x00, 0x00, 0x00, 0x00, 0x00, 0x00, 0x00, 0x00, 0x00, 0x00, 0x00, 0x00, 0x00, 0x00, 0x00, 0x00,
    0x00, 0x00, 0x00, 0x00, 0x00, 0x00, 0x00, 0x00, 0x00, 0x00, 0x00, 0x00, 0x00, 0x00, 0x00, 0x00,
    0x00, 0x00, 0x00, 0x00, 0x00, 0x00, 0x00, 0x00, 0x00, 0x00, 0x00, 0x00, 0x00, 0x00, 0x00, 0x00,
    0x00, 0x00, 0x00, 0x00, 0x00, 0x00, 0x00, 0x00, 0x00, 0x00, 0x00, 0x00, 0x00, 0x00, 0x00, 0x00,
    0x00, 0x00, 0x00, 0x00, 0x00, 0x00, 0x00, 0x00, 0x00, 0x00, 0x00, 0x00, 0x00, 0x00, 0x00, 0x00,
    0x00, 0x00, 0x00, 0x00, 0x00, 0x00, 0x00, 0x00, 0x00, 0x00, 0x00, 0x00, 0x00, 0x00, 0x00, 0x00,
    0x00, 0x00, 0x00, 0x00, 0x00, 0x00, 0x00, 0x00, 0x00, 0x00, 0x00, 0x00, 0x00, 0x00, 0x00, 0x00,
    0x00, 0x00, 0x00, 0x00, 0x00, 0x00, 0x00, 0x00, 0x00, 0x00, 0x00, 0x00, 0x00, 0x00, 0x00, 0x00,
    0x00, 0x00, 0x00, 0x00, 0x00, 0x00, 0x00, 0x00, 0x00, 0x00, 0x00, 0x00, 0x00, 0x00, 0x00, 0x00,
    0x00, 0x00, 0x00, 0x00, 0x00, 0x00, 0x00, 0x00, 0x00, 0x00, 0x00, 0x00, 0x00, 0x00, 0x00, 0x00,
    0x00, 0x00, 0x00, 0x00, 0x00, 0x00, 0x00, 0x00, 0x00, 0x00, 0x00, 0x00, 0x00, 0x00, 0x00, 0x00,
    0x00, 0x00, 0x00, 0x00, 0x00, 0x00, 0x00, 0x00, 0x00, 0x00, 0x00, 0x00, 0x00, 0x00, 0x00, 0x00,
    0x00, 0x00, 0x00, 0x00, 0x00, 0x00, 0x00, 0x00, 0x00, 0x00, 0x00, 0x00, 0x00, 0x00, 0x00, 0x00,
    0x00, 0x00, 0x00, 0x00, 0x00, 0x00, 0x00, 0x00, 0x00, 0x00, 0x00, 0x00, 0x00, 0x00, 0x00, 0x00,
    0x00, 0x00, 0x00, 0x00, 0x00, 0x00, 0x00, 0x00, 0x00, 0x00, 0x00, 0x00, 0x00, 0x00, 0x00, 0x00,
    0x00, 0x00, 0x00, 0x00, 0x00, 0x00, 0x00, 0x00, 0x00, 0x00, 0x00, 0x00, 0x00, 0x00, 0x00, 0x00,
    0x00, 0x00, 0x00, 0x00, 0x00, 0x00, 0x00, 0x00, 0x00, 0x00, 0x00, 0x00, 0x00, 0x00, 0x00, 0x00,
    0x00, 0x00, 0x00, 0x00, 0x00, 0x00, 0x00, 0x00, 0x00, 0x00, 0x00, 0x00, 0x00, 0x00, 0x00, 0x00,
    0x00, 0x00, 0x00, 0x00, 0x00, 0x00, 0x00, 0x00, 0x00, 0x00, 0x00, 0x00, 0x00, 0x00, 0x00, 0x00,
    0x00, 0x00, 0x00, 0x00, 0x00, 0x00, 0x00, 0x00, 0x00, 0x00, 0x00, 0x00, 0x00, 0x00, 0x00, 0x00,
    0x00, 0x00, 0x00, 0x00, 0x00, 0x00, 0x00, 0x00, 0x00, 0x00, 0x00, 0x00, 0x00, 0x00, 0x00, 0x00,
    0x00, 0x00, 0x00, 0x00, 0x00, 0x00, 0x00, 0x00, 0x00, 0x00, 0x00, 0x00, 0x00, 0x00, 0x00, 0x00,
    0x00, 0x00, 0x00, 0x00, 0x00, 0x00, 0x00, 0x00, 0x00, 0x00, 0x00, 0x00, 0x00, 0x00, 0x00, 0x00,
    0x00, 0x00, 0x00, 0x00, 0x00, 0x00, 0x00, 0x00, 0x00, 0x00, 0x00, 0x00, 0x00, 0x00, 0x00, 0x00,
    0x00, 0x00, 0x00, 0x00, 0x00, 0x00, 0x00, 0x00, 0x00, 0x00, 0x00, 0x00, 0x00, 0x00, 0x00, 0x00,
    0x00, 0x00, 0x00, 0x00, 0x00, 0x00, 0x00, 0x00, 0x00, 0x00, 0x00, 0x00, 0x00, 0x00, 0x00, 0x00,
    0x00, 0x00, 0x00, 0x00, 0x00, 0x00, 0x00, 0x00, 0x00, 0x00, 0x00, 0x00, 0x00, 0x00, 0x00, 0x00,
    0x00, 0x00, 0x00, 0x00, 0x00, 0x00, 0x00, 0x00, 0x00, 0x00, 0x00, 0x00, 0x00, 0x00, 0x00, 0x00,
    0x00, 0x00, 0x00, 0x00, 0x00, 0x00, 0x00, 0x00, 0x00, 0x00, 0x00, 0x00, 0x00, 0x00, 0x00, 0x00,
    0x00, 0x00, 0x00, 0x00, 0x00, 0x00, 0x00, 0x00, 0x00, 0x00, 0x00, 0x00, 0x00, 0x00, 0x00, 0x00,
    0x00, 0x00, 0x00, 0x00, 0x00, 0x00, 0x00, 0x00, 0x00, 0x00, 0x00, 0x00, 0x00, 0x00, 0x00, 0x00,
    0x00, 0x00, 0x00, 0x00, 0x00, 0x00, 0x00, 0x00, 0x00, 0x00, 0x00, 0x00, 0x00, 0x00, 0x00, 0x00,
    0x00, 0x00, 0x00, 0x00, 0x00, 0x00, 0x00, 0x00, 0x00, 0x00, 0x00, 0x00, 0x00, 0x00, 0x00, 0x00,
    0x00, 0x00, 0x00, 0x00, 0x00, 0x00, 0x00, 0x00, 0x00, 0x00, 0x00, 0x00, 0x00, 0x00, 0x00, 0x00,
    0x00, 0x00, 0x00, 0x00, 0x00, 0x00, 0x00, 0x00, 0x00, 0x00, 0x00, 0x00, 0x00, 0x00, 0x00, 0x00,
    0x00, 0x00, 0x00, 0x00, 0x00, 0x00, 0x00, 0x00, 0x00, 0x00, 0x00, 0x00, 0x00, 0x00, 0x00, 0x00,
    0x00, 0x00, 0x00, 0x00, 0x00, 0x00, 0x00, 0x00, 0x00, 0x00, 0x00, 0x00, 0x00, 0x00, 0x00, 0x00,
    0x00, 0x00, 0x00, 0x00, 0x00, 0x00, 0x00, 0x00, 0x00, 0x00, 0x00, 0x00, 0x00, 0x00, 0x00, 0x00,
    0x00, 0x00, 0x00, 0x00, 0x00, 0x00, 0x00, 0x00, 0x00, 0x00, 0x00, 0x00, 0x00, 0x00, 0x00, 0x00,
    0x00, 0x00, 0x00, 0x00, 0x00, 0x00, 0x00, 0x00, 0x00, 0x00, 0x00, 0x00, 0x00, 0x00, 0x00, 0x00,
    0x00, 0x00, 0x00, 0x00, 0x00, 0x00, 0x00, 0x00, 0x00, 0x00, 0x00, 0x00, 0x00, 0x00, 0x00, 0x00,
    0x00, 0x00, 0x00, 0x00, 0x00, 0x00, 0x00, 0x00, 0x00, 0x00, 0x00, 0x00, 0x00, 0x00, 0x00, 0x00,
    0x00, 0x00, 0x00, 0x00, 0x00, 0x00, 0x00, 0x00, 0x00, 0x00, 0x00, 0x00, 0x00, 0x00, 0x00, 0x00,
    0x00, 0x00, 0x00, 0x00, 0x00, 0x00, 0x00, 0x00, 0x00, 0x00, 0x00, 0x00, 0x00, 0x00, 0x00, 0x00,
    0x00, 0x00, 0x00, 0x00, 0x00, 0x00, 0x00, 0x00, 0x00, 0x00, 0x00, 0x00, 0x00, 0x00, 0x00, 0x00,
    0x00, 0x00, 0x00, 0x00, 0x00, 0x00, 0x00, 0x00, 0x00, 0x00, 0x00, 0x00, 0x00, 0x00, 0x00, 0x00,
    0x00, 0x00, 0x00, 0x00, 0x00, 0x00, 0x00, 0x00, 0x00, 0x00, 0x00, 0x00, 0x00, 0x00, 0x00, 0x00,
    0x00, 0x00, 0x00, 0x00, 0x00, 0x00, 0x00, 0x00, 0x00, 0x00, 0x00, 0x00, 0x00, 0x00, 0x00, 0x00,
    0x00, 0x00, 0x00, 0x00, 0x00, 0x00, 0x00, 0x00, 0x00, 0x00, 0x00, 0x00, 0x00, 0x00, 0x00, 0x00,
    0x00, 0x00, 0x00, 0x00, 0x00, 0x00, 0x00, 0x00, 0x00, 0x00, 0x00, 0x00, 0x00, 0x00, 0x00, 0x00,
    0x00, 0x00, 0x00, 0x00, 0x00, 0x00, 0x00, 0x00, 0x00, 0x00, 0x00, 0x00, 0x00, 0x00, 0x00, 0x00,
    0x00, 0x00, 0x00, 0x00, 0x00, 0x00, 0x00, 0x00, 0x00, 0x00, 0x00, 0x00, 0x00, 0x00, 0x00, 0x00,
    0x00, 0x00, 0x00, 0x00, 0x00, 0x00, 0x00, 0x00, 0x00, 0x00, 0x00, 0x00, 0x00, 0x00, 0x00, 0x00,
    0x00, 0x00, 0x00, 0x00, 0x00, 0x00, 0x00, 0x00, 0x00, 0x00, 0x00, 0x00, 0x00, 0x00, 0x00, 0x00,
    0x00, 0x00, 0x00, 0x00, 0x00, 0x00, 0x00, 0x00, 0x00, 0x00, 0x00, 0x00, 0x00, 0x00, 0x00, 0x00,
    0x00, 0x00, 0x00, 0x00, 0x00, 0x00, 0x00, 0x00, 0x00, 0x00, 0x00, 0x00, 0x00, 0x00, 0x00, 0x00,
    0x00, 0x00, 0x00, 0x00, 0x00, 0x00, 0x00, 0x00, 0x00, 0x00, 0x00, 0x00, 0x00, 0x00, 0x00, 0x00,
    0x00, 0x00, 0x00, 0x00, 0x00, 0x00, 0x00, 0x00, 0x00, 0x00, 0x00, 0x00, 0x00, 0x00, 0x00, 0x00,
    0x00, 0x00, 0x00, 0x00, 0x00, 0x00, 0x00, 0x00, 0x00, 0x00, 0x00, 0x00, 0x00, 0x00, 0x00, 0x00,
    0x00, 0x00, 0x00, 0x00, 0x00, 0x00, 0x00, 0x00, 0x00, 0x00, 0x00, 0x00, 0x00, 0x00, 0x00, 0x00,
    0x00, 0x00, 0x00, 0x00, 0x00, 0x00, 0x00, 0x00, 0x00, 0x00, 0x00, 0x00, 0x00, 0x00, 0x00, 0x00,
    0x00, 0x00, 0x00, 0x00, 0x00, 0x00, 0x00, 0x00, 0x00, 0x00, 0x00, 0x00, 0x00, 0x00, 0x00, 0x00,
    0x00, 0x00, 0x00, 0x00, 0x00, 0x00, 0x00, 0x00, 0x00, 0x00, 0x00, 0x00, 0x00, 0x00, 0x00, 0x00,
    0x00, 0x00, 0x00, 0x00, 0x00, 0x00, 0x00, 0x00, 0x00, 0x00, 0x00, 0x00, 0x00, 0x00, 0x00, 0x00,
    0x00, 0x00, 0x00, 0x00, 0x00, 0x00, 0x00, 0x00, 0x00, 0x00, 0x00, 0x00, 0x00, 0x00, 0x00, 0x00,
    0x00, 0x00, 0x00, 0x00, 0x00, 0x00, 0x00, 0x00, 0x00, 0x00, 0x00, 0x00, 0x00, 0x00, 0x00, 0x00,
    0x00, 0x00, 0x00, 0x00, 0x00, 0x00, 0x00, 0x00, 0x00, 0x00, 0x00, 0x00, 0x00, 0x00, 0x00, 0x00,
    0x00, 0x00, 0x00, 0x00, 0x00, 0x00, 0x00, 0x00, 0x00, 0x00, 0x00, 0x00, 0x00, 0x00, 0x00, 0x00,
    0x00, 0x00, 0x00, 0x00, 0x00, 0x00, 0x00, 0x00, 0x00, 0x00, 0x00, 0x00, 0x00, 0x00, 0x00, 0x00,
    0x00, 0x00, 0x00, 0x00, 0x00, 0x00, 0x00, 0x00, 0x00, 0x00, 0x00, 0x00, 0x00, 0x00, 0x00, 0x00,
    0x00, 0x00, 0x00, 0x00, 0x00, 0x00, 0x00, 0x00, 0x00, 0x00, 0x00, 0x00, 0x00, 0x00, 0x00, 0x00,
    0x00, 0x00, 0x00, 0x00, 0x00, 0x00, 0x00, 0x00, 0x00, 0x00, 0x00, 0x00, 0x00, 0x00, 0x00, 0x00,
    0x00, 0x00, 0x00, 0x00, 0x00, 0x00, 0x00, 0x00, 0x00, 0x00, 0x00, 0x00, 0x00, 0x00, 0x00, 0x00,
    0x00, 0x00, 0x00, 0x00, 0x00, 0x00, 0x00, 0x00, 0x00, 0x00, 0x00, 0x00, 0x00, 0x00, 0x00, 0x00,
    0x00, 0x00, 0x00, 0x00, 0x00, 0x00, 0x00, 0x00, 0x00, 0x00, 0x00, 0x00, 0x00, 0x00, 0x00, 0x00,
    0x00, 0x00, 0x00, 0x00, 0x00, 0x00, 0x00, 0x00, 0x00, 0x00, 0x00, 0x00, 0x00, 0x00, 0x00, 0x00,
    0x00, 0x00, 0x00, 0x00, 0x00, 0x00, 0x00, 0x00, 0x00, 0x00, 0x00, 0x00, 0x00, 0x00, 0x00, 0x00,
    0x00, 0x00, 0x00, 0x00, 0x00, 0x00, 0x00, 0x00, 0x00, 0x00, 0x00, 0x00, 0x00, 0x00, 0x00, 0x00,
    0x00, 0x00, 0x00, 0x00, 0x00, 0x00, 0x00, 0x00, 0x00, 0x00, 0x00, 0x00, 0x00, 0x00, 0x00, 0x00,
    0x00, 0x00, 0x00, 0x00, 0x00, 0x00, 0x00, 0x00, 0x00, 0x00, 0x00, 0x00, 0x00, 0x00, 0x00, 0x00,
    0x00, 0x00, 0x00, 0x00, 0x00, 0x00, 0x00, 0x00, 0x00, 0x00, 0x00, 0x00, 0x00, 0x00, 0x00, 0x00,
    0x00, 0x00, 0x00, 0x00, 0x00, 0x00, 0x00, 0x00, 0x00, 0x00, 0x00, 0x00, 0x00, 0x00, 0x00, 0x00,
    0x00, 0x00, 0x00, 0x00, 0x00, 0x00, 0x00, 0x00, 0x00, 0x00, 0x00, 0x00, 0x00, 0x00, 0x00, 0x00,
    0x00, 0x00, 0x00, 0x00, 0x00, 0x00, 0x00, 0x00, 0x00, 0x00, 0x00, 0x00, 0x00, 0x00, 0x00, 0x00,
    0x00, 0x00, 0x00, 0x00, 0x00, 0x00, 0x00, 0x00, 0x00, 0x00, 0x00, 0x00, 0x00, 0x00, 0x00, 0x00,
    0x00, 0x00, 0x00, 0x00, 0x00, 0x00, 0x00, 0x00, 0x00, 0x00, 0x00, 0x00, 0x00, 0x00, 0x00, 0x00,
    0x00, 0x00, 0x00, 0x00, 0x00, 0x00, 0x00, 0x00, 0x00, 0x00, 0x00, 0x00, 0x00, 0x00, 0x00, 0x00,
    0x00, 0x00, 0x00, 0x00, 0x00, 0x00, 0x00, 0x00, 0x00, 0x00, 0x00, 0x00, 0x00, 0x00, 0x00, 0x00,
    0x00, 0x00, 0x00, 0x00, 0x00, 0x00, 0x00, 0x00, 0x00, 0x00, 0x00, 0x00, 0x00, 0x00, 0x00, 0x00,
    0x00, 0x00, 0x00, 0x00, 0x00, 0x00, 0x00, 0x00, 0x00, 0x00, 0x00, 0x00, 0x00, 0x00, 0x00, 0x00,
    0x00, 0x00, 0x00, 0x00, 0x00, 0x00, 0x00, 0x00, 0x00, 0x00, 0x00, 0x00, 0x00, 0x00, 0x00, 0x00,
    0x00, 0x00, 0x00, 0x00, 0x00, 0x00, 0x00, 0x00, 0x00, 0x00, 0x00, 0x00, 0x00, 0x00, 0x00, 0x00,
    0x00, 0x00, 0x00, 0x00, 0x00, 0x00, 0x00, 0x00, 0x00, 0x00, 0x00, 0x00, 0x00, 0x00, 0x00, 0x00,
    0x00, 0x00, 0x00, 0x00, 0x00, 0x00, 0x00, 0x00, 0x00, 0x00, 0x00, 0x00, 0x00, 0x00, 0x00, 0x00,
    0x00, 0x00, 0x00, 0x00, 0x00, 0x00, 0x00, 0x00, 0x00, 0x00, 0x00, 0x00, 0x00, 0x00, 0x00, 0x00,
    0x00, 0x00, 0x00, 0x00, 0x00, 0x00, 0x00, 0x00, 0x00, 0x00, 0x00, 0x00, 0x00, 0x00, 0x00, 0x00,
    0x00, 0x00, 0x00, 0x00, 0x00, 0x00, 0x00, 0x00, 0x00, 0x00, 0x00, 0x00, 0x00, 0x00, 0x00, 0x00,
    0x00, 0x00, 0x00, 0x00, 0x00, 0x00, 0x00, 0x00, 0x00, 0x00, 0x00, 0x00, 0x00, 0x00, 0x00, 0x00,
    0x00, 0x00, 0x00, 0x00, 0x00, 0x00, 0x00, 0x00, 0x00, 0x00, 0x00, 0x00, 0x00, 0x00, 0x00, 0x00,
    0x00, 0x00, 0x00, 0x00, 0x00, 0x00, 0x00, 0x00, 0x00, 0x00, 0x00, 0x00, 0x00, 0x00, 0x00, 0x00,
    0x00, 0x00, 0x00, 0x00, 0x00, 0x00, 0x00, 0x00, 0x00, 0x00, 0x00, 0x00, 0x00, 0x00, 0x00, 0x00,
    0x00, 0x00, 0x00, 0x00, 0x00, 0x00, 0x00, 0x00, 0x00, 0x00, 0x00, 0x00, 0x00, 0x00, 0x00, 0x00,
    0x00, 0x00, 0x00, 0x00, 0x00, 0x00, 0x00, 0x00, 0x00, 0x00, 0x00, 0x00, 0x00, 0x00, 0x00, 0x00,
    0x00, 0x00, 0x00, 0x00, 0x00, 0x00, 0x00, 0x00, 0x00, 0x00, 0x00, 0x00, 0x00, 0x00, 0x00, 0x00,
    0x00, 0x00, 0x00, 0x00, 0x00, 0x00, 0x00, 0x00, 0x00, 0x00, 0x00, 0x00, 0x00, 0x00, 0x00, 0x00,
    0x00, 0x00, 0x00, 0x00, 0x00, 0x00, 0x00, 0x00, 0x00, 0x00, 0x00, 0x00, 0x00, 0x00, 0x00, 0x00,
    0x00, 0x00, 0x00, 0x00, 0x00, 0x00, 0x00, 0x00, 0x00, 0x00, 0x00, 0x00, 0x00, 0x00, 0x00, 0x00,
    0x00, 0x00, 0x00, 0x00, 0x00, 0x00, 0x00, 0x00, 0x00, 0x00, 0x00, 0x00, 0x00, 0x00, 0x00, 0x00,
    0x00, 0x00, 0x00, 0x00, 0x00, 0x00, 0x00, 0x00, 0x00, 0x00, 0x00, 0x00, 0x00, 0x00, 0x00, 0x00,
    0x00, 0x00, 0x00, 0x00, 0x00, 0x00, 0x00, 0x00, 0x00, 0x00, 0x00, 0x00, 0x00, 0x00, 0x00, 0x00,
    0x00, 0x00, 0x00, 0x00, 0x00, 0x00, 0x00, 0x00, 0x00, 0x00, 0x00, 0x00, 0x00, 0x00, 0x00, 0x00,
    0x00, 0x00, 0x00, 0x00, 0x00, 0x00, 0x00, 0x00, 0x00, 0x00, 0x00, 0x00, 0x00, 0x00, 0x00, 0x00,
    0x00, 0x00, 0x00, 0x00, 0x00, 0x00, 0x00, 0x00, 0x00, 0x00, 0x00, 0x00, 0x00, 0x00, 0x00, 0x00,
    0x00, 0x00, 0x00, 0x00, 0x00, 0x00, 0x00, 0x00, 0x00, 0x00, 0x00, 0x00, 0x00, 0x00, 0x00, 0x00,
    0x00, 0x00, 0x00, 0x00, 0x00, 0x00, 0x00, 0x00, 0x00, 0x00, 0x00, 0x00, 0x00, 0x00, 0x00, 0x00,
    0x00, 0x00, 0x00, 0x00, 0x00, 0x00, 0x00, 0x00, 0x00, 0x00, 0x00, 0x00, 0x00, 0x00, 0x00, 0x00,
    0x00, 0x00, 0x00, 0x00, 0x00, 0x00, 0x00, 0x00, 0x00, 0x00, 0x00, 0x00, 0x00, 0x00, 0x00, 0x00,
    0x00, 0x00, 0x00, 0x00, 0x00, 0x00, 0x00, 0x00, 0x00, 0x00, 0x00, 0x00, 0x00, 0x00, 0x00, 0x00,
};

const lv_image_dsc_t idle_logo = {
    .header = {
        .magic  = LV_IMAGE_HEADER_MAGIC,
        .cf     = LV_COLOR_FORMAT_RGB565,
        .flags  = 0,
        .w      = 260,
        .h      = 170,
        .stride = 520,
    },
    .data_size = sizeof(idle_logo_map),
    .data      = idle_logo_map,
};
